ISO-10303-21;
HEADER;
FILE_DESCRIPTION((''),'2;1');
FILE_NAME('X05C2018XZ','2021-12-31T16:40:06',('\X2\83638000\X0\'),(''),
'CREO PARAMETRIC BY PTC INC, 2019080','CREO PARAMETRIC BY PTC INC, 2019080','');
FILE_SCHEMA(('CONFIG_CONTROL_DESIGN'));
ENDSEC;
DATA;
#1=DIRECTION('',(0.E0,0.E0,-1.E0));
#2=VECTOR('',#1,1.2E0);
#3=CARTESIAN_POINT('',(4.8E0,-1.E0,0.E0));
#4=LINE('',#3,#2);
#5=DIRECTION('',(1.E0,0.E0,0.E0));
#6=VECTOR('',#5,2.5E0);
#7=CARTESIAN_POINT('',(4.8E0,-1.E0,0.E0));
#8=LINE('',#7,#6);
#9=DIRECTION('',(0.E0,0.E0,-1.E0));
#10=VECTOR('',#9,1.2E0);
#11=CARTESIAN_POINT('',(7.3E0,-1.E0,0.E0));
#12=LINE('',#11,#10);
#13=DIRECTION('',(1.E0,0.E0,0.E0));
#14=VECTOR('',#13,2.5E-2);
#15=CARTESIAN_POINT('',(-4.825E0,-1.E0,-4.05E0));
#16=LINE('',#15,#14);
#17=DIRECTION('',(1.E0,0.E0,0.E0));
#18=VECTOR('',#17,1.625E0);
#19=CARTESIAN_POINT('',(-6.45E0,-1.E0,-4.4E0));
#20=LINE('',#19,#18);
#21=DIRECTION('',(0.E0,0.E0,1.E0));
#22=VECTOR('',#21,3.2E0);
#23=CARTESIAN_POINT('',(-6.45E0,-1.E0,-4.4E0));
#24=LINE('',#23,#22);
#25=DIRECTION('',(0.E0,0.E0,1.E0));
#26=VECTOR('',#25,1.2E0);
#27=CARTESIAN_POINT('',(-7.3E0,-1.E0,-1.2E0));
#28=LINE('',#27,#26);
#29=DIRECTION('',(1.E0,0.E0,0.E0));
#30=VECTOR('',#29,2.5E0);
#31=CARTESIAN_POINT('',(-7.3E0,-1.E0,0.E0));
#32=LINE('',#31,#30);
#33=DIRECTION('',(0.E0,0.E0,-1.E0));
#34=VECTOR('',#33,4.05E0);
#35=CARTESIAN_POINT('',(-4.8E0,-1.E0,0.E0));
#36=LINE('',#35,#34);
#37=DIRECTION('',(0.E0,0.E0,1.E0));
#38=VECTOR('',#37,4.02E0);
#39=CARTESIAN_POINT('',(-4.77E0,-1.E0,-4.05E0));
#40=LINE('',#39,#38);
#41=DIRECTION('',(1.E0,0.E0,0.E0));
#42=VECTOR('',#41,9.54E0);
#43=CARTESIAN_POINT('',(-4.77E0,-1.E0,-3.E-2));
#44=LINE('',#43,#42);
#45=DIRECTION('',(1.E0,0.E0,0.E0));
#46=VECTOR('',#45,9.54E0);
#47=CARTESIAN_POINT('',(-4.77E0,-1.E0,-4.05E0));
#48=LINE('',#47,#46);
#49=DIRECTION('',(1.E0,0.E0,0.E0));
#50=VECTOR('',#49,2.5E-2);
#51=CARTESIAN_POINT('',(4.8E0,-1.E0,-4.05E0));
#52=LINE('',#51,#50);
#53=DIRECTION('',(0.E0,0.E0,-1.E0));
#54=VECTOR('',#53,2.8E0);
#55=CARTESIAN_POINT('',(4.8E0,-1.E0,-1.25E0));
#56=LINE('',#55,#54);
#57=DIRECTION('',(-1.E0,0.E0,0.E0));
#58=VECTOR('',#57,1.65E0);
#59=CARTESIAN_POINT('',(6.45E0,-1.E0,-1.25E0));
#60=LINE('',#59,#58);
#61=DIRECTION('',(0.E0,0.E0,-1.E0));
#62=VECTOR('',#61,3.15E0);
#63=CARTESIAN_POINT('',(6.45E0,-1.E0,-1.25E0));
#64=LINE('',#63,#62);
#65=DIRECTION('',(1.E0,0.E0,0.E0));
#66=VECTOR('',#65,1.625E0);
#67=CARTESIAN_POINT('',(4.825E0,-1.E0,-4.4E0));
#68=LINE('',#67,#66);
#69=DIRECTION('',(0.E0,1.E0,0.E0));
#70=VECTOR('',#69,8.314113683117E-1);
#71=CARTESIAN_POINT('',(4.8E0,-1.E0,-1.2E0));
#72=LINE('',#71,#70);
#73=DIRECTION('',(0.E0,-1.E0,0.E0));
#74=VECTOR('',#73,8.314113683117E-1);
#75=CARTESIAN_POINT('',(4.8E0,-1.685886316883E-1,0.E0));
#76=LINE('',#75,#74);
#77=DIRECTION('',(0.E0,-1.E0,0.E0));
#78=VECTOR('',#77,5.E-1);
#79=CARTESIAN_POINT('',(4.8E0,-5.E-1,-4.05E0));
#80=LINE('',#79,#78);
#81=DIRECTION('',(0.E0,1.E0,0.E0));
#82=VECTOR('',#81,1.E-1);
#83=CARTESIAN_POINT('',(-4.825E0,-9.E-1,-1.2E0));
#84=LINE('',#83,#82);
#85=DIRECTION('',(-1.E0,0.E0,0.E0));
#86=VECTOR('',#85,1.625E0);
#87=CARTESIAN_POINT('',(-4.825E0,-8.E-1,-1.2E0));
#88=LINE('',#87,#86);
#89=CARTESIAN_POINT('',(-6.45E0,-7.E-1,-1.2E0));
#90=DIRECTION('',(0.E0,0.E0,-1.E0));
#91=DIRECTION('',(0.E0,-1.E0,0.E0));
#92=AXIS2_PLACEMENT_3D('',#89,#90,#91);
#94=DIRECTION('',(0.E0,1.E0,0.E0));
#95=VECTOR('',#94,5.105433372390E-1);
#96=CARTESIAN_POINT('',(-6.55E0,-7.E-1,-1.2E0));
#97=LINE('',#96,#95);
#98=DIRECTION('',(-1.E0,0.E0,0.E0));
#99=VECTOR('',#98,1.E-1);
#100=CARTESIAN_POINT('',(-6.55E0,-1.894566627610E-1,-1.2E0));
#101=LINE('',#100,#99);
#102=DIRECTION('',(0.E0,-1.E0,0.E0));
#103=VECTOR('',#102,5.105433372390E-1);
#104=CARTESIAN_POINT('',(-6.65E0,-1.894566627610E-1,-1.2E0));
#105=LINE('',#104,#103);
#106=CARTESIAN_POINT('',(-6.45E0,-7.E-1,-1.2E0));
#107=DIRECTION('',(0.E0,0.E0,1.E0));
#108=DIRECTION('',(-1.E0,0.E0,0.E0));
#109=AXIS2_PLACEMENT_3D('',#106,#107,#108);
#111=DIRECTION('',(1.E0,0.E0,0.E0));
#112=VECTOR('',#111,1.625E0);
#113=CARTESIAN_POINT('',(-6.45E0,-9.E-1,-1.2E0));
#114=LINE('',#113,#112);
#115=DIRECTION('',(0.E0,-1.E0,0.E0));
#116=VECTOR('',#115,1.E-1);
#117=CARTESIAN_POINT('',(-4.85E0,1.E0,-1.2E0));
#118=LINE('',#117,#116);
#119=DIRECTION('',(-1.E0,0.E0,0.E0));
#120=VECTOR('',#119,1.6E0);
#121=CARTESIAN_POINT('',(-4.85E0,9.E-1,-1.2E0));
#122=LINE('',#121,#120);
#123=CARTESIAN_POINT('',(-6.45E0,7.E-1,-1.2E0));
#124=DIRECTION('',(0.E0,0.E0,1.E0));
#125=DIRECTION('',(0.E0,1.E0,0.E0));
#126=AXIS2_PLACEMENT_3D('',#123,#124,#125);
#128=DIRECTION('',(0.E0,-1.E0,0.E0));
#129=VECTOR('',#128,5.105433372390E-1);
#130=CARTESIAN_POINT('',(-6.65E0,7.E-1,-1.2E0));
#131=LINE('',#130,#129);
#132=DIRECTION('',(1.E0,0.E0,0.E0));
#133=VECTOR('',#132,1.E-1);
#134=CARTESIAN_POINT('',(-6.65E0,1.894566627610E-1,-1.2E0));
#135=LINE('',#134,#133);
#136=DIRECTION('',(0.E0,1.E0,0.E0));
#137=VECTOR('',#136,5.105433372390E-1);
#138=CARTESIAN_POINT('',(-6.55E0,1.894566627610E-1,-1.2E0));
#139=LINE('',#138,#137);
#140=CARTESIAN_POINT('',(-6.45E0,7.E-1,-1.2E0));
#141=DIRECTION('',(0.E0,0.E0,-1.E0));
#142=DIRECTION('',(-1.E0,0.E0,0.E0));
#143=AXIS2_PLACEMENT_3D('',#140,#141,#142);
#145=DIRECTION('',(1.E0,0.E0,0.E0));
#146=VECTOR('',#145,1.6E0);
#147=CARTESIAN_POINT('',(-6.45E0,8.E-1,-1.2E0));
#148=LINE('',#147,#146);
#149=DIRECTION('',(0.E0,-1.E0,0.E0));
#150=VECTOR('',#149,3.E-1);
#151=CARTESIAN_POINT('',(-4.85E0,8.E-1,-1.2E0));
#152=LINE('',#151,#150);
#153=DIRECTION('',(0.E0,-1.E0,0.E0));
#154=VECTOR('',#153,6.685886316883E-1);
#155=CARTESIAN_POINT('',(4.77E0,5.E-1,-1.2E0));
#156=LINE('',#155,#154);
#157=DIRECTION('',(1.E0,0.E0,0.E0));
#158=VECTOR('',#157,3.E-2);
#159=CARTESIAN_POINT('',(4.77E0,-1.685886316883E-1,-1.2E0));
#160=LINE('',#159,#158);
#161=DIRECTION('',(1.E0,0.E0,0.E0));
#162=VECTOR('',#161,2.5E0);
#163=CARTESIAN_POINT('',(4.8E0,-1.E0,-1.2E0));
#164=LINE('',#163,#162);
#165=DIRECTION('',(0.E0,1.E0,0.E0));
#166=VECTOR('',#165,2.E0);
#167=CARTESIAN_POINT('',(7.3E0,-1.E0,-1.2E0));
#168=LINE('',#167,#166);
#169=DIRECTION('',(-1.E0,0.E0,0.E0));
#170=VECTOR('',#169,1.215E1);
#171=CARTESIAN_POINT('',(7.3E0,1.E0,-1.2E0));
#172=LINE('',#171,#170);
#173=DIRECTION('',(0.E0,0.E0,1.E0));
#174=VECTOR('',#173,2.85E0);
#175=CARTESIAN_POINT('',(-4.825E0,-9.E-1,-4.05E0));
#176=LINE('',#175,#174);
#177=DIRECTION('',(0.E0,1.E0,0.E0));
#178=VECTOR('',#177,1.3E0);
#179=CARTESIAN_POINT('',(4.825E0,-8.E-1,-4.05E0));
#180=LINE('',#179,#178);
#181=DIRECTION('',(0.E0,-1.E0,0.E0));
#182=VECTOR('',#181,1.3E0);
#183=CARTESIAN_POINT('',(-4.825E0,5.E-1,-4.05E0));
#184=LINE('',#183,#182);
#185=DIRECTION('',(0.E0,1.E0,0.E0));
#186=VECTOR('',#185,1.E-1);
#187=CARTESIAN_POINT('',(-4.825E0,-9.E-1,-4.05E0));
#188=LINE('',#187,#186);
#189=DIRECTION('',(0.E0,1.E0,0.E0));
#190=VECTOR('',#189,1.E-1);
#191=CARTESIAN_POINT('',(-4.825E0,-1.E0,-4.05E0));
#192=LINE('',#191,#190);
#193=DIRECTION('',(0.E0,-1.E0,0.E0));
#194=VECTOR('',#193,1.E-1);
#195=CARTESIAN_POINT('',(4.825E0,-9.E-1,-4.05E0));
#196=LINE('',#195,#194);
#197=DIRECTION('',(0.E0,1.E0,0.E0));
#198=VECTOR('',#197,1.E-1);
#199=CARTESIAN_POINT('',(4.825E0,-9.E-1,-4.05E0));
#200=LINE('',#199,#198);
#201=DIRECTION('',(0.E0,1.E0,0.E0));
#202=VECTOR('',#201,2.E-1);
#203=CARTESIAN_POINT('',(4.15E0,3.1E-1,-4.05E0));
#204=LINE('',#203,#202);
#205=DIRECTION('',(1.E0,0.E0,0.E0));
#206=VECTOR('',#205,2.E-1);
#207=CARTESIAN_POINT('',(4.15E0,5.1E-1,-4.05E0));
#208=LINE('',#207,#206);
#209=DIRECTION('',(0.E0,-1.E0,0.E0));
#210=VECTOR('',#209,2.E-1);
#211=CARTESIAN_POINT('',(4.35E0,5.1E-1,-4.05E0));
#212=LINE('',#211,#210);
#213=DIRECTION('',(-1.E0,0.E0,0.E0));
#214=VECTOR('',#213,2.E-1);
#215=CARTESIAN_POINT('',(4.35E0,3.1E-1,-4.05E0));
#216=LINE('',#215,#214);
#217=DIRECTION('',(1.E0,0.E0,0.E0));
#218=VECTOR('',#217,2.E-1);
#219=CARTESIAN_POINT('',(3.65E0,-3.1E-1,-4.05E0));
#220=LINE('',#219,#218);
#221=DIRECTION('',(0.E0,-1.E0,0.E0));
#222=VECTOR('',#221,2.E-1);
#223=CARTESIAN_POINT('',(3.85E0,-3.1E-1,-4.05E0));
#224=LINE('',#223,#222);
#225=DIRECTION('',(-1.E0,0.E0,0.E0));
#226=VECTOR('',#225,2.E-1);
#227=CARTESIAN_POINT('',(3.85E0,-5.1E-1,-4.05E0));
#228=LINE('',#227,#226);
#229=DIRECTION('',(0.E0,1.E0,0.E0));
#230=VECTOR('',#229,2.E-1);
#231=CARTESIAN_POINT('',(3.65E0,-5.1E-1,-4.05E0));
#232=LINE('',#231,#230);
#233=DIRECTION('',(0.E0,1.E0,0.E0));
#234=VECTOR('',#233,2.E-1);
#235=CARTESIAN_POINT('',(3.15E0,3.1E-1,-4.05E0));
#236=LINE('',#235,#234);
#237=DIRECTION('',(1.E0,0.E0,0.E0));
#238=VECTOR('',#237,2.E-1);
#239=CARTESIAN_POINT('',(3.15E0,5.1E-1,-4.05E0));
#240=LINE('',#239,#238);
#241=DIRECTION('',(0.E0,-1.E0,0.E0));
#242=VECTOR('',#241,2.E-1);
#243=CARTESIAN_POINT('',(3.35E0,5.1E-1,-4.05E0));
#244=LINE('',#243,#242);
#245=DIRECTION('',(-1.E0,0.E0,0.E0));
#246=VECTOR('',#245,2.E-1);
#247=CARTESIAN_POINT('',(3.35E0,3.1E-1,-4.05E0));
#248=LINE('',#247,#246);
#249=DIRECTION('',(1.E0,0.E0,0.E0));
#250=VECTOR('',#249,2.E-1);
#251=CARTESIAN_POINT('',(2.65E0,-3.1E-1,-4.05E0));
#252=LINE('',#251,#250);
#253=DIRECTION('',(0.E0,-1.E0,0.E0));
#254=VECTOR('',#253,2.E-1);
#255=CARTESIAN_POINT('',(2.85E0,-3.1E-1,-4.05E0));
#256=LINE('',#255,#254);
#257=DIRECTION('',(-1.E0,0.E0,0.E0));
#258=VECTOR('',#257,2.E-1);
#259=CARTESIAN_POINT('',(2.85E0,-5.1E-1,-4.05E0));
#260=LINE('',#259,#258);
#261=DIRECTION('',(0.E0,1.E0,0.E0));
#262=VECTOR('',#261,2.E-1);
#263=CARTESIAN_POINT('',(2.65E0,-5.1E-1,-4.05E0));
#264=LINE('',#263,#262);
#265=DIRECTION('',(0.E0,1.E0,0.E0));
#266=VECTOR('',#265,2.E-1);
#267=CARTESIAN_POINT('',(2.15E0,3.1E-1,-4.05E0));
#268=LINE('',#267,#266);
#269=DIRECTION('',(1.E0,0.E0,0.E0));
#270=VECTOR('',#269,2.E-1);
#271=CARTESIAN_POINT('',(2.15E0,5.1E-1,-4.05E0));
#272=LINE('',#271,#270);
#273=DIRECTION('',(0.E0,-1.E0,0.E0));
#274=VECTOR('',#273,2.E-1);
#275=CARTESIAN_POINT('',(2.35E0,5.1E-1,-4.05E0));
#276=LINE('',#275,#274);
#277=DIRECTION('',(-1.E0,0.E0,0.E0));
#278=VECTOR('',#277,2.E-1);
#279=CARTESIAN_POINT('',(2.35E0,3.1E-1,-4.05E0));
#280=LINE('',#279,#278);
#281=DIRECTION('',(1.E0,0.E0,0.E0));
#282=VECTOR('',#281,2.E-1);
#283=CARTESIAN_POINT('',(1.65E0,-3.1E-1,-4.05E0));
#284=LINE('',#283,#282);
#285=DIRECTION('',(0.E0,-1.E0,0.E0));
#286=VECTOR('',#285,2.E-1);
#287=CARTESIAN_POINT('',(1.85E0,-3.1E-1,-4.05E0));
#288=LINE('',#287,#286);
#289=DIRECTION('',(-1.E0,0.E0,0.E0));
#290=VECTOR('',#289,2.E-1);
#291=CARTESIAN_POINT('',(1.85E0,-5.1E-1,-4.05E0));
#292=LINE('',#291,#290);
#293=DIRECTION('',(0.E0,1.E0,0.E0));
#294=VECTOR('',#293,2.E-1);
#295=CARTESIAN_POINT('',(1.65E0,-5.1E-1,-4.05E0));
#296=LINE('',#295,#294);
#297=DIRECTION('',(0.E0,1.E0,0.E0));
#298=VECTOR('',#297,2.E-1);
#299=CARTESIAN_POINT('',(1.15E0,3.1E-1,-4.05E0));
#300=LINE('',#299,#298);
#301=DIRECTION('',(1.E0,0.E0,0.E0));
#302=VECTOR('',#301,2.E-1);
#303=CARTESIAN_POINT('',(1.15E0,5.1E-1,-4.05E0));
#304=LINE('',#303,#302);
#305=DIRECTION('',(0.E0,-1.E0,0.E0));
#306=VECTOR('',#305,2.E-1);
#307=CARTESIAN_POINT('',(1.35E0,5.1E-1,-4.05E0));
#308=LINE('',#307,#306);
#309=DIRECTION('',(-1.E0,0.E0,0.E0));
#310=VECTOR('',#309,2.E-1);
#311=CARTESIAN_POINT('',(1.35E0,3.1E-1,-4.05E0));
#312=LINE('',#311,#310);
#313=DIRECTION('',(1.E0,0.E0,0.E0));
#314=VECTOR('',#313,2.E-1);
#315=CARTESIAN_POINT('',(6.5E-1,-3.1E-1,-4.05E0));
#316=LINE('',#315,#314);
#317=DIRECTION('',(0.E0,-1.E0,0.E0));
#318=VECTOR('',#317,2.E-1);
#319=CARTESIAN_POINT('',(8.5E-1,-3.1E-1,-4.05E0));
#320=LINE('',#319,#318);
#321=DIRECTION('',(-1.E0,0.E0,0.E0));
#322=VECTOR('',#321,2.E-1);
#323=CARTESIAN_POINT('',(8.5E-1,-5.1E-1,-4.05E0));
#324=LINE('',#323,#322);
#325=DIRECTION('',(0.E0,1.E0,0.E0));
#326=VECTOR('',#325,2.E-1);
#327=CARTESIAN_POINT('',(6.5E-1,-5.1E-1,-4.05E0));
#328=LINE('',#327,#326);
#329=DIRECTION('',(0.E0,1.E0,0.E0));
#330=VECTOR('',#329,2.E-1);
#331=CARTESIAN_POINT('',(1.5E-1,3.1E-1,-4.05E0));
#332=LINE('',#331,#330);
#333=DIRECTION('',(1.E0,0.E0,0.E0));
#334=VECTOR('',#333,2.E-1);
#335=CARTESIAN_POINT('',(1.5E-1,5.1E-1,-4.05E0));
#336=LINE('',#335,#334);
#337=DIRECTION('',(0.E0,-1.E0,0.E0));
#338=VECTOR('',#337,2.E-1);
#339=CARTESIAN_POINT('',(3.5E-1,5.1E-1,-4.05E0));
#340=LINE('',#339,#338);
#341=DIRECTION('',(-1.E0,0.E0,0.E0));
#342=VECTOR('',#341,2.E-1);
#343=CARTESIAN_POINT('',(3.5E-1,3.1E-1,-4.05E0));
#344=LINE('',#343,#342);
#345=DIRECTION('',(1.E0,0.E0,0.E0));
#346=VECTOR('',#345,2.E-1);
#347=CARTESIAN_POINT('',(-3.5E-1,-3.1E-1,-4.05E0));
#348=LINE('',#347,#346);
#349=DIRECTION('',(0.E0,-1.E0,0.E0));
#350=VECTOR('',#349,2.E-1);
#351=CARTESIAN_POINT('',(-1.5E-1,-3.1E-1,-4.05E0));
#352=LINE('',#351,#350);
#353=DIRECTION('',(-1.E0,0.E0,0.E0));
#354=VECTOR('',#353,2.E-1);
#355=CARTESIAN_POINT('',(-1.5E-1,-5.1E-1,-4.05E0));
#356=LINE('',#355,#354);
#357=DIRECTION('',(0.E0,1.E0,0.E0));
#358=VECTOR('',#357,2.E-1);
#359=CARTESIAN_POINT('',(-3.5E-1,-5.1E-1,-4.05E0));
#360=LINE('',#359,#358);
#361=DIRECTION('',(0.E0,1.E0,0.E0));
#362=VECTOR('',#361,2.E-1);
#363=CARTESIAN_POINT('',(-8.5E-1,3.1E-1,-4.05E0));
#364=LINE('',#363,#362);
#365=DIRECTION('',(1.E0,0.E0,0.E0));
#366=VECTOR('',#365,2.E-1);
#367=CARTESIAN_POINT('',(-8.5E-1,5.1E-1,-4.05E0));
#368=LINE('',#367,#366);
#369=DIRECTION('',(0.E0,-1.E0,0.E0));
#370=VECTOR('',#369,2.E-1);
#371=CARTESIAN_POINT('',(-6.5E-1,5.1E-1,-4.05E0));
#372=LINE('',#371,#370);
#373=DIRECTION('',(-1.E0,0.E0,0.E0));
#374=VECTOR('',#373,2.E-1);
#375=CARTESIAN_POINT('',(-6.5E-1,3.1E-1,-4.05E0));
#376=LINE('',#375,#374);
#377=DIRECTION('',(1.E0,0.E0,0.E0));
#378=VECTOR('',#377,2.E-1);
#379=CARTESIAN_POINT('',(-1.35E0,-3.1E-1,-4.05E0));
#380=LINE('',#379,#378);
#381=DIRECTION('',(0.E0,-1.E0,0.E0));
#382=VECTOR('',#381,2.E-1);
#383=CARTESIAN_POINT('',(-1.15E0,-3.1E-1,-4.05E0));
#384=LINE('',#383,#382);
#385=DIRECTION('',(-1.E0,0.E0,0.E0));
#386=VECTOR('',#385,2.E-1);
#387=CARTESIAN_POINT('',(-1.15E0,-5.1E-1,-4.05E0));
#388=LINE('',#387,#386);
#389=DIRECTION('',(0.E0,1.E0,0.E0));
#390=VECTOR('',#389,2.E-1);
#391=CARTESIAN_POINT('',(-1.35E0,-5.1E-1,-4.05E0));
#392=LINE('',#391,#390);
#393=DIRECTION('',(0.E0,1.E0,0.E0));
#394=VECTOR('',#393,2.E-1);
#395=CARTESIAN_POINT('',(-1.85E0,3.1E-1,-4.05E0));
#396=LINE('',#395,#394);
#397=DIRECTION('',(1.E0,0.E0,0.E0));
#398=VECTOR('',#397,2.E-1);
#399=CARTESIAN_POINT('',(-1.85E0,5.1E-1,-4.05E0));
#400=LINE('',#399,#398);
#401=DIRECTION('',(0.E0,-1.E0,0.E0));
#402=VECTOR('',#401,2.E-1);
#403=CARTESIAN_POINT('',(-1.65E0,5.1E-1,-4.05E0));
#404=LINE('',#403,#402);
#405=DIRECTION('',(-1.E0,0.E0,0.E0));
#406=VECTOR('',#405,2.E-1);
#407=CARTESIAN_POINT('',(-1.65E0,3.1E-1,-4.05E0));
#408=LINE('',#407,#406);
#409=DIRECTION('',(1.E0,0.E0,0.E0));
#410=VECTOR('',#409,2.E-1);
#411=CARTESIAN_POINT('',(-2.35E0,-3.1E-1,-4.05E0));
#412=LINE('',#411,#410);
#413=DIRECTION('',(0.E0,-1.E0,0.E0));
#414=VECTOR('',#413,2.E-1);
#415=CARTESIAN_POINT('',(-2.15E0,-3.1E-1,-4.05E0));
#416=LINE('',#415,#414);
#417=DIRECTION('',(-1.E0,0.E0,0.E0));
#418=VECTOR('',#417,2.E-1);
#419=CARTESIAN_POINT('',(-2.15E0,-5.1E-1,-4.05E0));
#420=LINE('',#419,#418);
#421=DIRECTION('',(0.E0,1.E0,0.E0));
#422=VECTOR('',#421,2.E-1);
#423=CARTESIAN_POINT('',(-2.35E0,-5.1E-1,-4.05E0));
#424=LINE('',#423,#422);
#425=DIRECTION('',(0.E0,1.E0,0.E0));
#426=VECTOR('',#425,2.E-1);
#427=CARTESIAN_POINT('',(-2.85E0,3.1E-1,-4.05E0));
#428=LINE('',#427,#426);
#429=DIRECTION('',(1.E0,0.E0,0.E0));
#430=VECTOR('',#429,2.E-1);
#431=CARTESIAN_POINT('',(-2.85E0,5.1E-1,-4.05E0));
#432=LINE('',#431,#430);
#433=DIRECTION('',(0.E0,-1.E0,0.E0));
#434=VECTOR('',#433,2.E-1);
#435=CARTESIAN_POINT('',(-2.65E0,5.1E-1,-4.05E0));
#436=LINE('',#435,#434);
#437=DIRECTION('',(-1.E0,0.E0,0.E0));
#438=VECTOR('',#437,2.E-1);
#439=CARTESIAN_POINT('',(-2.65E0,3.1E-1,-4.05E0));
#440=LINE('',#439,#438);
#441=DIRECTION('',(1.E0,0.E0,0.E0));
#442=VECTOR('',#441,2.E-1);
#443=CARTESIAN_POINT('',(-3.35E0,-3.1E-1,-4.05E0));
#444=LINE('',#443,#442);
#445=DIRECTION('',(0.E0,-1.E0,0.E0));
#446=VECTOR('',#445,2.E-1);
#447=CARTESIAN_POINT('',(-3.15E0,-3.1E-1,-4.05E0));
#448=LINE('',#447,#446);
#449=DIRECTION('',(-1.E0,0.E0,0.E0));
#450=VECTOR('',#449,2.E-1);
#451=CARTESIAN_POINT('',(-3.15E0,-5.1E-1,-4.05E0));
#452=LINE('',#451,#450);
#453=DIRECTION('',(0.E0,1.E0,0.E0));
#454=VECTOR('',#453,2.E-1);
#455=CARTESIAN_POINT('',(-3.35E0,-5.1E-1,-4.05E0));
#456=LINE('',#455,#454);
#457=DIRECTION('',(0.E0,1.E0,0.E0));
#458=VECTOR('',#457,2.E-1);
#459=CARTESIAN_POINT('',(-3.85E0,3.1E-1,-4.05E0));
#460=LINE('',#459,#458);
#461=DIRECTION('',(1.E0,0.E0,0.E0));
#462=VECTOR('',#461,2.E-1);
#463=CARTESIAN_POINT('',(-3.85E0,5.1E-1,-4.05E0));
#464=LINE('',#463,#462);
#465=DIRECTION('',(0.E0,-1.E0,0.E0));
#466=VECTOR('',#465,2.E-1);
#467=CARTESIAN_POINT('',(-3.65E0,5.1E-1,-4.05E0));
#468=LINE('',#467,#466);
#469=DIRECTION('',(-1.E0,0.E0,0.E0));
#470=VECTOR('',#469,2.E-1);
#471=CARTESIAN_POINT('',(-3.65E0,3.1E-1,-4.05E0));
#472=LINE('',#471,#470);
#473=DIRECTION('',(1.E0,0.E0,0.E0));
#474=VECTOR('',#473,2.E-1);
#475=CARTESIAN_POINT('',(-4.35E0,-3.1E-1,-4.05E0));
#476=LINE('',#475,#474);
#477=DIRECTION('',(0.E0,-1.E0,0.E0));
#478=VECTOR('',#477,2.E-1);
#479=CARTESIAN_POINT('',(-4.15E0,-3.1E-1,-4.05E0));
#480=LINE('',#479,#478);
#481=DIRECTION('',(-1.E0,0.E0,0.E0));
#482=VECTOR('',#481,2.E-1);
#483=CARTESIAN_POINT('',(-4.15E0,-5.1E-1,-4.05E0));
#484=LINE('',#483,#482);
#485=DIRECTION('',(0.E0,1.E0,0.E0));
#486=VECTOR('',#485,2.E-1);
#487=CARTESIAN_POINT('',(-4.35E0,-5.1E-1,-4.05E0));
#488=LINE('',#487,#486);
#489=DIRECTION('',(0.E0,0.E0,-1.E0));
#490=VECTOR('',#489,3.E-1);
#491=CARTESIAN_POINT('',(4.825E0,9.E-1,-4.1E0));
#492=LINE('',#491,#490);
#493=DIRECTION('',(0.E0,1.E0,0.E0));
#494=VECTOR('',#493,1.E-1);
#495=CARTESIAN_POINT('',(4.825E0,9.E-1,-4.4E0));
#496=LINE('',#495,#494);
#497=DIRECTION('',(0.E0,-1.E0,0.E0));
#498=VECTOR('',#497,1.E-1);
#499=CARTESIAN_POINT('',(4.825E0,1.E0,-4.1E0));
#500=LINE('',#499,#498);
#501=DIRECTION('',(0.E0,1.E0,0.E0));
#502=VECTOR('',#501,1.E-1);
#503=CARTESIAN_POINT('',(4.825E0,-1.E0,-4.4E0));
#504=LINE('',#503,#502);
#505=DIRECTION('',(0.E0,0.E0,-1.E0));
#506=VECTOR('',#505,3.5E-1);
#507=CARTESIAN_POINT('',(4.825E0,-9.E-1,-4.05E0));
#508=LINE('',#507,#506);
#509=DIRECTION('',(0.E0,0.E0,-1.E0));
#510=VECTOR('',#509,3.5E-1);
#511=CARTESIAN_POINT('',(4.825E0,-1.E0,-4.05E0));
#512=LINE('',#511,#510);
#513=DIRECTION('',(0.E0,1.E0,0.E0));
#514=VECTOR('',#513,1.6E0);
#515=CARTESIAN_POINT('',(4.825E0,-8.E-1,-4.4E0));
#516=LINE('',#515,#514);
#517=DIRECTION('',(0.E0,0.E0,-1.E0));
#518=VECTOR('',#517,3.E-1);
#519=CARTESIAN_POINT('',(4.825E0,8.E-1,-4.1E0));
#520=LINE('',#519,#518);
#521=DIRECTION('',(0.E0,-1.E0,0.E0));
#522=VECTOR('',#521,1.2E-1);
#523=CARTESIAN_POINT('',(4.825E0,8.E-1,-4.1E0));
#524=LINE('',#523,#522);
#525=DIRECTION('',(0.E0,0.E0,-1.E0));
#526=VECTOR('',#525,3.5E-1);
#527=CARTESIAN_POINT('',(4.825E0,-8.E-1,-4.05E0));
#528=LINE('',#527,#526);
#529=DIRECTION('',(1.E0,0.E0,0.E0));
#530=VECTOR('',#529,1.625E0);
#531=CARTESIAN_POINT('',(4.825E0,-8.E-1,-4.4E0));
#532=LINE('',#531,#530);
#533=CARTESIAN_POINT('',(6.45E0,-7.E-1,-4.4E0));
#534=DIRECTION('',(0.E0,0.E0,-1.E0));
#535=DIRECTION('',(1.E0,1.221245327088E-14,0.E0));
#536=AXIS2_PLACEMENT_3D('',#533,#534,#535);
#538=DIRECTION('',(0.E0,1.E0,0.E0));
#539=VECTOR('',#538,5.105433372390E-1);
#540=CARTESIAN_POINT('',(6.55E0,-7.E-1,-4.4E0));
#541=LINE('',#540,#539);
#542=DIRECTION('',(1.E0,0.E0,0.E0));
#543=VECTOR('',#542,1.E-1);
#544=CARTESIAN_POINT('',(6.55E0,-1.894566627610E-1,-4.4E0));
#545=LINE('',#544,#543);
#546=DIRECTION('',(0.E0,-1.E0,0.E0));
#547=VECTOR('',#546,5.105433372390E-1);
#548=CARTESIAN_POINT('',(6.65E0,-1.894566627610E-1,-4.4E0));
#549=LINE('',#548,#547);
#550=CARTESIAN_POINT('',(6.45E0,-7.E-1,-4.4E0));
#551=DIRECTION('',(0.E0,0.E0,-1.E0));
#552=DIRECTION('',(1.E0,0.E0,0.E0));
#553=AXIS2_PLACEMENT_3D('',#550,#551,#552);
#555=DIRECTION('',(-1.E0,0.E0,0.E0));
#556=VECTOR('',#555,1.625E0);
#557=CARTESIAN_POINT('',(6.45E0,-9.E-1,-4.4E0));
#558=LINE('',#557,#556);
#559=CARTESIAN_POINT('',(6.45E0,-7.E-1,-4.4E0));
#560=DIRECTION('',(0.E0,0.E0,-1.E0));
#561=DIRECTION('',(1.E0,0.E0,0.E0));
#562=AXIS2_PLACEMENT_3D('',#559,#560,#561);
#564=CARTESIAN_POINT('',(6.45E0,7.E-1,-4.4E0));
#565=DIRECTION('',(0.E0,0.E0,-1.E0));
#566=DIRECTION('',(0.E0,1.E0,0.E0));
#567=AXIS2_PLACEMENT_3D('',#564,#565,#566);
#569=DIRECTION('',(1.E0,0.E0,0.E0));
#570=VECTOR('',#569,1.625E0);
#571=CARTESIAN_POINT('',(4.825E0,9.E-1,-4.4E0));
#572=LINE('',#571,#570);
#573=CARTESIAN_POINT('',(6.45E0,7.E-1,-4.4E0));
#574=DIRECTION('',(0.E0,0.E0,-1.E0));
#575=DIRECTION('',(0.E0,1.E0,0.E0));
#576=AXIS2_PLACEMENT_3D('',#573,#574,#575);
#578=DIRECTION('',(0.E0,-1.E0,0.E0));
#579=VECTOR('',#578,5.105433372390E-1);
#580=CARTESIAN_POINT('',(6.65E0,7.E-1,-4.4E0));
#581=LINE('',#580,#579);
#582=DIRECTION('',(-1.E0,0.E0,0.E0));
#583=VECTOR('',#582,1.E-1);
#584=CARTESIAN_POINT('',(6.65E0,1.894566627610E-1,-4.4E0));
#585=LINE('',#584,#583);
#586=DIRECTION('',(0.E0,1.E0,0.E0));
#587=VECTOR('',#586,5.105433372390E-1);
#588=CARTESIAN_POINT('',(6.55E0,1.894566627610E-1,-4.4E0));
#589=LINE('',#588,#587);
#590=CARTESIAN_POINT('',(6.45E0,7.E-1,-4.4E0));
#591=DIRECTION('',(0.E0,0.E0,-1.E0));
#592=DIRECTION('',(-1.776356839400E-14,1.E0,0.E0));
#593=AXIS2_PLACEMENT_3D('',#590,#591,#592);
#595=DIRECTION('',(-1.E0,0.E0,0.E0));
#596=VECTOR('',#595,1.625E0);
#597=CARTESIAN_POINT('',(6.45E0,8.E-1,-4.4E0));
#598=LINE('',#597,#596);
#599=DIRECTION('',(1.E0,0.E0,0.E0));
#600=VECTOR('',#599,1.625E0);
#601=CARTESIAN_POINT('',(-6.45E0,8.E-1,-4.4E0));
#602=LINE('',#601,#600);
#603=CARTESIAN_POINT('',(-6.45E0,7.E-1,-4.4E0));
#604=DIRECTION('',(0.E0,0.E0,1.E0));
#605=DIRECTION('',(0.E0,1.E0,0.E0));
#606=AXIS2_PLACEMENT_3D('',#603,#604,#605);
#608=DIRECTION('',(0.E0,1.E0,0.E0));
#609=VECTOR('',#608,5.105433372390E-1);
#610=CARTESIAN_POINT('',(-6.55E0,1.894566627610E-1,-4.4E0));
#611=LINE('',#610,#609);
#612=DIRECTION('',(1.E0,0.E0,0.E0));
#613=VECTOR('',#612,1.E-1);
#614=CARTESIAN_POINT('',(-6.65E0,1.894566627610E-1,-4.4E0));
#615=LINE('',#614,#613);
#616=DIRECTION('',(0.E0,-1.E0,0.E0));
#617=VECTOR('',#616,5.105433372390E-1);
#618=CARTESIAN_POINT('',(-6.65E0,7.E-1,-4.4E0));
#619=LINE('',#618,#617);
#620=CARTESIAN_POINT('',(-6.45E0,7.E-1,-4.4E0));
#621=DIRECTION('',(0.E0,0.E0,1.E0));
#622=DIRECTION('',(0.E0,1.E0,0.E0));
#623=AXIS2_PLACEMENT_3D('',#620,#621,#622);
#625=DIRECTION('',(-1.E0,0.E0,0.E0));
#626=VECTOR('',#625,1.625E0);
#627=CARTESIAN_POINT('',(-4.825E0,9.E-1,-4.4E0));
#628=LINE('',#627,#626);
#629=CARTESIAN_POINT('',(-6.45E0,7.E-1,-4.4E0));
#630=DIRECTION('',(0.E0,0.E0,-1.E0));
#631=DIRECTION('',(-1.E0,0.E0,0.E0));
#632=AXIS2_PLACEMENT_3D('',#629,#630,#631);
#634=DIRECTION('',(0.E0,-1.E0,0.E0));
#635=VECTOR('',#634,1.4E0);
#636=CARTESIAN_POINT('',(-6.75E0,7.E-1,-4.4E0));
#637=LINE('',#636,#635);
#638=CARTESIAN_POINT('',(-6.45E0,-7.E-1,-4.4E0));
#639=DIRECTION('',(0.E0,0.E0,-1.E0));
#640=DIRECTION('',(0.E0,-1.E0,0.E0));
#641=AXIS2_PLACEMENT_3D('',#638,#639,#640);
#643=DIRECTION('',(1.E0,0.E0,0.E0));
#644=VECTOR('',#643,1.625E0);
#645=CARTESIAN_POINT('',(-6.45E0,-9.E-1,-4.4E0));
#646=LINE('',#645,#644);
#647=CARTESIAN_POINT('',(-6.45E0,-7.E-1,-4.4E0));
#648=DIRECTION('',(0.E0,0.E0,1.E0));
#649=DIRECTION('',(-1.E0,0.E0,0.E0));
#650=AXIS2_PLACEMENT_3D('',#647,#648,#649);
#652=DIRECTION('',(0.E0,-1.E0,0.E0));
#653=VECTOR('',#652,5.105433372390E-1);
#654=CARTESIAN_POINT('',(-6.65E0,-1.894566627610E-1,-4.4E0));
#655=LINE('',#654,#653);
#656=DIRECTION('',(-1.E0,0.E0,0.E0));
#657=VECTOR('',#656,1.E-1);
#658=CARTESIAN_POINT('',(-6.55E0,-1.894566627610E-1,-4.4E0));
#659=LINE('',#658,#657);
#660=DIRECTION('',(0.E0,1.E0,0.E0));
#661=VECTOR('',#660,5.105433372390E-1);
#662=CARTESIAN_POINT('',(-6.55E0,-7.E-1,-4.4E0));
#663=LINE('',#662,#661);
#664=CARTESIAN_POINT('',(-6.45E0,-7.E-1,-4.4E0));
#665=DIRECTION('',(0.E0,0.E0,1.E0));
#666=DIRECTION('',(-1.E0,0.E0,0.E0));
#667=AXIS2_PLACEMENT_3D('',#664,#665,#666);
#669=DIRECTION('',(-1.E0,0.E0,0.E0));
#670=VECTOR('',#669,1.625E0);
#671=CARTESIAN_POINT('',(-4.825E0,-8.E-1,-4.4E0));
#672=LINE('',#671,#670);
#673=DIRECTION('',(0.E0,0.E0,1.E0));
#674=VECTOR('',#673,2.8E0);
#675=CARTESIAN_POINT('',(4.825E0,-8.E-1,-4.05E0));
#676=LINE('',#675,#674);
#677=DIRECTION('',(0.E0,0.E0,1.E0));
#678=VECTOR('',#677,2.8E0);
#679=CARTESIAN_POINT('',(4.825E0,-9.E-1,-4.05E0));
#680=LINE('',#679,#678);
#681=DIRECTION('',(0.E0,0.E0,1.E0));
#682=VECTOR('',#681,3.15E0);
#683=CARTESIAN_POINT('',(6.45E0,-9.E-1,-4.4E0));
#684=LINE('',#683,#682);
#685=DIRECTION('',(0.E0,0.E0,1.E0));
#686=VECTOR('',#685,3.15E0);
#687=CARTESIAN_POINT('',(6.65E0,-7.E-1,-4.4E0));
#688=LINE('',#687,#686);
#689=DIRECTION('',(0.E0,0.E0,1.E0));
#690=VECTOR('',#689,3.15E0);
#691=CARTESIAN_POINT('',(6.65E0,-1.894566627610E-1,-4.4E0));
#692=LINE('',#691,#690);
#693=DIRECTION('',(0.E0,0.E0,1.E0));
#694=VECTOR('',#693,3.15E0);
#695=CARTESIAN_POINT('',(6.55E0,-1.894566627610E-1,-4.4E0));
#696=LINE('',#695,#694);
#697=DIRECTION('',(0.E0,0.E0,1.E0));
#698=VECTOR('',#697,3.15E0);
#699=CARTESIAN_POINT('',(6.55E0,-7.E-1,-4.4E0));
#700=LINE('',#699,#698);
#701=DIRECTION('',(0.E0,0.E0,1.E0));
#702=VECTOR('',#701,3.15E0);
#703=CARTESIAN_POINT('',(6.45E0,-8.E-1,-4.4E0));
#704=LINE('',#703,#702);
#705=DIRECTION('',(1.E0,0.E0,0.E0));
#706=VECTOR('',#705,1.625E0);
#707=CARTESIAN_POINT('',(4.825E0,-8.E-1,-1.25E0));
#708=LINE('',#707,#706);
#709=DIRECTION('',(0.E0,1.E0,0.E0));
#710=VECTOR('',#709,1.E-1);
#711=CARTESIAN_POINT('',(4.825E0,-9.E-1,-1.25E0));
#712=LINE('',#711,#710);
#713=DIRECTION('',(-1.E0,0.E0,0.E0));
#714=VECTOR('',#713,1.625E0);
#715=CARTESIAN_POINT('',(6.45E0,-9.E-1,-1.25E0));
#716=LINE('',#715,#714);
#717=CARTESIAN_POINT('',(6.45E0,-7.E-1,-1.25E0));
#718=DIRECTION('',(0.E0,0.E0,-1.E0));
#719=DIRECTION('',(1.E0,0.E0,0.E0));
#720=AXIS2_PLACEMENT_3D('',#717,#718,#719);
#722=DIRECTION('',(0.E0,-1.E0,0.E0));
#723=VECTOR('',#722,5.105433372390E-1);
#724=CARTESIAN_POINT('',(6.65E0,-1.894566627610E-1,-1.25E0));
#725=LINE('',#724,#723);
#726=DIRECTION('',(1.E0,0.E0,0.E0));
#727=VECTOR('',#726,1.E-1);
#728=CARTESIAN_POINT('',(6.55E0,-1.894566627610E-1,-1.25E0));
#729=LINE('',#728,#727);
#730=DIRECTION('',(0.E0,1.E0,0.E0));
#731=VECTOR('',#730,5.105433372390E-1);
#732=CARTESIAN_POINT('',(6.55E0,-7.E-1,-1.25E0));
#733=LINE('',#732,#731);
#734=CARTESIAN_POINT('',(6.45E0,-7.E-1,-1.25E0));
#735=DIRECTION('',(0.E0,0.E0,-1.E0));
#736=DIRECTION('',(1.E0,1.110223024625E-14,0.E0));
#737=AXIS2_PLACEMENT_3D('',#734,#735,#736);
#739=DIRECTION('',(0.E0,1.E0,0.E0));
#740=VECTOR('',#739,5.105433372390E-1);
#741=CARTESIAN_POINT('',(6.55E0,1.894566627610E-1,-1.25E0));
#742=LINE('',#741,#740);
#743=DIRECTION('',(-1.E0,0.E0,0.E0));
#744=VECTOR('',#743,1.E-1);
#745=CARTESIAN_POINT('',(6.65E0,1.894566627610E-1,-1.25E0));
#746=LINE('',#745,#744);
#747=DIRECTION('',(0.E0,-1.E0,0.E0));
#748=VECTOR('',#747,5.105433372390E-1);
#749=CARTESIAN_POINT('',(6.65E0,7.E-1,-1.25E0));
#750=LINE('',#749,#748);
#751=CARTESIAN_POINT('',(6.45E0,7.E-1,-1.25E0));
#752=DIRECTION('',(0.E0,0.E0,-1.E0));
#753=DIRECTION('',(0.E0,1.E0,0.E0));
#754=AXIS2_PLACEMENT_3D('',#751,#752,#753);
#756=DIRECTION('',(1.E0,0.E0,0.E0));
#757=VECTOR('',#756,1.6E0);
#758=CARTESIAN_POINT('',(4.85E0,9.E-1,-1.25E0));
#759=LINE('',#758,#757);
#760=DIRECTION('',(0.E0,-1.E0,0.E0));
#761=VECTOR('',#760,1.E-1);
#762=CARTESIAN_POINT('',(4.85E0,1.E0,-1.25E0));
#763=LINE('',#762,#761);
#764=CARTESIAN_POINT('',(6.45E0,7.E-1,-1.25E0));
#765=DIRECTION('',(0.E0,0.E0,1.E0));
#766=DIRECTION('',(1.E0,0.E0,0.E0));
#767=AXIS2_PLACEMENT_3D('',#764,#765,#766);
#769=CARTESIAN_POINT('',(6.45E0,-7.E-1,-1.25E0));
#770=DIRECTION('',(0.E0,0.E0,1.E0));
#771=DIRECTION('',(0.E0,-1.E0,0.E0));
#772=AXIS2_PLACEMENT_3D('',#769,#770,#771);
#774=DIRECTION('',(0.E0,1.E0,0.E0));
#775=VECTOR('',#774,5.E-1);
#776=CARTESIAN_POINT('',(4.8E0,-1.E0,-1.25E0));
#777=LINE('',#776,#775);
#778=DIRECTION('',(1.E0,0.E0,0.E0));
#779=VECTOR('',#778,3.E-2);
#780=CARTESIAN_POINT('',(4.77E0,-5.E-1,-1.25E0));
#781=LINE('',#780,#779);
#782=DIRECTION('',(0.E0,-1.E0,0.E0));
#783=VECTOR('',#782,1.E0);
#784=CARTESIAN_POINT('',(4.77E0,5.E-1,-1.25E0));
#785=LINE('',#784,#783);
#786=DIRECTION('',(1.E0,0.E0,0.E0));
#787=VECTOR('',#786,9.6E0);
#788=CARTESIAN_POINT('',(-4.8E0,1.E0,-1.25E0));
#789=LINE('',#788,#787);
#790=DIRECTION('',(0.E0,-1.E0,0.E0));
#791=VECTOR('',#790,5.E-1);
#792=CARTESIAN_POINT('',(4.8E0,1.E0,-1.25E0));
#793=LINE('',#792,#791);
#794=DIRECTION('',(-1.E0,0.E0,0.E0));
#795=VECTOR('',#794,5.E-2);
#796=CARTESIAN_POINT('',(4.85E0,5.E-1,-1.25E0));
#797=LINE('',#796,#795);
#798=DIRECTION('',(0.E0,-1.E0,0.E0));
#799=VECTOR('',#798,3.E-1);
#800=CARTESIAN_POINT('',(4.85E0,8.E-1,-1.25E0));
#801=LINE('',#800,#799);
#802=DIRECTION('',(-1.E0,0.E0,0.E0));
#803=VECTOR('',#802,1.6E0);
#804=CARTESIAN_POINT('',(6.45E0,8.E-1,-1.25E0));
#805=LINE('',#804,#803);
#806=CARTESIAN_POINT('',(6.45E0,7.E-1,-1.25E0));
#807=DIRECTION('',(0.E0,0.E0,-1.E0));
#808=DIRECTION('',(-1.776356839400E-14,1.E0,0.E0));
#809=AXIS2_PLACEMENT_3D('',#806,#807,#808);
#811=DIRECTION('',(0.E0,0.E0,1.E0));
#812=VECTOR('',#811,3.15E0);
#813=CARTESIAN_POINT('',(6.55E0,1.894566627610E-1,-4.4E0));
#814=LINE('',#813,#812);
#815=DIRECTION('',(0.E0,0.E0,1.E0));
#816=VECTOR('',#815,3.15E0);
#817=CARTESIAN_POINT('',(6.65E0,1.894566627610E-1,-4.4E0));
#818=LINE('',#817,#816);
#819=DIRECTION('',(0.E0,0.E0,1.E0));
#820=VECTOR('',#819,3.15E0);
#821=CARTESIAN_POINT('',(6.65E0,7.E-1,-4.4E0));
#822=LINE('',#821,#820);
#823=DIRECTION('',(0.E0,0.E0,1.E0));
#824=VECTOR('',#823,3.15E0);
#825=CARTESIAN_POINT('',(6.45E0,9.E-1,-4.4E0));
#826=LINE('',#825,#824);
#827=DIRECTION('',(0.E0,0.E0,1.E0));
#828=VECTOR('',#827,3.15E0);
#829=CARTESIAN_POINT('',(6.55E0,7.E-1,-4.4E0));
#830=LINE('',#829,#828);
#831=DIRECTION('',(0.E0,0.E0,1.E0));
#832=VECTOR('',#831,3.15E0);
#833=CARTESIAN_POINT('',(6.45E0,8.E-1,-4.4E0));
#834=LINE('',#833,#832);
#835=DIRECTION('',(0.E0,0.E0,-1.E0));
#836=VECTOR('',#835,2.85E0);
#837=CARTESIAN_POINT('',(4.85E0,8.E-1,-1.25E0));
#838=LINE('',#837,#836);
#839=DIRECTION('',(0.E0,0.E0,1.E0));
#840=VECTOR('',#839,5.E-2);
#841=CARTESIAN_POINT('',(4.85E0,6.8E-1,-4.15E0));
#842=LINE('',#841,#840);
#843=DIRECTION('',(0.E0,-1.E0,0.E0));
#844=VECTOR('',#843,1.2E-1);
#845=CARTESIAN_POINT('',(4.85E0,8.E-1,-4.1E0));
#846=LINE('',#845,#844);
#847=DIRECTION('',(0.E0,0.E0,-1.E0));
#848=VECTOR('',#847,2.85E0);
#849=CARTESIAN_POINT('',(4.85E0,9.E-1,-1.25E0));
#850=LINE('',#849,#848);
#851=DIRECTION('',(0.E0,-1.E0,0.E0));
#852=VECTOR('',#851,1.E-1);
#853=CARTESIAN_POINT('',(4.85E0,1.E0,-4.1E0));
#854=LINE('',#853,#852);
#855=DIRECTION('',(1.776356839400E-14,0.E0,-1.E0));
#856=VECTOR('',#855,1.E-1);
#857=CARTESIAN_POINT('',(4.825E0,5.E-1,-4.05E0));
#858=LINE('',#857,#856);
#859=DIRECTION('',(-1.E0,0.E0,0.E0));
#860=VECTOR('',#859,2.5E-2);
#861=CARTESIAN_POINT('',(4.85E0,5.E-1,-4.15E0));
#862=LINE('',#861,#860);
#863=DIRECTION('',(0.E0,0.E0,-1.E0));
#864=VECTOR('',#863,2.9E0);
#865=CARTESIAN_POINT('',(4.85E0,5.E-1,-1.25E0));
#866=LINE('',#865,#864);
#867=DIRECTION('',(0.E0,0.E0,1.E0));
#868=VECTOR('',#867,2.8E0);
#869=CARTESIAN_POINT('',(4.8E0,5.E-1,-4.05E0));
#870=LINE('',#869,#868);
#871=DIRECTION('',(1.E0,0.E0,0.E0));
#872=VECTOR('',#871,2.5E-2);
#873=CARTESIAN_POINT('',(4.8E0,5.E-1,-4.05E0));
#874=LINE('',#873,#872);
#875=DIRECTION('',(0.E0,0.E0,1.E0));
#876=VECTOR('',#875,1.E-1);
#877=CARTESIAN_POINT('',(-4.825E0,5.E-1,-4.15E0));
#878=LINE('',#877,#876);
#879=DIRECTION('',(1.E0,0.E0,0.E0));
#880=VECTOR('',#879,2.5E-2);
#881=CARTESIAN_POINT('',(-4.825E0,5.E-1,-4.05E0));
#882=LINE('',#881,#880);
#883=DIRECTION('',(0.E0,0.E0,-1.E0));
#884=VECTOR('',#883,2.8E0);
#885=CARTESIAN_POINT('',(-4.8E0,5.E-1,-1.25E0));
#886=LINE('',#885,#884);
#887=DIRECTION('',(-1.E0,0.E0,0.E0));
#888=VECTOR('',#887,9.57E0);
#889=CARTESIAN_POINT('',(4.77E0,5.E-1,-1.25E0));
#890=LINE('',#889,#888);
#891=DIRECTION('',(1.E0,0.E0,0.E0));
#892=VECTOR('',#891,9.62E0);
#893=CARTESIAN_POINT('',(-4.85E0,5.E-1,-1.2E0));
#894=LINE('',#893,#892);
#895=DIRECTION('',(0.E0,0.E0,1.E0));
#896=VECTOR('',#895,2.95E0);
#897=CARTESIAN_POINT('',(-4.85E0,5.E-1,-4.15E0));
#898=LINE('',#897,#896);
#899=DIRECTION('',(-1.E0,0.E0,0.E0));
#900=VECTOR('',#899,2.5E-2);
#901=CARTESIAN_POINT('',(-4.825E0,5.E-1,-4.15E0));
#902=LINE('',#901,#900);
#903=DIRECTION('',(0.E0,1.E0,0.E0));
#904=VECTOR('',#903,1.8E-1);
#905=CARTESIAN_POINT('',(4.825E0,5.E-1,-4.15E0));
#906=LINE('',#905,#904);
#907=DIRECTION('',(-1.E0,0.E0,0.E0));
#908=VECTOR('',#907,2.5E-2);
#909=CARTESIAN_POINT('',(4.85E0,6.8E-1,-4.15E0));
#910=LINE('',#909,#908);
#911=DIRECTION('',(0.E0,-1.E0,0.E0));
#912=VECTOR('',#911,1.8E-1);
#913=CARTESIAN_POINT('',(4.85E0,6.8E-1,-4.15E0));
#914=LINE('',#913,#912);
#915=DIRECTION('',(0.E0,1.E0,0.E0));
#916=VECTOR('',#915,1.8E-1);
#917=CARTESIAN_POINT('',(-4.825E0,5.E-1,-4.15E0));
#918=LINE('',#917,#916);
#919=DIRECTION('',(-1.E0,0.E0,0.E0));
#920=VECTOR('',#919,2.5E-2);
#921=CARTESIAN_POINT('',(-4.825E0,6.8E-1,-4.15E0));
#922=LINE('',#921,#920);
#923=DIRECTION('',(0.E0,0.E0,-1.E0));
#924=VECTOR('',#923,5.E-2);
#925=CARTESIAN_POINT('',(4.825E0,6.8E-1,-4.1E0));
#926=LINE('',#925,#924);
#927=DIRECTION('',(-1.E0,0.E0,0.E0));
#928=VECTOR('',#927,2.5E-2);
#929=CARTESIAN_POINT('',(4.85E0,6.8E-1,-4.1E0));
#930=LINE('',#929,#928);
#931=DIRECTION('',(-1.E0,0.E0,3.552713678800E-14));
#932=VECTOR('',#931,2.5E-2);
#933=CARTESIAN_POINT('',(-4.825E0,6.8E-1,-4.1E0));
#934=LINE('',#933,#932);
#935=DIRECTION('',(0.E0,0.E0,1.E0));
#936=VECTOR('',#935,5.E-2);
#937=CARTESIAN_POINT('',(-4.825E0,6.8E-1,-4.15E0));
#938=LINE('',#937,#936);
#939=DIRECTION('',(-1.E0,0.E0,0.E0));
#940=VECTOR('',#939,2.5E-2);
#941=CARTESIAN_POINT('',(4.85E0,8.E-1,-4.1E0));
#942=LINE('',#941,#940);
#943=DIRECTION('',(-1.E0,0.E0,0.E0));
#944=VECTOR('',#943,2.5E-2);
#945=CARTESIAN_POINT('',(4.85E0,9.E-1,-4.1E0));
#946=LINE('',#945,#944);
#947=DIRECTION('',(1.E0,0.E0,0.E0));
#948=VECTOR('',#947,1.625E0);
#949=CARTESIAN_POINT('',(-6.45E0,1.E0,-4.4E0));
#950=LINE('',#949,#948);
#951=DIRECTION('',(0.E0,0.E0,1.E0));
#952=VECTOR('',#951,3.E-1);
#953=CARTESIAN_POINT('',(-4.825E0,1.E0,-4.4E0));
#954=LINE('',#953,#952);
#955=DIRECTION('',(-1.E0,0.E0,3.552713678800E-14));
#956=VECTOR('',#955,2.5E-2);
#957=CARTESIAN_POINT('',(-4.825E0,1.E0,-4.1E0));
#958=LINE('',#957,#956);
#959=DIRECTION('',(0.E0,0.E0,1.E0));
#960=VECTOR('',#959,2.9E0);
#961=CARTESIAN_POINT('',(-4.85E0,1.E0,-4.1E0));
#962=LINE('',#961,#960);
#963=DIRECTION('',(0.E0,0.E0,-1.E0));
#964=VECTOR('',#963,1.2E0);
#965=CARTESIAN_POINT('',(7.3E0,1.E0,0.E0));
#966=LINE('',#965,#964);
#967=DIRECTION('',(1.E0,0.E0,0.E0));
#968=VECTOR('',#967,1.46E1);
#969=CARTESIAN_POINT('',(-7.3E0,1.E0,0.E0));
#970=LINE('',#969,#968);
#971=DIRECTION('',(0.E0,0.E0,1.E0));
#972=VECTOR('',#971,1.2E0);
#973=CARTESIAN_POINT('',(-7.3E0,1.E0,-1.2E0));
#974=LINE('',#973,#972);
#975=DIRECTION('',(-1.E0,0.E0,0.E0));
#976=VECTOR('',#975,1.6E0);
#977=CARTESIAN_POINT('',(6.45E0,1.E0,-1.25E0));
#978=LINE('',#977,#976);
#979=DIRECTION('',(0.E0,0.E0,-1.E0));
#980=VECTOR('',#979,2.85E0);
#981=CARTESIAN_POINT('',(4.85E0,1.E0,-1.25E0));
#982=LINE('',#981,#980);
#983=DIRECTION('',(-1.E0,0.E0,0.E0));
#984=VECTOR('',#983,2.5E-2);
#985=CARTESIAN_POINT('',(4.85E0,1.E0,-4.1E0));
#986=LINE('',#985,#984);
#987=DIRECTION('',(0.E0,0.E0,-1.E0));
#988=VECTOR('',#987,3.E-1);
#989=CARTESIAN_POINT('',(4.825E0,1.E0,-4.1E0));
#990=LINE('',#989,#988);
#991=DIRECTION('',(1.E0,0.E0,0.E0));
#992=VECTOR('',#991,1.625E0);
#993=CARTESIAN_POINT('',(4.825E0,1.E0,-4.4E0));
#994=LINE('',#993,#992);
#995=DIRECTION('',(1.E0,0.E0,0.E0));
#996=VECTOR('',#995,9.6E0);
#997=CARTESIAN_POINT('',(-4.8E0,1.E0,-4.05E0));
#998=LINE('',#997,#996);
#999=DIRECTION('',(0.E0,0.E0,1.E0));
#1000=VECTOR('',#999,2.8E0);
#1001=CARTESIAN_POINT('',(4.8E0,1.E0,-4.05E0));
#1002=LINE('',#1001,#1000);
#1003=DIRECTION('',(0.E0,0.E0,-1.E0));
#1004=VECTOR('',#1003,2.8E0);
#1005=CARTESIAN_POINT('',(-4.8E0,1.E0,-1.25E0));
#1006=LINE('',#1005,#1004);
#1007=DIRECTION('',(0.E0,0.E0,-1.E0));
#1008=VECTOR('',#1007,3.2E0);
#1009=CARTESIAN_POINT('',(-6.75E0,7.E-1,-1.2E0));
#1010=LINE('',#1009,#1008);
#1011=DIRECTION('',(0.E0,0.E0,1.E0));
#1012=VECTOR('',#1011,3.2E0);
#1013=CARTESIAN_POINT('',(-6.45E0,1.E0,-4.4E0));
#1014=LINE('',#1013,#1012);
#1015=CARTESIAN_POINT('',(-6.45E0,7.E-1,-1.2E0));
#1016=DIRECTION('',(0.E0,0.E0,1.E0));
#1017=DIRECTION('',(0.E0,1.E0,0.E0));
#1018=AXIS2_PLACEMENT_3D('',#1015,#1016,#1017);
#1020=DIRECTION('',(0.E0,0.E0,1.E0));
#1021=VECTOR('',#1020,3.2E0);
#1022=CARTESIAN_POINT('',(-6.75E0,-7.E-1,-4.4E0));
#1023=LINE('',#1022,#1021);
#1024=DIRECTION('',(0.E0,1.E0,0.E0));
#1025=VECTOR('',#1024,1.4E0);
#1026=CARTESIAN_POINT('',(-6.75E0,-7.E-1,-1.2E0));
#1027=LINE('',#1026,#1025);
#1028=DIRECTION('',(-1.E0,0.E0,0.E0));
#1029=VECTOR('',#1028,8.5E-1);
#1030=CARTESIAN_POINT('',(-6.45E0,1.E0,-1.2E0));
#1031=LINE('',#1030,#1029);
#1032=DIRECTION('',(1.E0,0.E0,0.E0));
#1033=VECTOR('',#1032,8.5E-1);
#1034=CARTESIAN_POINT('',(-7.3E0,-1.E0,-1.2E0));
#1035=LINE('',#1034,#1033);
#1036=DIRECTION('',(0.E0,1.E0,0.E0));
#1037=VECTOR('',#1036,2.E0);
#1038=CARTESIAN_POINT('',(-7.3E0,-1.E0,-1.2E0));
#1039=LINE('',#1038,#1037);
#1040=DIRECTION('',(-1.E0,0.E0,0.E0));
#1041=VECTOR('',#1040,9.6E0);
#1042=CARTESIAN_POINT('',(4.8E0,-1.685886316883E-1,0.E0));
#1043=LINE('',#1042,#1041);
#1044=DIRECTION('',(0.E0,1.E0,0.E0));
#1045=VECTOR('',#1044,2.E0);
#1046=CARTESIAN_POINT('',(-7.3E0,-1.E0,0.E0));
#1047=LINE('',#1046,#1045);
#1048=DIRECTION('',(0.E0,0.E0,-1.E0));
#1049=VECTOR('',#1048,1.2E0);
#1050=CARTESIAN_POINT('',(4.8E0,-1.685886316883E-1,0.E0));
#1051=LINE('',#1050,#1049);
#1052=DIRECTION('',(0.E0,1.E0,0.E0));
#1053=VECTOR('',#1052,5.E-2);
#1054=CARTESIAN_POINT('',(-4.15E0,-6.201223561365E-1,-1.2E0));
#1055=LINE('',#1054,#1053);
#1056=DIRECTION('',(-1.E0,0.E0,0.E0));
#1057=VECTOR('',#1056,2.E-1);
#1058=CARTESIAN_POINT('',(-4.15E0,-5.701223561365E-1,-1.2E0));
#1059=LINE('',#1058,#1057);
#1060=DIRECTION('',(0.E0,1.E0,0.E0));
#1061=VECTOR('',#1060,5.E-2);
#1062=CARTESIAN_POINT('',(-4.35E0,-6.201223561365E-1,-1.2E0));
#1063=LINE('',#1062,#1061);
#1064=DIRECTION('',(1.E0,0.E0,0.E0));
#1065=VECTOR('',#1064,4.2E-1);
#1066=CARTESIAN_POINT('',(-4.77E0,-6.201223561365E-1,-1.2E0));
#1067=LINE('',#1066,#1065);
#1068=DIRECTION('',(0.E0,-1.E0,0.E0));
#1069=VECTOR('',#1068,3.314113683117E-1);
#1070=CARTESIAN_POINT('',(-4.8E0,-1.685886316883E-1,-1.2E0));
#1071=LINE('',#1070,#1069);
#1072=DIRECTION('',(-1.E0,0.E0,0.E0));
#1073=VECTOR('',#1072,9.57E0);
#1074=CARTESIAN_POINT('',(4.77E0,-1.685886316883E-1,-1.2E0));
#1075=LINE('',#1074,#1073);
#1076=DIRECTION('',(1.E0,0.E0,0.E0));
#1077=VECTOR('',#1076,4.2E-1);
#1078=CARTESIAN_POINT('',(4.35E0,-6.201223561365E-1,-1.2E0));
#1079=LINE('',#1078,#1077);
#1080=DIRECTION('',(0.E0,1.E0,0.E0));
#1081=VECTOR('',#1080,5.E-2);
#1082=CARTESIAN_POINT('',(4.35E0,-6.201223561365E-1,-1.2E0));
#1083=LINE('',#1082,#1081);
#1084=DIRECTION('',(-1.E0,0.E0,0.E0));
#1085=VECTOR('',#1084,2.E-1);
#1086=CARTESIAN_POINT('',(4.35E0,-5.701223561365E-1,-1.2E0));
#1087=LINE('',#1086,#1085);
#1088=DIRECTION('',(0.E0,1.E0,0.E0));
#1089=VECTOR('',#1088,5.E-2);
#1090=CARTESIAN_POINT('',(4.15E0,-6.201223561365E-1,-1.2E0));
#1091=LINE('',#1090,#1089);
#1092=DIRECTION('',(1.E0,0.E0,0.E0));
#1093=VECTOR('',#1092,3.E-1);
#1094=CARTESIAN_POINT('',(3.85E0,-6.201223561365E-1,-1.2E0));
#1095=LINE('',#1094,#1093);
#1096=DIRECTION('',(0.E0,1.E0,0.E0));
#1097=VECTOR('',#1096,5.E-2);
#1098=CARTESIAN_POINT('',(3.85E0,-6.201223561365E-1,-1.2E0));
#1099=LINE('',#1098,#1097);
#1100=DIRECTION('',(-1.E0,0.E0,0.E0));
#1101=VECTOR('',#1100,2.E-1);
#1102=CARTESIAN_POINT('',(3.85E0,-5.701223561365E-1,-1.2E0));
#1103=LINE('',#1102,#1101);
#1104=DIRECTION('',(0.E0,1.E0,0.E0));
#1105=VECTOR('',#1104,5.E-2);
#1106=CARTESIAN_POINT('',(3.65E0,-6.201223561365E-1,-1.2E0));
#1107=LINE('',#1106,#1105);
#1108=DIRECTION('',(1.E0,0.E0,0.E0));
#1109=VECTOR('',#1108,3.E-1);
#1110=CARTESIAN_POINT('',(3.35E0,-6.201223561365E-1,-1.2E0));
#1111=LINE('',#1110,#1109);
#1112=DIRECTION('',(0.E0,1.E0,0.E0));
#1113=VECTOR('',#1112,5.E-2);
#1114=CARTESIAN_POINT('',(3.35E0,-6.201223561365E-1,-1.2E0));
#1115=LINE('',#1114,#1113);
#1116=DIRECTION('',(-1.E0,0.E0,0.E0));
#1117=VECTOR('',#1116,2.E-1);
#1118=CARTESIAN_POINT('',(3.35E0,-5.701223561365E-1,-1.2E0));
#1119=LINE('',#1118,#1117);
#1120=DIRECTION('',(0.E0,1.E0,0.E0));
#1121=VECTOR('',#1120,5.E-2);
#1122=CARTESIAN_POINT('',(3.15E0,-6.201223561365E-1,-1.2E0));
#1123=LINE('',#1122,#1121);
#1124=DIRECTION('',(1.E0,0.E0,0.E0));
#1125=VECTOR('',#1124,3.E-1);
#1126=CARTESIAN_POINT('',(2.85E0,-6.201223561365E-1,-1.2E0));
#1127=LINE('',#1126,#1125);
#1128=DIRECTION('',(0.E0,1.E0,0.E0));
#1129=VECTOR('',#1128,5.E-2);
#1130=CARTESIAN_POINT('',(2.85E0,-6.201223561365E-1,-1.2E0));
#1131=LINE('',#1130,#1129);
#1132=DIRECTION('',(-1.E0,0.E0,0.E0));
#1133=VECTOR('',#1132,2.E-1);
#1134=CARTESIAN_POINT('',(2.85E0,-5.701223561365E-1,-1.2E0));
#1135=LINE('',#1134,#1133);
#1136=DIRECTION('',(0.E0,1.E0,0.E0));
#1137=VECTOR('',#1136,5.E-2);
#1138=CARTESIAN_POINT('',(2.65E0,-6.201223561365E-1,-1.2E0));
#1139=LINE('',#1138,#1137);
#1140=DIRECTION('',(1.E0,0.E0,0.E0));
#1141=VECTOR('',#1140,3.E-1);
#1142=CARTESIAN_POINT('',(2.35E0,-6.201223561365E-1,-1.2E0));
#1143=LINE('',#1142,#1141);
#1144=DIRECTION('',(0.E0,1.E0,0.E0));
#1145=VECTOR('',#1144,5.E-2);
#1146=CARTESIAN_POINT('',(2.35E0,-6.201223561365E-1,-1.2E0));
#1147=LINE('',#1146,#1145);
#1148=DIRECTION('',(-1.E0,0.E0,0.E0));
#1149=VECTOR('',#1148,2.E-1);
#1150=CARTESIAN_POINT('',(2.35E0,-5.701223561365E-1,-1.2E0));
#1151=LINE('',#1150,#1149);
#1152=DIRECTION('',(0.E0,1.E0,0.E0));
#1153=VECTOR('',#1152,5.E-2);
#1154=CARTESIAN_POINT('',(2.15E0,-6.201223561365E-1,-1.2E0));
#1155=LINE('',#1154,#1153);
#1156=DIRECTION('',(1.E0,0.E0,0.E0));
#1157=VECTOR('',#1156,3.E-1);
#1158=CARTESIAN_POINT('',(1.85E0,-6.201223561365E-1,-1.2E0));
#1159=LINE('',#1158,#1157);
#1160=DIRECTION('',(0.E0,1.E0,0.E0));
#1161=VECTOR('',#1160,5.E-2);
#1162=CARTESIAN_POINT('',(1.85E0,-6.201223561365E-1,-1.2E0));
#1163=LINE('',#1162,#1161);
#1164=DIRECTION('',(-1.E0,0.E0,0.E0));
#1165=VECTOR('',#1164,2.E-1);
#1166=CARTESIAN_POINT('',(1.85E0,-5.701223561365E-1,-1.2E0));
#1167=LINE('',#1166,#1165);
#1168=DIRECTION('',(0.E0,1.E0,0.E0));
#1169=VECTOR('',#1168,5.E-2);
#1170=CARTESIAN_POINT('',(1.65E0,-6.201223561365E-1,-1.2E0));
#1171=LINE('',#1170,#1169);
#1172=DIRECTION('',(1.E0,0.E0,0.E0));
#1173=VECTOR('',#1172,3.E-1);
#1174=CARTESIAN_POINT('',(1.35E0,-6.201223561365E-1,-1.2E0));
#1175=LINE('',#1174,#1173);
#1176=DIRECTION('',(0.E0,1.E0,0.E0));
#1177=VECTOR('',#1176,5.E-2);
#1178=CARTESIAN_POINT('',(1.35E0,-6.201223561365E-1,-1.2E0));
#1179=LINE('',#1178,#1177);
#1180=DIRECTION('',(-1.E0,0.E0,0.E0));
#1181=VECTOR('',#1180,2.E-1);
#1182=CARTESIAN_POINT('',(1.35E0,-5.701223561365E-1,-1.2E0));
#1183=LINE('',#1182,#1181);
#1184=DIRECTION('',(0.E0,1.E0,0.E0));
#1185=VECTOR('',#1184,5.E-2);
#1186=CARTESIAN_POINT('',(1.15E0,-6.201223561365E-1,-1.2E0));
#1187=LINE('',#1186,#1185);
#1188=DIRECTION('',(1.E0,0.E0,0.E0));
#1189=VECTOR('',#1188,3.E-1);
#1190=CARTESIAN_POINT('',(8.5E-1,-6.201223561365E-1,-1.2E0));
#1191=LINE('',#1190,#1189);
#1192=DIRECTION('',(0.E0,1.E0,0.E0));
#1193=VECTOR('',#1192,5.E-2);
#1194=CARTESIAN_POINT('',(8.5E-1,-6.201223561365E-1,-1.2E0));
#1195=LINE('',#1194,#1193);
#1196=DIRECTION('',(-1.E0,0.E0,0.E0));
#1197=VECTOR('',#1196,2.E-1);
#1198=CARTESIAN_POINT('',(8.5E-1,-5.701223561365E-1,-1.2E0));
#1199=LINE('',#1198,#1197);
#1200=DIRECTION('',(0.E0,1.E0,0.E0));
#1201=VECTOR('',#1200,5.E-2);
#1202=CARTESIAN_POINT('',(6.5E-1,-6.201223561365E-1,-1.2E0));
#1203=LINE('',#1202,#1201);
#1204=DIRECTION('',(1.E0,0.E0,0.E0));
#1205=VECTOR('',#1204,3.E-1);
#1206=CARTESIAN_POINT('',(3.5E-1,-6.201223561365E-1,-1.2E0));
#1207=LINE('',#1206,#1205);
#1208=DIRECTION('',(0.E0,1.E0,0.E0));
#1209=VECTOR('',#1208,5.E-2);
#1210=CARTESIAN_POINT('',(3.5E-1,-6.201223561365E-1,-1.2E0));
#1211=LINE('',#1210,#1209);
#1212=DIRECTION('',(-1.E0,0.E0,0.E0));
#1213=VECTOR('',#1212,2.E-1);
#1214=CARTESIAN_POINT('',(3.5E-1,-5.701223561365E-1,-1.2E0));
#1215=LINE('',#1214,#1213);
#1216=DIRECTION('',(0.E0,1.E0,0.E0));
#1217=VECTOR('',#1216,5.E-2);
#1218=CARTESIAN_POINT('',(1.5E-1,-6.201223561365E-1,-1.2E0));
#1219=LINE('',#1218,#1217);
#1220=DIRECTION('',(1.E0,0.E0,0.E0));
#1221=VECTOR('',#1220,3.E-1);
#1222=CARTESIAN_POINT('',(-1.5E-1,-6.201223561365E-1,-1.2E0));
#1223=LINE('',#1222,#1221);
#1224=DIRECTION('',(0.E0,1.E0,0.E0));
#1225=VECTOR('',#1224,5.E-2);
#1226=CARTESIAN_POINT('',(-1.5E-1,-6.201223561365E-1,-1.2E0));
#1227=LINE('',#1226,#1225);
#1228=DIRECTION('',(-1.E0,0.E0,0.E0));
#1229=VECTOR('',#1228,2.E-1);
#1230=CARTESIAN_POINT('',(-1.5E-1,-5.701223561365E-1,-1.2E0));
#1231=LINE('',#1230,#1229);
#1232=DIRECTION('',(0.E0,1.E0,0.E0));
#1233=VECTOR('',#1232,5.E-2);
#1234=CARTESIAN_POINT('',(-3.5E-1,-6.201223561365E-1,-1.2E0));
#1235=LINE('',#1234,#1233);
#1236=DIRECTION('',(1.E0,0.E0,0.E0));
#1237=VECTOR('',#1236,3.E-1);
#1238=CARTESIAN_POINT('',(-6.5E-1,-6.201223561365E-1,-1.2E0));
#1239=LINE('',#1238,#1237);
#1240=DIRECTION('',(0.E0,1.E0,0.E0));
#1241=VECTOR('',#1240,5.E-2);
#1242=CARTESIAN_POINT('',(-6.5E-1,-6.201223561365E-1,-1.2E0));
#1243=LINE('',#1242,#1241);
#1244=DIRECTION('',(-1.E0,0.E0,0.E0));
#1245=VECTOR('',#1244,2.E-1);
#1246=CARTESIAN_POINT('',(-6.5E-1,-5.701223561365E-1,-1.2E0));
#1247=LINE('',#1246,#1245);
#1248=DIRECTION('',(0.E0,1.E0,0.E0));
#1249=VECTOR('',#1248,5.E-2);
#1250=CARTESIAN_POINT('',(-8.5E-1,-6.201223561365E-1,-1.2E0));
#1251=LINE('',#1250,#1249);
#1252=DIRECTION('',(1.E0,0.E0,0.E0));
#1253=VECTOR('',#1252,3.E-1);
#1254=CARTESIAN_POINT('',(-1.15E0,-6.201223561365E-1,-1.2E0));
#1255=LINE('',#1254,#1253);
#1256=DIRECTION('',(0.E0,1.E0,0.E0));
#1257=VECTOR('',#1256,5.E-2);
#1258=CARTESIAN_POINT('',(-1.15E0,-6.201223561365E-1,-1.2E0));
#1259=LINE('',#1258,#1257);
#1260=DIRECTION('',(-1.E0,0.E0,0.E0));
#1261=VECTOR('',#1260,2.E-1);
#1262=CARTESIAN_POINT('',(-1.15E0,-5.701223561365E-1,-1.2E0));
#1263=LINE('',#1262,#1261);
#1264=DIRECTION('',(0.E0,1.E0,0.E0));
#1265=VECTOR('',#1264,5.E-2);
#1266=CARTESIAN_POINT('',(-1.35E0,-6.201223561365E-1,-1.2E0));
#1267=LINE('',#1266,#1265);
#1268=DIRECTION('',(1.E0,0.E0,0.E0));
#1269=VECTOR('',#1268,3.E-1);
#1270=CARTESIAN_POINT('',(-1.65E0,-6.201223561365E-1,-1.2E0));
#1271=LINE('',#1270,#1269);
#1272=DIRECTION('',(0.E0,1.E0,0.E0));
#1273=VECTOR('',#1272,5.E-2);
#1274=CARTESIAN_POINT('',(-1.65E0,-6.201223561365E-1,-1.2E0));
#1275=LINE('',#1274,#1273);
#1276=DIRECTION('',(-1.E0,0.E0,0.E0));
#1277=VECTOR('',#1276,2.E-1);
#1278=CARTESIAN_POINT('',(-1.65E0,-5.701223561365E-1,-1.2E0));
#1279=LINE('',#1278,#1277);
#1280=DIRECTION('',(0.E0,1.E0,0.E0));
#1281=VECTOR('',#1280,5.E-2);
#1282=CARTESIAN_POINT('',(-1.85E0,-6.201223561365E-1,-1.2E0));
#1283=LINE('',#1282,#1281);
#1284=DIRECTION('',(1.E0,0.E0,0.E0));
#1285=VECTOR('',#1284,3.E-1);
#1286=CARTESIAN_POINT('',(-2.15E0,-6.201223561365E-1,-1.2E0));
#1287=LINE('',#1286,#1285);
#1288=DIRECTION('',(0.E0,1.E0,0.E0));
#1289=VECTOR('',#1288,5.E-2);
#1290=CARTESIAN_POINT('',(-2.15E0,-6.201223561365E-1,-1.2E0));
#1291=LINE('',#1290,#1289);
#1292=DIRECTION('',(-1.E0,0.E0,0.E0));
#1293=VECTOR('',#1292,2.E-1);
#1294=CARTESIAN_POINT('',(-2.15E0,-5.701223561365E-1,-1.2E0));
#1295=LINE('',#1294,#1293);
#1296=DIRECTION('',(0.E0,1.E0,0.E0));
#1297=VECTOR('',#1296,5.E-2);
#1298=CARTESIAN_POINT('',(-2.35E0,-6.201223561365E-1,-1.2E0));
#1299=LINE('',#1298,#1297);
#1300=DIRECTION('',(1.E0,0.E0,0.E0));
#1301=VECTOR('',#1300,3.E-1);
#1302=CARTESIAN_POINT('',(-2.65E0,-6.201223561365E-1,-1.2E0));
#1303=LINE('',#1302,#1301);
#1304=DIRECTION('',(0.E0,1.E0,0.E0));
#1305=VECTOR('',#1304,5.E-2);
#1306=CARTESIAN_POINT('',(-2.65E0,-6.201223561365E-1,-1.2E0));
#1307=LINE('',#1306,#1305);
#1308=DIRECTION('',(-1.E0,0.E0,0.E0));
#1309=VECTOR('',#1308,2.E-1);
#1310=CARTESIAN_POINT('',(-2.65E0,-5.701223561365E-1,-1.2E0));
#1311=LINE('',#1310,#1309);
#1312=DIRECTION('',(0.E0,1.E0,0.E0));
#1313=VECTOR('',#1312,5.E-2);
#1314=CARTESIAN_POINT('',(-2.85E0,-6.201223561365E-1,-1.2E0));
#1315=LINE('',#1314,#1313);
#1316=DIRECTION('',(1.E0,0.E0,0.E0));
#1317=VECTOR('',#1316,3.E-1);
#1318=CARTESIAN_POINT('',(-3.15E0,-6.201223561365E-1,-1.2E0));
#1319=LINE('',#1318,#1317);
#1320=DIRECTION('',(0.E0,1.E0,0.E0));
#1321=VECTOR('',#1320,5.E-2);
#1322=CARTESIAN_POINT('',(-3.15E0,-6.201223561365E-1,-1.2E0));
#1323=LINE('',#1322,#1321);
#1324=DIRECTION('',(-1.E0,0.E0,0.E0));
#1325=VECTOR('',#1324,2.E-1);
#1326=CARTESIAN_POINT('',(-3.15E0,-5.701223561365E-1,-1.2E0));
#1327=LINE('',#1326,#1325);
#1328=DIRECTION('',(0.E0,1.E0,0.E0));
#1329=VECTOR('',#1328,5.E-2);
#1330=CARTESIAN_POINT('',(-3.35E0,-6.201223561365E-1,-1.2E0));
#1331=LINE('',#1330,#1329);
#1332=DIRECTION('',(1.E0,0.E0,0.E0));
#1333=VECTOR('',#1332,3.E-1);
#1334=CARTESIAN_POINT('',(-3.65E0,-6.201223561365E-1,-1.2E0));
#1335=LINE('',#1334,#1333);
#1336=DIRECTION('',(0.E0,1.E0,0.E0));
#1337=VECTOR('',#1336,5.E-2);
#1338=CARTESIAN_POINT('',(-3.65E0,-6.201223561365E-1,-1.2E0));
#1339=LINE('',#1338,#1337);
#1340=DIRECTION('',(-1.E0,0.E0,0.E0));
#1341=VECTOR('',#1340,2.E-1);
#1342=CARTESIAN_POINT('',(-3.65E0,-5.701223561365E-1,-1.2E0));
#1343=LINE('',#1342,#1341);
#1344=DIRECTION('',(0.E0,1.E0,0.E0));
#1345=VECTOR('',#1344,5.E-2);
#1346=CARTESIAN_POINT('',(-3.85E0,-6.201223561365E-1,-1.2E0));
#1347=LINE('',#1346,#1345);
#1348=DIRECTION('',(1.E0,0.E0,0.E0));
#1349=VECTOR('',#1348,3.E-1);
#1350=CARTESIAN_POINT('',(-4.15E0,-6.201223561365E-1,-1.2E0));
#1351=LINE('',#1350,#1349);
#1352=DIRECTION('',(1.776356839400E-14,1.E0,0.E0));
#1353=VECTOR('',#1352,5.E-2);
#1354=CARTESIAN_POINT('',(-4.15E0,-6.201223561365E-1,-3.3E-1));
#1355=LINE('',#1354,#1353);
#1356=DIRECTION('',(0.E0,0.E0,-1.E0));
#1357=VECTOR('',#1356,8.7E-1);
#1358=CARTESIAN_POINT('',(-4.15E0,-5.701223561365E-1,-3.3E-1));
#1359=LINE('',#1358,#1357);
#1360=DIRECTION('',(0.E0,0.E0,1.E0));
#1361=VECTOR('',#1360,8.7E-1);
#1362=CARTESIAN_POINT('',(6.5E-1,-6.201223561365E-1,-1.2E0));
#1363=LINE('',#1362,#1361);
#1364=DIRECTION('',(-1.E0,0.E0,0.E0));
#1365=VECTOR('',#1364,3.E-1);
#1366=CARTESIAN_POINT('',(6.5E-1,-6.201223561365E-1,-3.3E-1));
#1367=LINE('',#1366,#1365);
#1368=DIRECTION('',(0.E0,0.E0,1.E0));
#1369=VECTOR('',#1368,8.7E-1);
#1370=CARTESIAN_POINT('',(3.5E-1,-6.201223561365E-1,-1.2E0));
#1371=LINE('',#1370,#1369);
#1372=DIRECTION('',(0.E0,0.E0,1.E0));
#1373=VECTOR('',#1372,8.7E-1);
#1374=CARTESIAN_POINT('',(1.15E0,-6.201223561365E-1,-1.2E0));
#1375=LINE('',#1374,#1373);
#1376=DIRECTION('',(-1.E0,0.E0,0.E0));
#1377=VECTOR('',#1376,3.E-1);
#1378=CARTESIAN_POINT('',(1.15E0,-6.201223561365E-1,-3.3E-1));
#1379=LINE('',#1378,#1377);
#1380=DIRECTION('',(0.E0,0.E0,1.E0));
#1381=VECTOR('',#1380,8.7E-1);
#1382=CARTESIAN_POINT('',(8.5E-1,-6.201223561365E-1,-1.2E0));
#1383=LINE('',#1382,#1381);
#1384=DIRECTION('',(0.E0,0.E0,1.E0));
#1385=VECTOR('',#1384,8.7E-1);
#1386=CARTESIAN_POINT('',(1.65E0,-6.201223561365E-1,-1.2E0));
#1387=LINE('',#1386,#1385);
#1388=DIRECTION('',(-1.E0,0.E0,0.E0));
#1389=VECTOR('',#1388,3.E-1);
#1390=CARTESIAN_POINT('',(1.65E0,-6.201223561365E-1,-3.3E-1));
#1391=LINE('',#1390,#1389);
#1392=DIRECTION('',(0.E0,0.E0,1.E0));
#1393=VECTOR('',#1392,8.7E-1);
#1394=CARTESIAN_POINT('',(1.35E0,-6.201223561365E-1,-1.2E0));
#1395=LINE('',#1394,#1393);
#1396=DIRECTION('',(0.E0,0.E0,1.E0));
#1397=VECTOR('',#1396,8.7E-1);
#1398=CARTESIAN_POINT('',(2.15E0,-6.201223561365E-1,-1.2E0));
#1399=LINE('',#1398,#1397);
#1400=DIRECTION('',(-1.E0,0.E0,0.E0));
#1401=VECTOR('',#1400,3.E-1);
#1402=CARTESIAN_POINT('',(2.15E0,-6.201223561365E-1,-3.3E-1));
#1403=LINE('',#1402,#1401);
#1404=DIRECTION('',(0.E0,0.E0,1.E0));
#1405=VECTOR('',#1404,8.7E-1);
#1406=CARTESIAN_POINT('',(1.85E0,-6.201223561365E-1,-1.2E0));
#1407=LINE('',#1406,#1405);
#1408=DIRECTION('',(0.E0,0.E0,1.E0));
#1409=VECTOR('',#1408,8.7E-1);
#1410=CARTESIAN_POINT('',(2.65E0,-6.201223561365E-1,-1.2E0));
#1411=LINE('',#1410,#1409);
#1412=DIRECTION('',(-1.E0,0.E0,0.E0));
#1413=VECTOR('',#1412,3.E-1);
#1414=CARTESIAN_POINT('',(2.65E0,-6.201223561365E-1,-3.3E-1));
#1415=LINE('',#1414,#1413);
#1416=DIRECTION('',(0.E0,0.E0,1.E0));
#1417=VECTOR('',#1416,8.7E-1);
#1418=CARTESIAN_POINT('',(2.35E0,-6.201223561365E-1,-1.2E0));
#1419=LINE('',#1418,#1417);
#1420=DIRECTION('',(0.E0,0.E0,1.E0));
#1421=VECTOR('',#1420,8.7E-1);
#1422=CARTESIAN_POINT('',(3.15E0,-6.201223561365E-1,-1.2E0));
#1423=LINE('',#1422,#1421);
#1424=DIRECTION('',(-1.E0,0.E0,0.E0));
#1425=VECTOR('',#1424,3.E-1);
#1426=CARTESIAN_POINT('',(3.15E0,-6.201223561365E-1,-3.3E-1));
#1427=LINE('',#1426,#1425);
#1428=DIRECTION('',(0.E0,0.E0,1.E0));
#1429=VECTOR('',#1428,8.7E-1);
#1430=CARTESIAN_POINT('',(2.85E0,-6.201223561365E-1,-1.2E0));
#1431=LINE('',#1430,#1429);
#1432=DIRECTION('',(0.E0,0.E0,1.E0));
#1433=VECTOR('',#1432,8.7E-1);
#1434=CARTESIAN_POINT('',(3.65E0,-6.201223561365E-1,-1.2E0));
#1435=LINE('',#1434,#1433);
#1436=DIRECTION('',(-1.E0,0.E0,0.E0));
#1437=VECTOR('',#1436,3.E-1);
#1438=CARTESIAN_POINT('',(3.65E0,-6.201223561365E-1,-3.3E-1));
#1439=LINE('',#1438,#1437);
#1440=DIRECTION('',(0.E0,0.E0,1.E0));
#1441=VECTOR('',#1440,8.7E-1);
#1442=CARTESIAN_POINT('',(3.35E0,-6.201223561365E-1,-1.2E0));
#1443=LINE('',#1442,#1441);
#1444=DIRECTION('',(0.E0,0.E0,1.E0));
#1445=VECTOR('',#1444,8.7E-1);
#1446=CARTESIAN_POINT('',(4.35E0,-6.201223561365E-1,-1.2E0));
#1447=LINE('',#1446,#1445);
#1448=DIRECTION('',(-1.E0,0.E0,0.E0));
#1449=VECTOR('',#1448,4.2E-1);
#1450=CARTESIAN_POINT('',(4.77E0,-6.201223561365E-1,-3.3E-1));
#1451=LINE('',#1450,#1449);
#1452=DIRECTION('',(0.E0,0.E0,1.E0));
#1453=VECTOR('',#1452,8.7E-1);
#1454=CARTESIAN_POINT('',(4.15E0,-6.201223561365E-1,-1.2E0));
#1455=LINE('',#1454,#1453);
#1456=DIRECTION('',(-1.E0,0.E0,0.E0));
#1457=VECTOR('',#1456,3.E-1);
#1458=CARTESIAN_POINT('',(4.15E0,-6.201223561365E-1,-3.3E-1));
#1459=LINE('',#1458,#1457);
#1460=DIRECTION('',(0.E0,0.E0,1.E0));
#1461=VECTOR('',#1460,8.7E-1);
#1462=CARTESIAN_POINT('',(3.85E0,-6.201223561365E-1,-1.2E0));
#1463=LINE('',#1462,#1461);
#1464=DIRECTION('',(0.E0,0.E0,1.E0));
#1465=VECTOR('',#1464,8.7E-1);
#1466=CARTESIAN_POINT('',(-1.5E-1,-6.201223561365E-1,-1.2E0));
#1467=LINE('',#1466,#1465);
#1468=DIRECTION('',(0.E0,0.E0,1.E0));
#1469=VECTOR('',#1468,8.7E-1);
#1470=CARTESIAN_POINT('',(1.5E-1,-6.201223561365E-1,-1.2E0));
#1471=LINE('',#1470,#1469);
#1472=DIRECTION('',(-1.E0,0.E0,0.E0));
#1473=VECTOR('',#1472,3.E-1);
#1474=CARTESIAN_POINT('',(1.5E-1,-6.201223561365E-1,-3.3E-1));
#1475=LINE('',#1474,#1473);
#1476=DIRECTION('',(0.E0,0.E0,1.E0));
#1477=VECTOR('',#1476,8.7E-1);
#1478=CARTESIAN_POINT('',(-6.5E-1,-6.201223561365E-1,-1.2E0));
#1479=LINE('',#1478,#1477);
#1480=DIRECTION('',(0.E0,0.E0,1.E0));
#1481=VECTOR('',#1480,8.7E-1);
#1482=CARTESIAN_POINT('',(-3.5E-1,-6.201223561365E-1,-1.2E0));
#1483=LINE('',#1482,#1481);
#1484=DIRECTION('',(-1.E0,0.E0,0.E0));
#1485=VECTOR('',#1484,3.E-1);
#1486=CARTESIAN_POINT('',(-3.5E-1,-6.201223561365E-1,-3.3E-1));
#1487=LINE('',#1486,#1485);
#1488=DIRECTION('',(0.E0,0.E0,1.E0));
#1489=VECTOR('',#1488,8.7E-1);
#1490=CARTESIAN_POINT('',(-1.15E0,-6.201223561365E-1,-1.2E0));
#1491=LINE('',#1490,#1489);
#1492=DIRECTION('',(0.E0,0.E0,1.E0));
#1493=VECTOR('',#1492,8.7E-1);
#1494=CARTESIAN_POINT('',(-8.5E-1,-6.201223561365E-1,-1.2E0));
#1495=LINE('',#1494,#1493);
#1496=DIRECTION('',(-1.E0,0.E0,0.E0));
#1497=VECTOR('',#1496,3.E-1);
#1498=CARTESIAN_POINT('',(-8.5E-1,-6.201223561365E-1,-3.3E-1));
#1499=LINE('',#1498,#1497);
#1500=DIRECTION('',(0.E0,0.E0,1.E0));
#1501=VECTOR('',#1500,8.7E-1);
#1502=CARTESIAN_POINT('',(-1.65E0,-6.201223561365E-1,-1.2E0));
#1503=LINE('',#1502,#1501);
#1504=DIRECTION('',(0.E0,0.E0,1.E0));
#1505=VECTOR('',#1504,8.7E-1);
#1506=CARTESIAN_POINT('',(-1.35E0,-6.201223561365E-1,-1.2E0));
#1507=LINE('',#1506,#1505);
#1508=DIRECTION('',(-1.E0,0.E0,0.E0));
#1509=VECTOR('',#1508,3.E-1);
#1510=CARTESIAN_POINT('',(-1.35E0,-6.201223561365E-1,-3.3E-1));
#1511=LINE('',#1510,#1509);
#1512=DIRECTION('',(0.E0,0.E0,1.E0));
#1513=VECTOR('',#1512,8.7E-1);
#1514=CARTESIAN_POINT('',(-2.15E0,-6.201223561365E-1,-1.2E0));
#1515=LINE('',#1514,#1513);
#1516=DIRECTION('',(0.E0,0.E0,1.E0));
#1517=VECTOR('',#1516,8.7E-1);
#1518=CARTESIAN_POINT('',(-1.85E0,-6.201223561365E-1,-1.2E0));
#1519=LINE('',#1518,#1517);
#1520=DIRECTION('',(-1.E0,0.E0,0.E0));
#1521=VECTOR('',#1520,3.E-1);
#1522=CARTESIAN_POINT('',(-1.85E0,-6.201223561365E-1,-3.3E-1));
#1523=LINE('',#1522,#1521);
#1524=DIRECTION('',(0.E0,0.E0,1.E0));
#1525=VECTOR('',#1524,8.7E-1);
#1526=CARTESIAN_POINT('',(-2.65E0,-6.201223561365E-1,-1.2E0));
#1527=LINE('',#1526,#1525);
#1528=DIRECTION('',(0.E0,0.E0,1.E0));
#1529=VECTOR('',#1528,8.7E-1);
#1530=CARTESIAN_POINT('',(-2.35E0,-6.201223561365E-1,-1.2E0));
#1531=LINE('',#1530,#1529);
#1532=DIRECTION('',(-1.E0,0.E0,0.E0));
#1533=VECTOR('',#1532,3.E-1);
#1534=CARTESIAN_POINT('',(-2.35E0,-6.201223561365E-1,-3.3E-1));
#1535=LINE('',#1534,#1533);
#1536=DIRECTION('',(0.E0,0.E0,1.E0));
#1537=VECTOR('',#1536,8.7E-1);
#1538=CARTESIAN_POINT('',(-3.15E0,-6.201223561365E-1,-1.2E0));
#1539=LINE('',#1538,#1537);
#1540=DIRECTION('',(0.E0,0.E0,1.E0));
#1541=VECTOR('',#1540,8.7E-1);
#1542=CARTESIAN_POINT('',(-2.85E0,-6.201223561365E-1,-1.2E0));
#1543=LINE('',#1542,#1541);
#1544=DIRECTION('',(-1.E0,0.E0,0.E0));
#1545=VECTOR('',#1544,3.E-1);
#1546=CARTESIAN_POINT('',(-2.85E0,-6.201223561365E-1,-3.3E-1));
#1547=LINE('',#1546,#1545);
#1548=DIRECTION('',(0.E0,0.E0,1.E0));
#1549=VECTOR('',#1548,8.7E-1);
#1550=CARTESIAN_POINT('',(-3.65E0,-6.201223561365E-1,-1.2E0));
#1551=LINE('',#1550,#1549);
#1552=DIRECTION('',(0.E0,0.E0,1.E0));
#1553=VECTOR('',#1552,8.7E-1);
#1554=CARTESIAN_POINT('',(-3.35E0,-6.201223561365E-1,-1.2E0));
#1555=LINE('',#1554,#1553);
#1556=DIRECTION('',(-1.E0,0.E0,0.E0));
#1557=VECTOR('',#1556,3.E-1);
#1558=CARTESIAN_POINT('',(-3.35E0,-6.201223561365E-1,-3.3E-1));
#1559=LINE('',#1558,#1557);
#1560=DIRECTION('',(0.E0,0.E0,1.E0));
#1561=VECTOR('',#1560,8.7E-1);
#1562=CARTESIAN_POINT('',(-4.15E0,-6.201223561365E-1,-1.2E0));
#1563=LINE('',#1562,#1561);
#1564=DIRECTION('',(0.E0,0.E0,1.E0));
#1565=VECTOR('',#1564,8.7E-1);
#1566=CARTESIAN_POINT('',(-3.85E0,-6.201223561365E-1,-1.2E0));
#1567=LINE('',#1566,#1565);
#1568=DIRECTION('',(-1.E0,0.E0,0.E0));
#1569=VECTOR('',#1568,3.E-1);
#1570=CARTESIAN_POINT('',(-3.85E0,-6.201223561365E-1,-3.3E-1));
#1571=LINE('',#1570,#1569);
#1572=DIRECTION('',(0.E0,0.E0,1.E0));
#1573=VECTOR('',#1572,8.7E-1);
#1574=CARTESIAN_POINT('',(-4.35E0,-6.201223561365E-1,-1.2E0));
#1575=LINE('',#1574,#1573);
#1576=DIRECTION('',(-1.E0,0.E0,0.E0));
#1577=VECTOR('',#1576,4.2E-1);
#1578=CARTESIAN_POINT('',(-4.35E0,-6.201223561365E-1,-3.3E-1));
#1579=LINE('',#1578,#1577);
#1580=DIRECTION('',(0.E0,0.E0,-1.E0));
#1581=VECTOR('',#1580,8.7E-1);
#1582=CARTESIAN_POINT('',(6.5E-1,-5.701223561365E-1,-3.3E-1));
#1583=LINE('',#1582,#1581);
#1584=DIRECTION('',(0.E0,1.E0,0.E0));
#1585=VECTOR('',#1584,5.E-2);
#1586=CARTESIAN_POINT('',(6.5E-1,-6.201223561365E-1,-3.3E-1));
#1587=LINE('',#1586,#1585);
#1588=DIRECTION('',(-1.E0,0.E0,0.E0));
#1589=VECTOR('',#1588,2.E-1);
#1590=CARTESIAN_POINT('',(8.5E-1,-5.701223561365E-1,-3.3E-1));
#1591=LINE('',#1590,#1589);
#1592=DIRECTION('',(0.E0,1.E0,0.E0));
#1593=VECTOR('',#1592,5.E-2);
#1594=CARTESIAN_POINT('',(8.5E-1,-6.201223561365E-1,-3.3E-1));
#1595=LINE('',#1594,#1593);
#1596=DIRECTION('',(0.E0,0.E0,-1.E0));
#1597=VECTOR('',#1596,8.7E-1);
#1598=CARTESIAN_POINT('',(8.5E-1,-5.701223561365E-1,-3.3E-1));
#1599=LINE('',#1598,#1597);
#1600=DIRECTION('',(-1.E0,0.E0,0.E0));
#1601=VECTOR('',#1600,2.E-1);
#1602=CARTESIAN_POINT('',(-4.15E0,-6.201223561365E-1,-3.3E-1));
#1603=LINE('',#1602,#1601);
#1604=DIRECTION('',(-1.E0,0.E0,0.E0));
#1605=VECTOR('',#1604,2.E-1);
#1606=CARTESIAN_POINT('',(-3.65E0,-6.201223561365E-1,-3.3E-1));
#1607=LINE('',#1606,#1605);
#1608=DIRECTION('',(-1.E0,0.E0,0.E0));
#1609=VECTOR('',#1608,2.E-1);
#1610=CARTESIAN_POINT('',(-3.15E0,-6.201223561365E-1,-3.3E-1));
#1611=LINE('',#1610,#1609);
#1612=DIRECTION('',(-1.E0,0.E0,0.E0));
#1613=VECTOR('',#1612,2.E-1);
#1614=CARTESIAN_POINT('',(-2.65E0,-6.201223561365E-1,-3.3E-1));
#1615=LINE('',#1614,#1613);
#1616=DIRECTION('',(-1.E0,0.E0,0.E0));
#1617=VECTOR('',#1616,2.E-1);
#1618=CARTESIAN_POINT('',(-2.15E0,-6.201223561365E-1,-3.3E-1));
#1619=LINE('',#1618,#1617);
#1620=DIRECTION('',(-1.E0,0.E0,0.E0));
#1621=VECTOR('',#1620,2.E-1);
#1622=CARTESIAN_POINT('',(-1.65E0,-6.201223561365E-1,-3.3E-1));
#1623=LINE('',#1622,#1621);
#1624=DIRECTION('',(-1.E0,0.E0,0.E0));
#1625=VECTOR('',#1624,2.E-1);
#1626=CARTESIAN_POINT('',(-1.15E0,-6.201223561365E-1,-3.3E-1));
#1627=LINE('',#1626,#1625);
#1628=DIRECTION('',(-1.E0,0.E0,0.E0));
#1629=VECTOR('',#1628,2.E-1);
#1630=CARTESIAN_POINT('',(-6.5E-1,-6.201223561365E-1,-3.3E-1));
#1631=LINE('',#1630,#1629);
#1632=DIRECTION('',(-1.E0,0.E0,0.E0));
#1633=VECTOR('',#1632,2.E-1);
#1634=CARTESIAN_POINT('',(-1.5E-1,-6.201223561365E-1,-3.3E-1));
#1635=LINE('',#1634,#1633);
#1636=DIRECTION('',(-1.E0,0.E0,0.E0));
#1637=VECTOR('',#1636,2.E-1);
#1638=CARTESIAN_POINT('',(3.5E-1,-6.201223561365E-1,-3.3E-1));
#1639=LINE('',#1638,#1637);
#1640=DIRECTION('',(-1.E0,0.E0,0.E0));
#1641=VECTOR('',#1640,2.E-1);
#1642=CARTESIAN_POINT('',(8.5E-1,-6.201223561365E-1,-3.3E-1));
#1643=LINE('',#1642,#1641);
#1644=DIRECTION('',(-1.E0,0.E0,0.E0));
#1645=VECTOR('',#1644,2.E-1);
#1646=CARTESIAN_POINT('',(1.35E0,-6.201223561365E-1,-3.3E-1));
#1647=LINE('',#1646,#1645);
#1648=DIRECTION('',(-1.E0,0.E0,0.E0));
#1649=VECTOR('',#1648,2.E-1);
#1650=CARTESIAN_POINT('',(1.85E0,-6.201223561365E-1,-3.3E-1));
#1651=LINE('',#1650,#1649);
#1652=DIRECTION('',(-1.E0,0.E0,0.E0));
#1653=VECTOR('',#1652,2.E-1);
#1654=CARTESIAN_POINT('',(2.35E0,-6.201223561365E-1,-3.3E-1));
#1655=LINE('',#1654,#1653);
#1656=DIRECTION('',(-1.E0,0.E0,0.E0));
#1657=VECTOR('',#1656,2.E-1);
#1658=CARTESIAN_POINT('',(2.85E0,-6.201223561365E-1,-3.3E-1));
#1659=LINE('',#1658,#1657);
#1660=DIRECTION('',(-1.E0,0.E0,0.E0));
#1661=VECTOR('',#1660,2.E-1);
#1662=CARTESIAN_POINT('',(3.35E0,-6.201223561365E-1,-3.3E-1));
#1663=LINE('',#1662,#1661);
#1664=DIRECTION('',(-1.E0,0.E0,0.E0));
#1665=VECTOR('',#1664,2.E-1);
#1666=CARTESIAN_POINT('',(3.85E0,-6.201223561365E-1,-3.3E-1));
#1667=LINE('',#1666,#1665);
#1668=DIRECTION('',(-1.E0,0.E0,0.E0));
#1669=VECTOR('',#1668,2.E-1);
#1670=CARTESIAN_POINT('',(4.35E0,-6.201223561365E-1,-3.3E-1));
#1671=LINE('',#1670,#1669);
#1672=DIRECTION('',(0.E0,0.E0,-1.E0));
#1673=VECTOR('',#1672,8.7E-1);
#1674=CARTESIAN_POINT('',(-4.35E0,-5.701223561365E-1,-3.3E-1));
#1675=LINE('',#1674,#1673);
#1676=DIRECTION('',(-1.776356839400E-14,1.E0,0.E0));
#1677=VECTOR('',#1676,5.E-2);
#1678=CARTESIAN_POINT('',(-4.35E0,-6.201223561365E-1,-3.3E-1));
#1679=LINE('',#1678,#1677);
#1680=DIRECTION('',(-1.E0,0.E0,0.E0));
#1681=VECTOR('',#1680,2.E-1);
#1682=CARTESIAN_POINT('',(-4.15E0,-5.701223561365E-1,-3.3E-1));
#1683=LINE('',#1682,#1681);
#1684=DIRECTION('',(0.E0,0.E0,-1.E0));
#1685=VECTOR('',#1684,8.7E-1);
#1686=CARTESIAN_POINT('',(-3.85E0,-5.701223561365E-1,-3.3E-1));
#1687=LINE('',#1686,#1685);
#1688=DIRECTION('',(0.E0,1.E0,0.E0));
#1689=VECTOR('',#1688,5.E-2);
#1690=CARTESIAN_POINT('',(-3.85E0,-6.201223561365E-1,-3.3E-1));
#1691=LINE('',#1690,#1689);
#1692=DIRECTION('',(-1.E0,0.E0,0.E0));
#1693=VECTOR('',#1692,2.E-1);
#1694=CARTESIAN_POINT('',(-3.65E0,-5.701223561365E-1,-3.3E-1));
#1695=LINE('',#1694,#1693);
#1696=DIRECTION('',(-2.664535259100E-14,1.E0,0.E0));
#1697=VECTOR('',#1696,5.E-2);
#1698=CARTESIAN_POINT('',(-3.65E0,-6.201223561365E-1,-3.3E-1));
#1699=LINE('',#1698,#1697);
#1700=DIRECTION('',(0.E0,0.E0,-1.E0));
#1701=VECTOR('',#1700,8.7E-1);
#1702=CARTESIAN_POINT('',(-3.65E0,-5.701223561365E-1,-3.3E-1));
#1703=LINE('',#1702,#1701);
#1704=DIRECTION('',(0.E0,0.E0,-1.E0));
#1705=VECTOR('',#1704,8.7E-1);
#1706=CARTESIAN_POINT('',(-3.35E0,-5.701223561365E-1,-3.3E-1));
#1707=LINE('',#1706,#1705);
#1708=DIRECTION('',(0.E0,1.E0,0.E0));
#1709=VECTOR('',#1708,5.E-2);
#1710=CARTESIAN_POINT('',(-3.35E0,-6.201223561365E-1,-3.3E-1));
#1711=LINE('',#1710,#1709);
#1712=DIRECTION('',(-1.E0,0.E0,0.E0));
#1713=VECTOR('',#1712,2.E-1);
#1714=CARTESIAN_POINT('',(-3.15E0,-5.701223561365E-1,-3.3E-1));
#1715=LINE('',#1714,#1713);
#1716=DIRECTION('',(-2.664535259100E-14,1.E0,0.E0));
#1717=VECTOR('',#1716,5.E-2);
#1718=CARTESIAN_POINT('',(-3.15E0,-6.201223561365E-1,-3.3E-1));
#1719=LINE('',#1718,#1717);
#1720=DIRECTION('',(0.E0,0.E0,-1.E0));
#1721=VECTOR('',#1720,8.7E-1);
#1722=CARTESIAN_POINT('',(-3.15E0,-5.701223561365E-1,-3.3E-1));
#1723=LINE('',#1722,#1721);
#1724=DIRECTION('',(0.E0,0.E0,-1.E0));
#1725=VECTOR('',#1724,8.7E-1);
#1726=CARTESIAN_POINT('',(-2.85E0,-5.701223561365E-1,-3.3E-1));
#1727=LINE('',#1726,#1725);
#1728=DIRECTION('',(0.E0,1.E0,0.E0));
#1729=VECTOR('',#1728,5.E-2);
#1730=CARTESIAN_POINT('',(-2.85E0,-6.201223561365E-1,-3.3E-1));
#1731=LINE('',#1730,#1729);
#1732=DIRECTION('',(-1.E0,0.E0,0.E0));
#1733=VECTOR('',#1732,2.E-1);
#1734=CARTESIAN_POINT('',(-2.65E0,-5.701223561365E-1,-3.3E-1));
#1735=LINE('',#1734,#1733);
#1736=DIRECTION('',(-2.664535259100E-14,1.E0,0.E0));
#1737=VECTOR('',#1736,5.E-2);
#1738=CARTESIAN_POINT('',(-2.65E0,-6.201223561365E-1,-3.3E-1));
#1739=LINE('',#1738,#1737);
#1740=DIRECTION('',(0.E0,0.E0,-1.E0));
#1741=VECTOR('',#1740,8.7E-1);
#1742=CARTESIAN_POINT('',(-2.65E0,-5.701223561365E-1,-3.3E-1));
#1743=LINE('',#1742,#1741);
#1744=DIRECTION('',(0.E0,0.E0,-1.E0));
#1745=VECTOR('',#1744,8.7E-1);
#1746=CARTESIAN_POINT('',(-2.35E0,-5.701223561365E-1,-3.3E-1));
#1747=LINE('',#1746,#1745);
#1748=DIRECTION('',(0.E0,1.E0,0.E0));
#1749=VECTOR('',#1748,5.E-2);
#1750=CARTESIAN_POINT('',(-2.35E0,-6.201223561365E-1,-3.3E-1));
#1751=LINE('',#1750,#1749);
#1752=DIRECTION('',(-1.E0,0.E0,0.E0));
#1753=VECTOR('',#1752,2.E-1);
#1754=CARTESIAN_POINT('',(-2.15E0,-5.701223561365E-1,-3.3E-1));
#1755=LINE('',#1754,#1753);
#1756=DIRECTION('',(-2.664535259100E-14,1.E0,0.E0));
#1757=VECTOR('',#1756,5.E-2);
#1758=CARTESIAN_POINT('',(-2.15E0,-6.201223561365E-1,-3.3E-1));
#1759=LINE('',#1758,#1757);
#1760=DIRECTION('',(0.E0,0.E0,-1.E0));
#1761=VECTOR('',#1760,8.7E-1);
#1762=CARTESIAN_POINT('',(-2.15E0,-5.701223561365E-1,-3.3E-1));
#1763=LINE('',#1762,#1761);
#1764=DIRECTION('',(0.E0,0.E0,-1.E0));
#1765=VECTOR('',#1764,8.7E-1);
#1766=CARTESIAN_POINT('',(-1.85E0,-5.701223561365E-1,-3.3E-1));
#1767=LINE('',#1766,#1765);
#1768=DIRECTION('',(0.E0,1.E0,0.E0));
#1769=VECTOR('',#1768,5.E-2);
#1770=CARTESIAN_POINT('',(-1.85E0,-6.201223561365E-1,-3.3E-1));
#1771=LINE('',#1770,#1769);
#1772=DIRECTION('',(-1.E0,0.E0,0.E0));
#1773=VECTOR('',#1772,2.E-1);
#1774=CARTESIAN_POINT('',(-1.65E0,-5.701223561365E-1,-3.3E-1));
#1775=LINE('',#1774,#1773);
#1776=DIRECTION('',(0.E0,1.E0,0.E0));
#1777=VECTOR('',#1776,5.E-2);
#1778=CARTESIAN_POINT('',(-1.65E0,-6.201223561365E-1,-3.3E-1));
#1779=LINE('',#1778,#1777);
#1780=DIRECTION('',(0.E0,0.E0,-1.E0));
#1781=VECTOR('',#1780,8.7E-1);
#1782=CARTESIAN_POINT('',(-1.65E0,-5.701223561365E-1,-3.3E-1));
#1783=LINE('',#1782,#1781);
#1784=DIRECTION('',(0.E0,0.E0,-1.E0));
#1785=VECTOR('',#1784,8.7E-1);
#1786=CARTESIAN_POINT('',(-1.35E0,-5.701223561365E-1,-3.3E-1));
#1787=LINE('',#1786,#1785);
#1788=DIRECTION('',(0.E0,1.E0,0.E0));
#1789=VECTOR('',#1788,5.E-2);
#1790=CARTESIAN_POINT('',(-1.35E0,-6.201223561365E-1,-3.3E-1));
#1791=LINE('',#1790,#1789);
#1792=DIRECTION('',(-1.E0,0.E0,0.E0));
#1793=VECTOR('',#1792,2.E-1);
#1794=CARTESIAN_POINT('',(-1.15E0,-5.701223561365E-1,-3.3E-1));
#1795=LINE('',#1794,#1793);
#1796=DIRECTION('',(0.E0,1.E0,0.E0));
#1797=VECTOR('',#1796,5.E-2);
#1798=CARTESIAN_POINT('',(-1.15E0,-6.201223561365E-1,-3.3E-1));
#1799=LINE('',#1798,#1797);
#1800=DIRECTION('',(0.E0,0.E0,-1.E0));
#1801=VECTOR('',#1800,8.7E-1);
#1802=CARTESIAN_POINT('',(-1.15E0,-5.701223561365E-1,-3.3E-1));
#1803=LINE('',#1802,#1801);
#1804=DIRECTION('',(0.E0,0.E0,-1.E0));
#1805=VECTOR('',#1804,8.7E-1);
#1806=CARTESIAN_POINT('',(-8.5E-1,-5.701223561365E-1,-3.3E-1));
#1807=LINE('',#1806,#1805);
#1808=DIRECTION('',(0.E0,1.E0,0.E0));
#1809=VECTOR('',#1808,5.E-2);
#1810=CARTESIAN_POINT('',(-8.5E-1,-6.201223561365E-1,-3.3E-1));
#1811=LINE('',#1810,#1809);
#1812=DIRECTION('',(-1.E0,0.E0,0.E0));
#1813=VECTOR('',#1812,2.E-1);
#1814=CARTESIAN_POINT('',(-6.5E-1,-5.701223561365E-1,-3.3E-1));
#1815=LINE('',#1814,#1813);
#1816=DIRECTION('',(0.E0,1.E0,0.E0));
#1817=VECTOR('',#1816,5.E-2);
#1818=CARTESIAN_POINT('',(-6.5E-1,-6.201223561365E-1,-3.3E-1));
#1819=LINE('',#1818,#1817);
#1820=DIRECTION('',(0.E0,0.E0,-1.E0));
#1821=VECTOR('',#1820,8.7E-1);
#1822=CARTESIAN_POINT('',(-6.5E-1,-5.701223561365E-1,-3.3E-1));
#1823=LINE('',#1822,#1821);
#1824=DIRECTION('',(0.E0,0.E0,-1.E0));
#1825=VECTOR('',#1824,8.7E-1);
#1826=CARTESIAN_POINT('',(-3.5E-1,-5.701223561365E-1,-3.3E-1));
#1827=LINE('',#1826,#1825);
#1828=DIRECTION('',(0.E0,1.E0,0.E0));
#1829=VECTOR('',#1828,5.E-2);
#1830=CARTESIAN_POINT('',(-3.5E-1,-6.201223561365E-1,-3.3E-1));
#1831=LINE('',#1830,#1829);
#1832=DIRECTION('',(-1.E0,0.E0,0.E0));
#1833=VECTOR('',#1832,2.E-1);
#1834=CARTESIAN_POINT('',(-1.5E-1,-5.701223561365E-1,-3.3E-1));
#1835=LINE('',#1834,#1833);
#1836=DIRECTION('',(0.E0,1.E0,0.E0));
#1837=VECTOR('',#1836,5.E-2);
#1838=CARTESIAN_POINT('',(-1.5E-1,-6.201223561365E-1,-3.3E-1));
#1839=LINE('',#1838,#1837);
#1840=DIRECTION('',(0.E0,0.E0,-1.E0));
#1841=VECTOR('',#1840,8.7E-1);
#1842=CARTESIAN_POINT('',(-1.5E-1,-5.701223561365E-1,-3.3E-1));
#1843=LINE('',#1842,#1841);
#1844=DIRECTION('',(0.E0,0.E0,-1.E0));
#1845=VECTOR('',#1844,8.7E-1);
#1846=CARTESIAN_POINT('',(1.5E-1,-5.701223561365E-1,-3.3E-1));
#1847=LINE('',#1846,#1845);
#1848=DIRECTION('',(0.E0,1.E0,0.E0));
#1849=VECTOR('',#1848,5.E-2);
#1850=CARTESIAN_POINT('',(1.5E-1,-6.201223561365E-1,-3.3E-1));
#1851=LINE('',#1850,#1849);
#1852=DIRECTION('',(-1.E0,0.E0,0.E0));
#1853=VECTOR('',#1852,2.E-1);
#1854=CARTESIAN_POINT('',(3.5E-1,-5.701223561365E-1,-3.3E-1));
#1855=LINE('',#1854,#1853);
#1856=DIRECTION('',(0.E0,1.E0,0.E0));
#1857=VECTOR('',#1856,5.E-2);
#1858=CARTESIAN_POINT('',(3.5E-1,-6.201223561365E-1,-3.3E-1));
#1859=LINE('',#1858,#1857);
#1860=DIRECTION('',(0.E0,0.E0,-1.E0));
#1861=VECTOR('',#1860,8.7E-1);
#1862=CARTESIAN_POINT('',(3.5E-1,-5.701223561365E-1,-3.3E-1));
#1863=LINE('',#1862,#1861);
#1864=DIRECTION('',(0.E0,0.E0,-1.E0));
#1865=VECTOR('',#1864,8.7E-1);
#1866=CARTESIAN_POINT('',(1.15E0,-5.701223561365E-1,-3.3E-1));
#1867=LINE('',#1866,#1865);
#1868=DIRECTION('',(0.E0,1.E0,0.E0));
#1869=VECTOR('',#1868,5.E-2);
#1870=CARTESIAN_POINT('',(1.15E0,-6.201223561365E-1,-3.3E-1));
#1871=LINE('',#1870,#1869);
#1872=DIRECTION('',(-1.E0,0.E0,0.E0));
#1873=VECTOR('',#1872,2.E-1);
#1874=CARTESIAN_POINT('',(1.35E0,-5.701223561365E-1,-3.3E-1));
#1875=LINE('',#1874,#1873);
#1876=DIRECTION('',(0.E0,1.E0,0.E0));
#1877=VECTOR('',#1876,5.E-2);
#1878=CARTESIAN_POINT('',(1.35E0,-6.201223561365E-1,-3.3E-1));
#1879=LINE('',#1878,#1877);
#1880=DIRECTION('',(0.E0,0.E0,-1.E0));
#1881=VECTOR('',#1880,8.7E-1);
#1882=CARTESIAN_POINT('',(1.35E0,-5.701223561365E-1,-3.3E-1));
#1883=LINE('',#1882,#1881);
#1884=DIRECTION('',(0.E0,0.E0,-1.E0));
#1885=VECTOR('',#1884,8.7E-1);
#1886=CARTESIAN_POINT('',(1.65E0,-5.701223561365E-1,-3.3E-1));
#1887=LINE('',#1886,#1885);
#1888=DIRECTION('',(0.E0,1.E0,0.E0));
#1889=VECTOR('',#1888,5.E-2);
#1890=CARTESIAN_POINT('',(1.65E0,-6.201223561365E-1,-3.3E-1));
#1891=LINE('',#1890,#1889);
#1892=DIRECTION('',(-1.E0,0.E0,0.E0));
#1893=VECTOR('',#1892,2.E-1);
#1894=CARTESIAN_POINT('',(1.85E0,-5.701223561365E-1,-3.3E-1));
#1895=LINE('',#1894,#1893);
#1896=DIRECTION('',(0.E0,1.E0,0.E0));
#1897=VECTOR('',#1896,5.E-2);
#1898=CARTESIAN_POINT('',(1.85E0,-6.201223561365E-1,-3.3E-1));
#1899=LINE('',#1898,#1897);
#1900=DIRECTION('',(0.E0,0.E0,-1.E0));
#1901=VECTOR('',#1900,8.7E-1);
#1902=CARTESIAN_POINT('',(1.85E0,-5.701223561365E-1,-3.3E-1));
#1903=LINE('',#1902,#1901);
#1904=DIRECTION('',(0.E0,0.E0,-1.E0));
#1905=VECTOR('',#1904,8.7E-1);
#1906=CARTESIAN_POINT('',(2.15E0,-5.701223561365E-1,-3.3E-1));
#1907=LINE('',#1906,#1905);
#1908=DIRECTION('',(0.E0,1.E0,0.E0));
#1909=VECTOR('',#1908,5.E-2);
#1910=CARTESIAN_POINT('',(2.15E0,-6.201223561365E-1,-3.3E-1));
#1911=LINE('',#1910,#1909);
#1912=DIRECTION('',(-1.E0,0.E0,0.E0));
#1913=VECTOR('',#1912,2.E-1);
#1914=CARTESIAN_POINT('',(2.35E0,-5.701223561365E-1,-3.3E-1));
#1915=LINE('',#1914,#1913);
#1916=DIRECTION('',(-3.552713678800E-14,1.E0,0.E0));
#1917=VECTOR('',#1916,5.E-2);
#1918=CARTESIAN_POINT('',(2.35E0,-6.201223561365E-1,-3.3E-1));
#1919=LINE('',#1918,#1917);
#1920=DIRECTION('',(0.E0,0.E0,-1.E0));
#1921=VECTOR('',#1920,8.7E-1);
#1922=CARTESIAN_POINT('',(2.35E0,-5.701223561365E-1,-3.3E-1));
#1923=LINE('',#1922,#1921);
#1924=DIRECTION('',(0.E0,0.E0,-1.E0));
#1925=VECTOR('',#1924,8.7E-1);
#1926=CARTESIAN_POINT('',(2.65E0,-5.701223561365E-1,-3.3E-1));
#1927=LINE('',#1926,#1925);
#1928=DIRECTION('',(0.E0,1.E0,0.E0));
#1929=VECTOR('',#1928,5.E-2);
#1930=CARTESIAN_POINT('',(2.65E0,-6.201223561365E-1,-3.3E-1));
#1931=LINE('',#1930,#1929);
#1932=DIRECTION('',(-1.E0,0.E0,0.E0));
#1933=VECTOR('',#1932,2.E-1);
#1934=CARTESIAN_POINT('',(2.85E0,-5.701223561365E-1,-3.3E-1));
#1935=LINE('',#1934,#1933);
#1936=DIRECTION('',(-3.552713678800E-14,1.E0,0.E0));
#1937=VECTOR('',#1936,5.E-2);
#1938=CARTESIAN_POINT('',(2.85E0,-6.201223561365E-1,-3.3E-1));
#1939=LINE('',#1938,#1937);
#1940=DIRECTION('',(0.E0,0.E0,-1.E0));
#1941=VECTOR('',#1940,8.7E-1);
#1942=CARTESIAN_POINT('',(2.85E0,-5.701223561365E-1,-3.3E-1));
#1943=LINE('',#1942,#1941);
#1944=DIRECTION('',(0.E0,0.E0,-1.E0));
#1945=VECTOR('',#1944,8.7E-1);
#1946=CARTESIAN_POINT('',(3.15E0,-5.701223561365E-1,-3.3E-1));
#1947=LINE('',#1946,#1945);
#1948=DIRECTION('',(0.E0,1.E0,0.E0));
#1949=VECTOR('',#1948,5.E-2);
#1950=CARTESIAN_POINT('',(3.15E0,-6.201223561365E-1,-3.3E-1));
#1951=LINE('',#1950,#1949);
#1952=DIRECTION('',(-1.E0,0.E0,0.E0));
#1953=VECTOR('',#1952,2.E-1);
#1954=CARTESIAN_POINT('',(3.35E0,-5.701223561365E-1,-3.3E-1));
#1955=LINE('',#1954,#1953);
#1956=DIRECTION('',(-2.664535259100E-14,1.E0,0.E0));
#1957=VECTOR('',#1956,5.E-2);
#1958=CARTESIAN_POINT('',(3.35E0,-6.201223561365E-1,-3.3E-1));
#1959=LINE('',#1958,#1957);
#1960=DIRECTION('',(0.E0,0.E0,-1.E0));
#1961=VECTOR('',#1960,8.7E-1);
#1962=CARTESIAN_POINT('',(3.35E0,-5.701223561365E-1,-3.3E-1));
#1963=LINE('',#1962,#1961);
#1964=DIRECTION('',(0.E0,0.E0,-1.E0));
#1965=VECTOR('',#1964,8.7E-1);
#1966=CARTESIAN_POINT('',(3.65E0,-5.701223561365E-1,-3.3E-1));
#1967=LINE('',#1966,#1965);
#1968=DIRECTION('',(0.E0,1.E0,0.E0));
#1969=VECTOR('',#1968,5.E-2);
#1970=CARTESIAN_POINT('',(3.65E0,-6.201223561365E-1,-3.3E-1));
#1971=LINE('',#1970,#1969);
#1972=DIRECTION('',(-1.E0,0.E0,0.E0));
#1973=VECTOR('',#1972,2.E-1);
#1974=CARTESIAN_POINT('',(3.85E0,-5.701223561365E-1,-3.3E-1));
#1975=LINE('',#1974,#1973);
#1976=DIRECTION('',(-2.664535259100E-14,1.E0,0.E0));
#1977=VECTOR('',#1976,5.E-2);
#1978=CARTESIAN_POINT('',(3.85E0,-6.201223561365E-1,-3.3E-1));
#1979=LINE('',#1978,#1977);
#1980=DIRECTION('',(0.E0,0.E0,-1.E0));
#1981=VECTOR('',#1980,8.7E-1);
#1982=CARTESIAN_POINT('',(3.85E0,-5.701223561365E-1,-3.3E-1));
#1983=LINE('',#1982,#1981);
#1984=DIRECTION('',(0.E0,0.E0,-1.E0));
#1985=VECTOR('',#1984,8.7E-1);
#1986=CARTESIAN_POINT('',(4.15E0,-5.701223561365E-1,-3.3E-1));
#1987=LINE('',#1986,#1985);
#1988=DIRECTION('',(-5.329070518201E-14,1.E0,0.E0));
#1989=VECTOR('',#1988,5.E-2);
#1990=CARTESIAN_POINT('',(4.15E0,-6.201223561365E-1,-3.3E-1));
#1991=LINE('',#1990,#1989);
#1992=DIRECTION('',(-1.E0,0.E0,0.E0));
#1993=VECTOR('',#1992,2.E-1);
#1994=CARTESIAN_POINT('',(4.35E0,-5.701223561365E-1,-3.3E-1));
#1995=LINE('',#1994,#1993);
#1996=DIRECTION('',(-1.776356839400E-14,1.E0,0.E0));
#1997=VECTOR('',#1996,5.E-2);
#1998=CARTESIAN_POINT('',(4.35E0,-6.201223561365E-1,-3.3E-1));
#1999=LINE('',#1998,#1997);
#2000=DIRECTION('',(0.E0,0.E0,-1.E0));
#2001=VECTOR('',#2000,8.7E-1);
#2002=CARTESIAN_POINT('',(4.35E0,-5.701223561365E-1,-3.3E-1));
#2003=LINE('',#2002,#2001);
#2004=DIRECTION('',(0.E0,-1.E0,0.E0));
#2005=VECTOR('',#2004,5.E-1);
#2006=CARTESIAN_POINT('',(4.77E0,-5.E-1,-4.05E0));
#2007=LINE('',#2006,#2005);
#2008=DIRECTION('',(0.E0,0.E0,1.E0));
#2009=VECTOR('',#2008,4.02E0);
#2010=CARTESIAN_POINT('',(4.77E0,-1.E0,-4.05E0));
#2011=LINE('',#2010,#2009);
#2012=DIRECTION('',(0.E0,1.E0,0.E0));
#2013=VECTOR('',#2012,7.987764386348E-2);
#2014=CARTESIAN_POINT('',(4.77E0,-1.E0,-3.E-2));
#2015=LINE('',#2014,#2013);
#2016=DIRECTION('',(0.E0,-7.071067811865E-1,7.071067811865E-1));
#2017=VECTOR('',#2016,4.242640687119E-1);
#2018=CARTESIAN_POINT('',(4.77E0,-6.201223561365E-1,-3.3E-1));
#2019=LINE('',#2018,#2017);
#2020=DIRECTION('',(0.E0,0.E0,-1.E0));
#2021=VECTOR('',#2020,8.7E-1);
#2022=CARTESIAN_POINT('',(4.77E0,-6.201223561365E-1,-3.3E-1));
#2023=LINE('',#2022,#2021);
#2024=DIRECTION('',(0.E0,1.E0,0.E0));
#2025=VECTOR('',#2024,4.515337244482E-1);
#2026=CARTESIAN_POINT('',(4.77E0,-6.201223561365E-1,-1.2E0));
#2027=LINE('',#2026,#2025);
#2028=DIRECTION('',(0.E0,0.E0,1.E0));
#2029=VECTOR('',#2028,5.E-2);
#2030=CARTESIAN_POINT('',(4.77E0,5.E-1,-1.25E0));
#2031=LINE('',#2030,#2029);
#2032=DIRECTION('',(-1.E0,0.E0,0.E0));
#2033=VECTOR('',#2032,9.54E0);
#2034=CARTESIAN_POINT('',(4.77E0,-9.201223561365E-1,-3.E-2));
#2035=LINE('',#2034,#2033);
#2036=DIRECTION('',(0.E0,1.E0,0.E0));
#2037=VECTOR('',#2036,7.987764386348E-2);
#2038=CARTESIAN_POINT('',(-4.77E0,-1.E0,-3.E-2));
#2039=LINE('',#2038,#2037);
#2040=DIRECTION('',(0.E0,-1.E0,0.E0));
#2041=VECTOR('',#2040,5.E-1);
#2042=CARTESIAN_POINT('',(-4.77E0,-5.E-1,-4.05E0));
#2043=LINE('',#2042,#2041);
#2044=DIRECTION('',(0.E0,-1.E0,0.E0));
#2045=VECTOR('',#2044,1.201223561365E-1);
#2046=CARTESIAN_POINT('',(-4.77E0,-5.E-1,-1.2E0));
#2047=LINE('',#2046,#2045);
#2048=DIRECTION('',(0.E0,0.E0,-1.E0));
#2049=VECTOR('',#2048,8.7E-1);
#2050=CARTESIAN_POINT('',(-4.77E0,-6.201223561365E-1,-3.3E-1));
#2051=LINE('',#2050,#2049);
#2052=DIRECTION('',(0.E0,7.071067811865E-1,-7.071067811865E-1));
#2053=VECTOR('',#2052,4.242640687119E-1);
#2054=CARTESIAN_POINT('',(-4.77E0,-9.201223561365E-1,-3.E-2));
#2055=LINE('',#2054,#2053);
#2056=DIRECTION('',(1.E0,0.E0,0.E0));
#2057=VECTOR('',#2056,3.E-2);
#2058=CARTESIAN_POINT('',(-4.8E0,-5.E-1,-4.05E0));
#2059=LINE('',#2058,#2057);
#2060=DIRECTION('',(0.E0,0.E0,-1.E0));
#2061=VECTOR('',#2060,2.85E0);
#2062=CARTESIAN_POINT('',(-4.8E0,-5.E-1,-1.2E0));
#2063=LINE('',#2062,#2061);
#2064=DIRECTION('',(-1.E0,0.E0,0.E0));
#2065=VECTOR('',#2064,3.E-2);
#2066=CARTESIAN_POINT('',(-4.77E0,-5.E-1,-1.2E0));
#2067=LINE('',#2066,#2065);
#2068=DIRECTION('',(0.E0,0.E0,1.E0));
#2069=VECTOR('',#2068,2.85E0);
#2070=CARTESIAN_POINT('',(-4.77E0,-5.E-1,-4.05E0));
#2071=LINE('',#2070,#2069);
#2072=DIRECTION('',(1.E0,0.E0,0.E0));
#2073=VECTOR('',#2072,3.E-2);
#2074=CARTESIAN_POINT('',(4.77E0,-5.E-1,-4.05E0));
#2075=LINE('',#2074,#2073);
#2076=DIRECTION('',(0.E0,0.E0,-1.E0));
#2077=VECTOR('',#2076,2.8E0);
#2078=CARTESIAN_POINT('',(4.77E0,-5.E-1,-1.25E0));
#2079=LINE('',#2078,#2077);
#2080=DIRECTION('',(0.E0,0.E0,1.E0));
#2081=VECTOR('',#2080,2.8E0);
#2082=CARTESIAN_POINT('',(4.8E0,-5.E-1,-4.05E0));
#2083=LINE('',#2082,#2081);
#2084=DIRECTION('',(0.E0,-1.E0,0.E0));
#2085=VECTOR('',#2084,5.E-1);
#2086=CARTESIAN_POINT('',(-4.8E0,-5.E-1,-4.05E0));
#2087=LINE('',#2086,#2085);
#2088=DIRECTION('',(0.E0,1.E0,0.E0));
#2089=VECTOR('',#2088,8.314113683117E-1);
#2090=CARTESIAN_POINT('',(-4.8E0,-1.E0,0.E0));
#2091=LINE('',#2090,#2089);
#2092=DIRECTION('',(0.E0,0.E0,-1.E0));
#2093=VECTOR('',#2092,1.2E0);
#2094=CARTESIAN_POINT('',(-4.8E0,-1.685886316883E-1,0.E0));
#2095=LINE('',#2094,#2093);
#2096=DIRECTION('',(0.E0,1.E0,0.E0));
#2097=VECTOR('',#2096,2.E0);
#2098=CARTESIAN_POINT('',(7.3E0,-1.E0,0.E0));
#2099=LINE('',#2098,#2097);
#2100=CARTESIAN_POINT('',(7.3E0,4.911064026810E-1,-5.553258490313E-1));
#2101=DIRECTION('',(1.E0,0.E0,0.E0));
#2102=DIRECTION('',(0.E0,9.817370361667E-1,-1.902429809971E-1));
#2103=AXIS2_PLACEMENT_3D('',#2100,#2101,#2102);
#2105=DIRECTION('',(0.E0,-1.902429809971E-1,-9.817370361667E-1));
#2106=VECTOR('',#2105,7.334388436674E-2);
#2107=CARTESIAN_POINT('',(7.3E0,5.096612326645E-1,-5.589214413721E-1));
#2108=LINE('',#2107,#2106);
#2109=DIRECTION('',(0.E0,-1.E0,0.E0));
#2110=VECTOR('',#2109,1.764E-1);
#2111=CARTESIAN_POINT('',(7.3E0,4.957080734647E-1,-6.309258490313E-1));
#2112=LINE('',#2111,#2110);
#2113=DIRECTION('',(0.E0,1.902429809971E-1,9.817370361667E-1));
#2114=VECTOR('',#2113,3.144426548329E-1);
#2115=CARTESIAN_POINT('',(7.3E0,3.193080734647E-1,-6.309258490313E-1));
#2116=LINE('',#2115,#2114);
#2117=DIRECTION('',(0.E0,-1.E0,0.E0));
#2118=VECTOR('',#2117,6.51E-2);
#2119=CARTESIAN_POINT('',(7.3E0,3.791285814727E-1,-3.222258490313E-1));
#2120=LINE('',#2119,#2118);
#2121=DIRECTION('',(0.E0,-1.902429809971E-1,-9.817370361667E-1));
#2122=VECTOR('',#2121,3.657802311321E-1);
#2123=CARTESIAN_POINT('',(7.3E0,3.140285814727E-1,-3.222258490313E-1));
#2124=LINE('',#2123,#2122);
#2125=DIRECTION('',(0.E0,-1.E0,0.E0));
#2126=VECTOR('',#2125,4.62E-2);
#2127=CARTESIAN_POINT('',(7.3E0,2.444414599123E-1,-6.813258490313E-1));
#2128=LINE('',#2127,#2126);
#2129=DIRECTION('',(0.E0,-4.440097461062E-1,8.960219558486E-1));
#2130=VECTOR('',#2129,2.338203846803E-1);
#2131=CARTESIAN_POINT('',(7.3E0,1.982414599123E-1,-6.813258490313E-1));
#2132=LINE('',#2131,#2130);
#2133=DIRECTION('',(0.E0,7.624425110114E-1,6.470559615694E-1));
#2134=VECTOR('',#2133,2.311883523005E-1);
#2135=CARTESIAN_POINT('',(7.3E0,9.442293027596E-2,-4.718176506328E-1));
#2136=LINE('',#2135,#2134);
#2137=DIRECTION('',(0.E0,-1.E0,0.E0));
#2138=VECTOR('',#2137,1.008E-1);
#2139=CARTESIAN_POINT('',(7.3E0,2.706907581205E-1,-3.222258490313E-1));
#2140=LINE('',#2139,#2138);
#2141=DIRECTION('',(0.E0,-7.624425110114E-1,-6.470559615694E-1));
#2142=VECTOR('',#2141,1.867457450981E-1);
#2143=CARTESIAN_POINT('',(7.3E0,1.698907581205E-1,-3.222258490313E-1));
#2144=LINE('',#2143,#2142);
#2145=DIRECTION('',(0.E0,1.902429809971E-1,9.817370361667E-1));
#2146=VECTOR('',#2145,1.230828044700E-1);
#2147=CARTESIAN_POINT('',(7.3E0,2.750786330724E-2,-4.430607966948E-1));
#2148=LINE('',#2147,#2146);
#2149=DIRECTION('',(0.E0,-1.E0,0.E0));
#2150=VECTOR('',#2149,2.373E-1);
#2151=CARTESIAN_POINT('',(7.3E0,5.092350293909E-2,-3.222258490313E-1));
#2152=LINE('',#2151,#2150);
#2153=DIRECTION('',(0.E0,-6.335159235754E-1,-7.737296521243E-1));
#2154=VECTOR('',#2153,1.519910729510E-1);
#2155=CARTESIAN_POINT('',(7.3E0,-1.863764970609E-1,-3.222258490313E-1));
#2156=LINE('',#2155,#2154);
#2157=DIRECTION('',(0.E0,-5.581796259215E-1,8.297201366763E-1));
#2158=VECTOR('',#2157,1.417345377099E-1);
#2159=CARTESIAN_POINT('',(7.3E0,-2.826652620167E-1,-4.398258490317E-1));
#2160=LINE('',#2159,#2158);
#2161=DIRECTION('',(0.E0,-1.E0,0.E0));
#2162=VECTOR('',#2161,7.98E-2);
#2163=CARTESIAN_POINT('',(7.3E0,-3.617785932558E-1,-3.222258490313E-1));
#2164=LINE('',#2163,#2162);
#2165=DIRECTION('',(0.E0,5.581796259215E-1,-8.297201366763E-1));
#2166=VECTOR('',#2165,2.062173252855E-1);
#2167=CARTESIAN_POINT('',(7.3E0,-4.415785932558E-1,-3.222258490313E-1));
#2168=LINE('',#2167,#2166);
#2169=DIRECTION('',(0.E0,-6.335159235754E-1,-7.737296521243E-1));
#2170=VECTOR('',#2169,2.619743629090E-1);
#2171=CARTESIAN_POINT('',(7.3E0,-3.264722837694E-1,-4.933285163522E-1));
#2172=LINE('',#2171,#2170);
#2173=DIRECTION('',(0.E0,1.E0,0.E0));
#2174=VECTOR('',#2173,8.4E-2);
#2175=CARTESIAN_POINT('',(7.3E0,-4.924372142407E-1,-6.960258490313E-1));
#2176=LINE('',#2175,#2174);
#2177=DIRECTION('',(0.E0,6.335159235754E-1,7.737296521243E-1));
#2178=VECTOR('',#2177,1.891858934160E-1);
#2179=CARTESIAN_POINT('',(7.3E0,-4.084372142407E-1,-6.960258490313E-1));
#2180=LINE('',#2179,#2178);
#2181=DIRECTION('',(0.E0,5.581796259215E-1,-8.297201366763E-1));
#2182=VECTOR('',#2181,1.764194082187E-1);
#2183=CARTESIAN_POINT('',(7.3E0,-2.885849382459E-1,-5.496471135317E-1));
#2184=LINE('',#2183,#2182);
#2185=DIRECTION('',(0.E0,1.E0,0.E0));
#2186=VECTOR('',#2185,7.98E-2);
#2187=CARTESIAN_POINT('',(7.3E0,-1.901112189610E-1,-6.960258490313E-1));
#2188=LINE('',#2187,#2186);
#2189=DIRECTION('',(0.E0,-5.581796259215E-1,8.297201366763E-1));
#2190=VECTOR('',#2189,2.409021957944E-1);
#2191=CARTESIAN_POINT('',(7.3E0,-1.103112189610E-1,-6.960258490313E-1));
#2192=LINE('',#2191,#2190);
#2193=DIRECTION('',(0.E0,6.335159235754E-1,7.737296521243E-1));
#2194=VECTOR('',#2193,2.030665320225E-1);
#2195=CARTESIAN_POINT('',(7.3E0,-2.447779164932E-1,-4.961444462112E-1));
#2196=LINE('',#2195,#2194);
#2197=DIRECTION('',(0.E0,1.E0,0.E0));
#2198=VECTOR('',#2197,9.87E-2);
#2199=CARTESIAN_POINT('',(7.3E0,-1.161320349117E-1,-3.390258490313E-1));
#2200=LINE('',#2199,#2198);
#2201=DIRECTION('',(0.E0,-1.902429809971E-1,-9.817370361667E-1));
#2202=VECTOR('',#2201,3.636411654530E-1);
#2203=CARTESIAN_POINT('',(7.3E0,-1.743203491169E-2,-3.390258490313E-1));
#2204=LINE('',#2203,#2202);
#2205=DIRECTION('',(0.E0,1.E0,0.E0));
#2206=VECTOR('',#2205,6.51E-2);
#2207=CARTESIAN_POINT('',(7.3E0,-8.661221424071E-2,-6.960258490313E-1));
#2208=LINE('',#2207,#2206);
#2209=DIRECTION('',(0.E0,1.902429809971E-1,9.817370361667E-1));
#2210=VECTOR('',#2209,1.533838145520E-1);
#2211=CARTESIAN_POINT('',(7.3E0,-2.151221424071E-2,-6.960258490313E-1));
#2212=LINE('',#2211,#2210);
#2213=DIRECTION('',(0.E0,7.624425110114E-1,6.470559615694E-1));
#2214=VECTOR('',#2213,4.670427584173E-2);
#2215=CARTESIAN_POINT('',(7.3E0,7.667979876367E-3,-5.454432775371E-1));
#2216=LINE('',#2215,#2214);
#2217=DIRECTION('',(0.E0,4.440097461062E-1,-8.960219558486E-1));
#2218=VECTOR('',#2217,2.017839523108E-1);
#2219=CARTESIAN_POINT('',(7.3E0,4.327730522411E-2,-5.152229974229E-1));
#2220=LINE('',#2219,#2218);
#2221=DIRECTION('',(0.E0,1.E0,0.E0));
#2222=VECTOR('',#2221,4.009434426581E-1);
#2223=CARTESIAN_POINT('',(7.3E0,1.328713466580E-1,-6.960258490313E-1));
#2224=LINE('',#2223,#2222);
#2225=CARTESIAN_POINT('',(7.3E0,5.338147893160E-1,-6.771258490313E-1));
#2226=DIRECTION('',(1.E0,0.E0,0.E0));
#2227=DIRECTION('',(0.E0,0.E0,-1.E0));
#2228=AXIS2_PLACEMENT_3D('',#2225,#2226,#2227);
#2230=DIRECTION('',(0.E0,1.902429809971E-1,9.817370361667E-1));
#2231=VECTOR('',#2230,1.261433015222E-1);
#2232=CARTESIAN_POINT('',(7.3E0,5.523696192996E-1,-6.807214413721E-1));
#2233=LINE('',#2232,#2231);
#2234=DIRECTION('',(0.E0,-6.067244641119E-1,7.949122119128E-1));
#2235=VECTOR('',#2234,6.800252979101E-2);
#2236=CARTESIAN_POINT('',(7.3E0,5.763674970139E-1,-5.568818904035E-1));
#2237=LINE('',#2236,#2235);
#2238=DIRECTION('',(0.E0,7.775518085501E-1,6.288188809351E-1));
#2239=VECTOR('',#2238,7.889895284133E-2);
#2240=CARTESIAN_POINT('',(7.3E0,5.351086985682E-1,-5.028258490316E-1));
#2241=LINE('',#2240,#2239);
#2242=DIRECTION('',(0.E0,1.902429809971E-1,9.817370361667E-1));
#2243=VECTOR('',#2242,8.504940808991E-2);
#2244=CARTESIAN_POINT('',(7.3E0,5.964567220427E-1,-4.532126977990E-1));
#2245=LINE('',#2244,#2243);
#2246=CARTESIAN_POINT('',(7.3E0,5.734654672267E-1,-3.621258490313E-1));
#2247=DIRECTION('',(1.E0,0.E0,0.E0));
#2248=DIRECTION('',(0.E0,9.817370361667E-1,-1.902429809971E-1));
#2249=AXIS2_PLACEMENT_3D('',#2246,#2247,#2248);
#2251=DIRECTION('',(0.E0,-1.E0,0.E0));
#2252=VECTOR('',#2251,1.280258497008E-1);
#2253=CARTESIAN_POINT('',(7.3E0,5.734654672267E-1,-3.222258490313E-1));
#2254=LINE('',#2253,#2252);
#2255=DIRECTION('',(0.E0,-1.902429809971E-1,-9.817370361667E-1));
#2256=VECTOR('',#2255,6.631103605319E-2);
#2257=CARTESIAN_POINT('',(7.3E0,4.454396175259E-1,-3.222258490313E-1));
#2258=LINE('',#2257,#2256);
#2259=DIRECTION('',(0.E0,1.E0,0.E0));
#2260=VECTOR('',#2259,1.100889639468E-1);
#2261=CARTESIAN_POINT('',(7.3E0,4.328244083542E-1,-3.873258490313E-1));
#2262=LINE('',#2261,#2260);
#2263=DIRECTION('',(0.E0,-1.902429809971E-1,-9.817370361667E-1));
#2264=VECTOR('',#2263,6.304502234416E-2);
#2265=CARTESIAN_POINT('',(7.3E0,5.429133723009E-1,-3.873258490313E-1));
#2266=LINE('',#2265,#2264);
#2267=CARTESIAN_POINT('',(7.3E0,5.041180782258E-1,-4.440258490313E-1));
#2268=DIRECTION('',(1.E0,0.E0,0.E0));
#2269=DIRECTION('',(0.E0,0.E0,-1.E0));
#2270=AXIS2_PLACEMENT_3D('',#2267,#2268,#2269);
#2272=DIRECTION('',(0.E0,-1.E0,0.E0));
#2273=VECTOR('',#2272,8.757135912554E-2);
#2274=CARTESIAN_POINT('',(7.3E0,5.041180782258E-1,-4.713258490313E-1));
#2275=LINE('',#2274,#2273);
#2276=DIRECTION('',(0.E0,-1.902429809971E-1,-9.817370361667E-1));
#2277=VECTOR('',#2276,6.631103605319E-2);
#2278=CARTESIAN_POINT('',(7.3E0,4.165467191003E-1,-4.713258490313E-1));
#2279=LINE('',#2278,#2277);
#2280=DIRECTION('',(0.E0,1.E0,0.E0));
#2281=VECTOR('',#2280,8.717489275245E-2);
#2282=CARTESIAN_POINT('',(7.3E0,4.039315099285E-1,-5.364258490313E-1));
#2283=LINE('',#2282,#2281);
#2284=DIRECTION('',(-1.E0,0.E0,0.E0));
#2285=VECTOR('',#2284,5.E-2);
#2286=CARTESIAN_POINT('',(7.3E0,4.911064026810E-1,-5.364258490313E-1));
#2287=LINE('',#2286,#2285);
#2288=DIRECTION('',(-1.E0,0.E0,0.E0));
#2289=VECTOR('',#2288,5.E-2);
#2290=CARTESIAN_POINT('',(7.3E0,4.039315099285E-1,-5.364258490313E-1));
#2291=LINE('',#2290,#2289);
#2292=DIRECTION('',(-1.E0,0.E0,0.E0));
#2293=VECTOR('',#2292,5.E-2);
#2294=CARTESIAN_POINT('',(7.3E0,4.165467191003E-1,-4.713258490313E-1));
#2295=LINE('',#2294,#2293);
#2296=DIRECTION('',(-1.E0,0.E0,0.E0));
#2297=VECTOR('',#2296,5.E-2);
#2298=CARTESIAN_POINT('',(7.3E0,5.041180782258E-1,-4.713258490313E-1));
#2299=LINE('',#2298,#2297);
#2300=DIRECTION('',(-1.E0,0.E0,0.E0));
#2301=VECTOR('',#2300,5.E-2);
#2302=CARTESIAN_POINT('',(7.3E0,5.309194993132E-1,-4.492194824125E-1));
#2303=LINE('',#2302,#2301);
#2304=DIRECTION('',(-1.E0,0.E0,0.E0));
#2305=VECTOR('',#2304,5.E-2);
#2306=CARTESIAN_POINT('',(7.3E0,5.429133723009E-1,-3.873258490313E-1));
#2307=LINE('',#2306,#2305);
#2308=DIRECTION('',(-1.E0,0.E0,0.E0));
#2309=VECTOR('',#2308,5.E-2);
#2310=CARTESIAN_POINT('',(7.3E0,4.328244083542E-1,-3.873258490313E-1));
#2311=LINE('',#2310,#2309);
#2312=DIRECTION('',(-1.E0,0.E0,0.E0));
#2313=VECTOR('',#2312,5.E-2);
#2314=CARTESIAN_POINT('',(7.3E0,4.454396175259E-1,-3.222258490313E-1));
#2315=LINE('',#2314,#2313);
#2316=DIRECTION('',(-1.E0,0.E0,0.E0));
#2317=VECTOR('',#2316,5.E-2);
#2318=CARTESIAN_POINT('',(7.3E0,5.734654672267E-1,-3.222258490313E-1));
#2319=LINE('',#2318,#2317);
#2320=DIRECTION('',(-1.E0,0.E0,0.E0));
#2321=VECTOR('',#2320,5.E-2);
#2322=CARTESIAN_POINT('',(7.3E0,6.126367749698E-1,-3.697165439731E-1));
#2323=LINE('',#2322,#2321);
#2324=DIRECTION('',(-1.E0,0.E0,0.E0));
#2325=VECTOR('',#2324,5.E-2);
#2326=CARTESIAN_POINT('',(7.3E0,5.964567220427E-1,-4.532126977990E-1));
#2327=LINE('',#2326,#2325);
#2328=DIRECTION('',(-1.E0,0.E0,0.E0));
#2329=VECTOR('',#2328,5.E-2);
#2330=CARTESIAN_POINT('',(7.3E0,5.351086985682E-1,-5.028258490316E-1));
#2331=LINE('',#2330,#2329);
#2332=DIRECTION('',(-1.E0,0.E0,0.E0));
#2333=VECTOR('',#2332,5.E-2);
#2334=CARTESIAN_POINT('',(7.3E0,5.763674970139E-1,-5.568818904035E-1));
#2335=LINE('',#2334,#2333);
#2336=DIRECTION('',(-1.E0,0.E0,0.E0));
#2337=VECTOR('',#2336,5.E-2);
#2338=CARTESIAN_POINT('',(7.3E0,5.523696192996E-1,-6.807214413721E-1));
#2339=LINE('',#2338,#2337);
#2340=DIRECTION('',(-1.E0,0.E0,0.E0));
#2341=VECTOR('',#2340,5.E-2);
#2342=CARTESIAN_POINT('',(7.3E0,5.338147893160E-1,-6.960258490313E-1));
#2343=LINE('',#2342,#2341);
#2344=DIRECTION('',(-1.E0,0.E0,0.E0));
#2345=VECTOR('',#2344,5.E-2);
#2346=CARTESIAN_POINT('',(7.3E0,1.328713466580E-1,-6.960258490313E-1));
#2347=LINE('',#2346,#2345);
#2348=DIRECTION('',(-1.E0,0.E0,0.E0));
#2349=VECTOR('',#2348,5.E-2);
#2350=CARTESIAN_POINT('',(7.3E0,4.327730522411E-2,-5.152229974229E-1));
#2351=LINE('',#2350,#2349);
#2352=DIRECTION('',(-1.E0,0.E0,0.E0));
#2353=VECTOR('',#2352,5.E-2);
#2354=CARTESIAN_POINT('',(7.3E0,7.667979876367E-3,-5.454432775371E-1));
#2355=LINE('',#2354,#2353);
#2356=DIRECTION('',(-1.E0,0.E0,0.E0));
#2357=VECTOR('',#2356,5.E-2);
#2358=CARTESIAN_POINT('',(7.3E0,-2.151221424071E-2,-6.960258490313E-1));
#2359=LINE('',#2358,#2357);
#2360=DIRECTION('',(-1.E0,0.E0,0.E0));
#2361=VECTOR('',#2360,5.E-2);
#2362=CARTESIAN_POINT('',(7.3E0,-8.661221424071E-2,-6.960258490313E-1));
#2363=LINE('',#2362,#2361);
#2364=DIRECTION('',(-1.E0,0.E0,0.E0));
#2365=VECTOR('',#2364,5.E-2);
#2366=CARTESIAN_POINT('',(7.3E0,-1.743203491169E-2,-3.390258490313E-1));
#2367=LINE('',#2366,#2365);
#2368=DIRECTION('',(-1.E0,0.E0,0.E0));
#2369=VECTOR('',#2368,5.E-2);
#2370=CARTESIAN_POINT('',(7.3E0,-1.161320349117E-1,-3.390258490313E-1));
#2371=LINE('',#2370,#2369);
#2372=DIRECTION('',(-1.E0,0.E0,0.E0));
#2373=VECTOR('',#2372,5.E-2);
#2374=CARTESIAN_POINT('',(7.3E0,-2.447779164932E-1,-4.961444462112E-1));
#2375=LINE('',#2374,#2373);
#2376=DIRECTION('',(-1.E0,0.E0,0.E0));
#2377=VECTOR('',#2376,5.E-2);
#2378=CARTESIAN_POINT('',(7.3E0,-1.103112189610E-1,-6.960258490313E-1));
#2379=LINE('',#2378,#2377);
#2380=DIRECTION('',(-1.E0,0.E0,0.E0));
#2381=VECTOR('',#2380,5.E-2);
#2382=CARTESIAN_POINT('',(7.3E0,-1.901112189610E-1,-6.960258490313E-1));
#2383=LINE('',#2382,#2381);
#2384=DIRECTION('',(-1.E0,0.E0,0.E0));
#2385=VECTOR('',#2384,5.E-2);
#2386=CARTESIAN_POINT('',(7.3E0,-2.885849382459E-1,-5.496471135317E-1));
#2387=LINE('',#2386,#2385);
#2388=DIRECTION('',(-1.E0,0.E0,0.E0));
#2389=VECTOR('',#2388,5.E-2);
#2390=CARTESIAN_POINT('',(7.3E0,-4.084372142407E-1,-6.960258490313E-1));
#2391=LINE('',#2390,#2389);
#2392=DIRECTION('',(-1.E0,0.E0,0.E0));
#2393=VECTOR('',#2392,5.E-2);
#2394=CARTESIAN_POINT('',(7.3E0,-4.924372142407E-1,-6.960258490313E-1));
#2395=LINE('',#2394,#2393);
#2396=DIRECTION('',(-1.E0,0.E0,0.E0));
#2397=VECTOR('',#2396,5.E-2);
#2398=CARTESIAN_POINT('',(7.3E0,-3.264722837694E-1,-4.933285163522E-1));
#2399=LINE('',#2398,#2397);
#2400=DIRECTION('',(-1.E0,0.E0,0.E0));
#2401=VECTOR('',#2400,5.E-2);
#2402=CARTESIAN_POINT('',(7.3E0,-4.415785932558E-1,-3.222258490313E-1));
#2403=LINE('',#2402,#2401);
#2404=DIRECTION('',(-1.E0,0.E0,0.E0));
#2405=VECTOR('',#2404,5.E-2);
#2406=CARTESIAN_POINT('',(7.3E0,-3.617785932558E-1,-3.222258490313E-1));
#2407=LINE('',#2406,#2405);
#2408=DIRECTION('',(-1.E0,0.E0,0.E0));
#2409=VECTOR('',#2408,5.E-2);
#2410=CARTESIAN_POINT('',(7.3E0,-2.826652620167E-1,-4.398258490317E-1));
#2411=LINE('',#2410,#2409);
#2412=DIRECTION('',(-1.E0,0.E0,0.E0));
#2413=VECTOR('',#2412,5.E-2);
#2414=CARTESIAN_POINT('',(7.3E0,-1.863764970609E-1,-3.222258490313E-1));
#2415=LINE('',#2414,#2413);
#2416=DIRECTION('',(-1.E0,0.E0,0.E0));
#2417=VECTOR('',#2416,5.E-2);
#2418=CARTESIAN_POINT('',(7.3E0,5.092350293909E-2,-3.222258490313E-1));
#2419=LINE('',#2418,#2417);
#2420=DIRECTION('',(-1.E0,0.E0,0.E0));
#2421=VECTOR('',#2420,5.E-2);
#2422=CARTESIAN_POINT('',(7.3E0,2.750786330724E-2,-4.430607966948E-1));
#2423=LINE('',#2422,#2421);
#2424=DIRECTION('',(-1.E0,0.E0,0.E0));
#2425=VECTOR('',#2424,5.E-2);
#2426=CARTESIAN_POINT('',(7.3E0,1.698907581205E-1,-3.222258490313E-1));
#2427=LINE('',#2426,#2425);
#2428=DIRECTION('',(-1.E0,0.E0,0.E0));
#2429=VECTOR('',#2428,5.E-2);
#2430=CARTESIAN_POINT('',(7.3E0,2.706907581205E-1,-3.222258490313E-1));
#2431=LINE('',#2430,#2429);
#2432=DIRECTION('',(-1.E0,0.E0,0.E0));
#2433=VECTOR('',#2432,5.E-2);
#2434=CARTESIAN_POINT('',(7.3E0,9.442293027596E-2,-4.718176506328E-1));
#2435=LINE('',#2434,#2433);
#2436=DIRECTION('',(-1.E0,0.E0,0.E0));
#2437=VECTOR('',#2436,5.E-2);
#2438=CARTESIAN_POINT('',(7.3E0,1.982414599123E-1,-6.813258490313E-1));
#2439=LINE('',#2438,#2437);
#2440=DIRECTION('',(-1.E0,0.E0,0.E0));
#2441=VECTOR('',#2440,5.E-2);
#2442=CARTESIAN_POINT('',(7.3E0,2.444414599123E-1,-6.813258490313E-1));
#2443=LINE('',#2442,#2441);
#2444=DIRECTION('',(-1.E0,0.E0,0.E0));
#2445=VECTOR('',#2444,5.E-2);
#2446=CARTESIAN_POINT('',(7.3E0,3.140285814727E-1,-3.222258490313E-1));
#2447=LINE('',#2446,#2445);
#2448=DIRECTION('',(-1.E0,0.E0,0.E0));
#2449=VECTOR('',#2448,5.E-2);
#2450=CARTESIAN_POINT('',(7.3E0,3.791285814727E-1,-3.222258490313E-1));
#2451=LINE('',#2450,#2449);
#2452=DIRECTION('',(-1.E0,0.E0,0.E0));
#2453=VECTOR('',#2452,5.E-2);
#2454=CARTESIAN_POINT('',(7.3E0,3.193080734647E-1,-6.309258490313E-1));
#2455=LINE('',#2454,#2453);
#2456=DIRECTION('',(-1.E0,0.E0,0.E0));
#2457=VECTOR('',#2456,5.E-2);
#2458=CARTESIAN_POINT('',(7.3E0,4.957080734647E-1,-6.309258490313E-1));
#2459=LINE('',#2458,#2457);
#2460=DIRECTION('',(-1.E0,0.E0,0.E0));
#2461=VECTOR('',#2460,5.E-2);
#2462=CARTESIAN_POINT('',(7.3E0,5.096612326645E-1,-5.589214413721E-1));
#2463=LINE('',#2462,#2461);
#2464=CARTESIAN_POINT('',(7.25E0,4.911064026810E-1,-5.553258490313E-1));
#2465=DIRECTION('',(-1.E0,0.E0,0.E0));
#2466=DIRECTION('',(0.E0,2.349678358995E-14,1.E0));
#2467=AXIS2_PLACEMENT_3D('',#2464,#2465,#2466);
#2469=DIRECTION('',(0.E0,1.E0,0.E0));
#2470=VECTOR('',#2469,8.717489275245E-2);
#2471=CARTESIAN_POINT('',(7.25E0,4.039315099285E-1,-5.364258490313E-1));
#2472=LINE('',#2471,#2470);
#2473=DIRECTION('',(0.E0,-1.902429809971E-1,-9.817370361667E-1));
#2474=VECTOR('',#2473,6.631103605319E-2);
#2475=CARTESIAN_POINT('',(7.25E0,4.165467191003E-1,-4.713258490313E-1));
#2476=LINE('',#2475,#2474);
#2477=DIRECTION('',(0.E0,-1.E0,0.E0));
#2478=VECTOR('',#2477,8.757135912554E-2);
#2479=CARTESIAN_POINT('',(7.25E0,5.041180782258E-1,-4.713258490313E-1));
#2480=LINE('',#2479,#2478);
#2481=CARTESIAN_POINT('',(7.25E0,5.041180782258E-1,-4.440258490313E-1));
#2482=DIRECTION('',(-1.E0,0.E0,0.E0));
#2483=DIRECTION('',(0.E0,9.817370361667E-1,-1.902429809971E-1));
#2484=AXIS2_PLACEMENT_3D('',#2481,#2482,#2483);
#2486=DIRECTION('',(0.E0,-1.902429809971E-1,-9.817370361667E-1));
#2487=VECTOR('',#2486,6.304502234416E-2);
#2488=CARTESIAN_POINT('',(7.25E0,5.429133723009E-1,-3.873258490313E-1));
#2489=LINE('',#2488,#2487);
#2490=DIRECTION('',(0.E0,1.E0,0.E0));
#2491=VECTOR('',#2490,1.100889639468E-1);
#2492=CARTESIAN_POINT('',(7.25E0,4.328244083542E-1,-3.873258490313E-1));
#2493=LINE('',#2492,#2491);
#2494=DIRECTION('',(0.E0,-1.902429809971E-1,-9.817370361667E-1));
#2495=VECTOR('',#2494,6.631103605319E-2);
#2496=CARTESIAN_POINT('',(7.25E0,4.454396175259E-1,-3.222258490313E-1));
#2497=LINE('',#2496,#2495);
#2498=DIRECTION('',(0.E0,-1.E0,0.E0));
#2499=VECTOR('',#2498,1.280258497008E-1);
#2500=CARTESIAN_POINT('',(7.25E0,5.734654672267E-1,-3.222258490313E-1));
#2501=LINE('',#2500,#2499);
#2502=CARTESIAN_POINT('',(7.25E0,5.734654672267E-1,-3.621258490313E-1));
#2503=DIRECTION('',(1.E0,0.E0,0.E0));
#2504=DIRECTION('',(0.E0,9.817370361667E-1,-1.902429809971E-1));
#2505=AXIS2_PLACEMENT_3D('',#2502,#2503,#2504);
#2507=DIRECTION('',(0.E0,1.902429809971E-1,9.817370361667E-1));
#2508=VECTOR('',#2507,8.504940808991E-2);
#2509=CARTESIAN_POINT('',(7.25E0,5.964567220427E-1,-4.532126977990E-1));
#2510=LINE('',#2509,#2508);
#2511=DIRECTION('',(0.E0,7.775518085501E-1,6.288188809351E-1));
#2512=VECTOR('',#2511,7.889895284133E-2);
#2513=CARTESIAN_POINT('',(7.25E0,5.351086985682E-1,-5.028258490316E-1));
#2514=LINE('',#2513,#2512);
#2515=DIRECTION('',(0.E0,-6.067244641119E-1,7.949122119128E-1));
#2516=VECTOR('',#2515,6.800252979101E-2);
#2517=CARTESIAN_POINT('',(7.25E0,5.763674970139E-1,-5.568818904035E-1));
#2518=LINE('',#2517,#2516);
#2519=DIRECTION('',(0.E0,1.902429809971E-1,9.817370361667E-1));
#2520=VECTOR('',#2519,1.261433015222E-1);
#2521=CARTESIAN_POINT('',(7.25E0,5.523696192996E-1,-6.807214413721E-1));
#2522=LINE('',#2521,#2520);
#2523=CARTESIAN_POINT('',(7.25E0,5.338147893160E-1,-6.771258490313E-1));
#2524=DIRECTION('',(1.E0,0.E0,0.E0));
#2525=DIRECTION('',(0.E0,0.E0,-1.E0));
#2526=AXIS2_PLACEMENT_3D('',#2523,#2524,#2525);
#2528=DIRECTION('',(0.E0,1.E0,0.E0));
#2529=VECTOR('',#2528,4.009434426581E-1);
#2530=CARTESIAN_POINT('',(7.25E0,1.328713466580E-1,-6.960258490313E-1));
#2531=LINE('',#2530,#2529);
#2532=DIRECTION('',(0.E0,4.440097461062E-1,-8.960219558486E-1));
#2533=VECTOR('',#2532,2.017839523108E-1);
#2534=CARTESIAN_POINT('',(7.25E0,4.327730522411E-2,-5.152229974229E-1));
#2535=LINE('',#2534,#2533);
#2536=DIRECTION('',(0.E0,7.624425110114E-1,6.470559615694E-1));
#2537=VECTOR('',#2536,4.670427584173E-2);
#2538=CARTESIAN_POINT('',(7.25E0,7.667979876367E-3,-5.454432775371E-1));
#2539=LINE('',#2538,#2537);
#2540=DIRECTION('',(0.E0,1.902429809971E-1,9.817370361667E-1));
#2541=VECTOR('',#2540,1.533838145520E-1);
#2542=CARTESIAN_POINT('',(7.25E0,-2.151221424071E-2,-6.960258490313E-1));
#2543=LINE('',#2542,#2541);
#2544=DIRECTION('',(0.E0,1.E0,0.E0));
#2545=VECTOR('',#2544,6.51E-2);
#2546=CARTESIAN_POINT('',(7.25E0,-8.661221424071E-2,-6.960258490313E-1));
#2547=LINE('',#2546,#2545);
#2548=DIRECTION('',(0.E0,-1.902429809971E-1,-9.817370361667E-1));
#2549=VECTOR('',#2548,3.636411654530E-1);
#2550=CARTESIAN_POINT('',(7.25E0,-1.743203491169E-2,-3.390258490313E-1));
#2551=LINE('',#2550,#2549);
#2552=DIRECTION('',(0.E0,1.E0,0.E0));
#2553=VECTOR('',#2552,9.87E-2);
#2554=CARTESIAN_POINT('',(7.25E0,-1.161320349117E-1,-3.390258490313E-1));
#2555=LINE('',#2554,#2553);
#2556=DIRECTION('',(0.E0,6.335159235754E-1,7.737296521243E-1));
#2557=VECTOR('',#2556,2.030665320225E-1);
#2558=CARTESIAN_POINT('',(7.25E0,-2.447779164932E-1,-4.961444462112E-1));
#2559=LINE('',#2558,#2557);
#2560=DIRECTION('',(0.E0,-5.581796259215E-1,8.297201366763E-1));
#2561=VECTOR('',#2560,2.409021957944E-1);
#2562=CARTESIAN_POINT('',(7.25E0,-1.103112189610E-1,-6.960258490313E-1));
#2563=LINE('',#2562,#2561);
#2564=DIRECTION('',(0.E0,1.E0,0.E0));
#2565=VECTOR('',#2564,7.98E-2);
#2566=CARTESIAN_POINT('',(7.25E0,-1.901112189610E-1,-6.960258490313E-1));
#2567=LINE('',#2566,#2565);
#2568=DIRECTION('',(0.E0,5.581796259215E-1,-8.297201366763E-1));
#2569=VECTOR('',#2568,1.764194082187E-1);
#2570=CARTESIAN_POINT('',(7.25E0,-2.885849382459E-1,-5.496471135317E-1));
#2571=LINE('',#2570,#2569);
#2572=DIRECTION('',(0.E0,6.335159235754E-1,7.737296521243E-1));
#2573=VECTOR('',#2572,1.891858934160E-1);
#2574=CARTESIAN_POINT('',(7.25E0,-4.084372142407E-1,-6.960258490313E-1));
#2575=LINE('',#2574,#2573);
#2576=DIRECTION('',(0.E0,1.E0,0.E0));
#2577=VECTOR('',#2576,8.4E-2);
#2578=CARTESIAN_POINT('',(7.25E0,-4.924372142407E-1,-6.960258490313E-1));
#2579=LINE('',#2578,#2577);
#2580=DIRECTION('',(0.E0,-6.335159235754E-1,-7.737296521243E-1));
#2581=VECTOR('',#2580,2.619743629090E-1);
#2582=CARTESIAN_POINT('',(7.25E0,-3.264722837694E-1,-4.933285163522E-1));
#2583=LINE('',#2582,#2581);
#2584=DIRECTION('',(0.E0,5.581796259215E-1,-8.297201366763E-1));
#2585=VECTOR('',#2584,2.062173252855E-1);
#2586=CARTESIAN_POINT('',(7.25E0,-4.415785932558E-1,-3.222258490313E-1));
#2587=LINE('',#2586,#2585);
#2588=DIRECTION('',(0.E0,-1.E0,0.E0));
#2589=VECTOR('',#2588,7.98E-2);
#2590=CARTESIAN_POINT('',(7.25E0,-3.617785932558E-1,-3.222258490313E-1));
#2591=LINE('',#2590,#2589);
#2592=DIRECTION('',(0.E0,-5.581796259215E-1,8.297201366763E-1));
#2593=VECTOR('',#2592,1.417345377099E-1);
#2594=CARTESIAN_POINT('',(7.25E0,-2.826652620167E-1,-4.398258490317E-1));
#2595=LINE('',#2594,#2593);
#2596=DIRECTION('',(0.E0,-6.335159235754E-1,-7.737296521243E-1));
#2597=VECTOR('',#2596,1.519910729510E-1);
#2598=CARTESIAN_POINT('',(7.25E0,-1.863764970609E-1,-3.222258490313E-1));
#2599=LINE('',#2598,#2597);
#2600=DIRECTION('',(0.E0,-1.E0,0.E0));
#2601=VECTOR('',#2600,2.373E-1);
#2602=CARTESIAN_POINT('',(7.25E0,5.092350293909E-2,-3.222258490313E-1));
#2603=LINE('',#2602,#2601);
#2604=DIRECTION('',(0.E0,1.902429809971E-1,9.817370361667E-1));
#2605=VECTOR('',#2604,1.230828044700E-1);
#2606=CARTESIAN_POINT('',(7.25E0,2.750786330724E-2,-4.430607966948E-1));
#2607=LINE('',#2606,#2605);
#2608=DIRECTION('',(0.E0,-7.624425110114E-1,-6.470559615694E-1));
#2609=VECTOR('',#2608,1.867457450981E-1);
#2610=CARTESIAN_POINT('',(7.25E0,1.698907581205E-1,-3.222258490313E-1));
#2611=LINE('',#2610,#2609);
#2612=DIRECTION('',(0.E0,-1.E0,0.E0));
#2613=VECTOR('',#2612,1.008E-1);
#2614=CARTESIAN_POINT('',(7.25E0,2.706907581205E-1,-3.222258490313E-1));
#2615=LINE('',#2614,#2613);
#2616=DIRECTION('',(0.E0,7.624425110114E-1,6.470559615694E-1));
#2617=VECTOR('',#2616,2.311883523005E-1);
#2618=CARTESIAN_POINT('',(7.25E0,9.442293027596E-2,-4.718176506328E-1));
#2619=LINE('',#2618,#2617);
#2620=DIRECTION('',(0.E0,-4.440097461062E-1,8.960219558486E-1));
#2621=VECTOR('',#2620,2.338203846803E-1);
#2622=CARTESIAN_POINT('',(7.25E0,1.982414599123E-1,-6.813258490313E-1));
#2623=LINE('',#2622,#2621);
#2624=DIRECTION('',(0.E0,-1.E0,0.E0));
#2625=VECTOR('',#2624,4.62E-2);
#2626=CARTESIAN_POINT('',(7.25E0,2.444414599123E-1,-6.813258490313E-1));
#2627=LINE('',#2626,#2625);
#2628=DIRECTION('',(0.E0,-1.902429809971E-1,-9.817370361667E-1));
#2629=VECTOR('',#2628,3.657802311321E-1);
#2630=CARTESIAN_POINT('',(7.25E0,3.140285814727E-1,-3.222258490313E-1));
#2631=LINE('',#2630,#2629);
#2632=DIRECTION('',(0.E0,-1.E0,0.E0));
#2633=VECTOR('',#2632,6.51E-2);
#2634=CARTESIAN_POINT('',(7.25E0,3.791285814727E-1,-3.222258490313E-1));
#2635=LINE('',#2634,#2633);
#2636=DIRECTION('',(0.E0,1.902429809971E-1,9.817370361667E-1));
#2637=VECTOR('',#2636,3.144426548329E-1);
#2638=CARTESIAN_POINT('',(7.25E0,3.193080734647E-1,-6.309258490313E-1));
#2639=LINE('',#2638,#2637);
#2640=DIRECTION('',(0.E0,-1.E0,0.E0));
#2641=VECTOR('',#2640,1.764E-1);
#2642=CARTESIAN_POINT('',(7.25E0,4.957080734647E-1,-6.309258490313E-1));
#2643=LINE('',#2642,#2641);
#2644=DIRECTION('',(0.E0,-1.902429809971E-1,-9.817370361667E-1));
#2645=VECTOR('',#2644,7.334388436674E-2);
#2646=CARTESIAN_POINT('',(7.25E0,5.096612326645E-1,-5.589214413721E-1));
#2647=LINE('',#2646,#2645);
#2648=CARTESIAN_POINT('',(-6.45E0,-7.E-1,-1.2E0));
#2649=DIRECTION('',(0.E0,0.E0,1.E0));
#2650=DIRECTION('',(-1.E0,0.E0,0.E0));
#2651=AXIS2_PLACEMENT_3D('',#2648,#2649,#2650);
#2653=DIRECTION('',(0.E0,0.E0,1.E0));
#2654=VECTOR('',#2653,3.E-1);
#2655=CARTESIAN_POINT('',(-4.825E0,9.E-1,-4.4E0));
#2656=LINE('',#2655,#2654);
#2657=DIRECTION('',(0.E0,-1.E0,0.E0));
#2658=VECTOR('',#2657,1.E-1);
#2659=CARTESIAN_POINT('',(-4.825E0,1.E0,-4.4E0));
#2660=LINE('',#2659,#2658);
#2661=DIRECTION('',(0.E0,-1.E0,0.E0));
#2662=VECTOR('',#2661,1.E-1);
#2663=CARTESIAN_POINT('',(-4.825E0,-9.E-1,-4.4E0));
#2664=LINE('',#2663,#2662);
#2665=DIRECTION('',(0.E0,0.E0,1.E0));
#2666=VECTOR('',#2665,3.5E-1);
#2667=CARTESIAN_POINT('',(-4.825E0,-1.E0,-4.4E0));
#2668=LINE('',#2667,#2666);
#2669=DIRECTION('',(0.E0,0.E0,1.E0));
#2670=VECTOR('',#2669,3.5E-1);
#2671=CARTESIAN_POINT('',(-4.825E0,-9.E-1,-4.4E0));
#2672=LINE('',#2671,#2670);
#2673=DIRECTION('',(0.E0,0.E0,1.E0));
#2674=VECTOR('',#2673,3.E-1);
#2675=CARTESIAN_POINT('',(-4.825E0,8.E-1,-4.4E0));
#2676=LINE('',#2675,#2674);
#2677=DIRECTION('',(0.E0,-1.E0,0.E0));
#2678=VECTOR('',#2677,1.6E0);
#2679=CARTESIAN_POINT('',(-4.825E0,8.E-1,-4.4E0));
#2680=LINE('',#2679,#2678);
#2681=DIRECTION('',(0.E0,0.E0,1.E0));
#2682=VECTOR('',#2681,3.5E-1);
#2683=CARTESIAN_POINT('',(-4.825E0,-8.E-1,-4.4E0));
#2684=LINE('',#2683,#2682);
#2685=DIRECTION('',(0.E0,0.E0,1.E0));
#2686=VECTOR('',#2685,3.2E0);
#2687=CARTESIAN_POINT('',(-6.45E0,9.E-1,-4.4E0));
#2688=LINE('',#2687,#2686);
#2689=DIRECTION('',(0.E0,0.E0,1.E0));
#2690=VECTOR('',#2689,3.2E0);
#2691=CARTESIAN_POINT('',(-6.65E0,7.E-1,-4.4E0));
#2692=LINE('',#2691,#2690);
#2693=DIRECTION('',(0.E0,0.E0,1.E0));
#2694=VECTOR('',#2693,3.2E0);
#2695=CARTESIAN_POINT('',(-6.65E0,1.894566627610E-1,-4.4E0));
#2696=LINE('',#2695,#2694);
#2697=DIRECTION('',(0.E0,0.E0,1.E0));
#2698=VECTOR('',#2697,3.2E0);
#2699=CARTESIAN_POINT('',(-6.55E0,1.894566627610E-1,-4.4E0));
#2700=LINE('',#2699,#2698);
#2701=DIRECTION('',(0.E0,0.E0,1.E0));
#2702=VECTOR('',#2701,3.2E0);
#2703=CARTESIAN_POINT('',(-6.55E0,7.E-1,-4.4E0));
#2704=LINE('',#2703,#2702);
#2705=DIRECTION('',(0.E0,0.E0,1.E0));
#2706=VECTOR('',#2705,3.2E0);
#2707=CARTESIAN_POINT('',(-6.45E0,8.E-1,-4.4E0));
#2708=LINE('',#2707,#2706);
#2709=DIRECTION('',(-1.E0,0.E0,3.552713678800E-14));
#2710=VECTOR('',#2709,2.5E-2);
#2711=CARTESIAN_POINT('',(-4.825E0,8.E-1,-4.1E0));
#2712=LINE('',#2711,#2710);
#2713=DIRECTION('',(0.E0,-1.E0,0.E0));
#2714=VECTOR('',#2713,1.2E-1);
#2715=CARTESIAN_POINT('',(-4.825E0,8.E-1,-4.1E0));
#2716=LINE('',#2715,#2714);
#2717=DIRECTION('',(-1.E0,0.E0,3.552713678800E-14));
#2718=VECTOR('',#2717,2.5E-2);
#2719=CARTESIAN_POINT('',(-4.825E0,9.E-1,-4.1E0));
#2720=LINE('',#2719,#2718);
#2721=DIRECTION('',(0.E0,-1.E0,0.E0));
#2722=VECTOR('',#2721,1.E-1);
#2723=CARTESIAN_POINT('',(-4.825E0,1.E0,-4.1E0));
#2724=LINE('',#2723,#2722);
#2725=DIRECTION('',(0.E0,0.E0,1.E0));
#2726=VECTOR('',#2725,2.9E0);
#2727=CARTESIAN_POINT('',(-4.85E0,8.E-1,-4.1E0));
#2728=LINE('',#2727,#2726);
#2729=DIRECTION('',(0.E0,-1.E0,0.E0));
#2730=VECTOR('',#2729,1.2E-1);
#2731=CARTESIAN_POINT('',(-4.85E0,8.E-1,-4.1E0));
#2732=LINE('',#2731,#2730);
#2733=DIRECTION('',(0.E0,0.E0,1.E0));
#2734=VECTOR('',#2733,5.E-2);
#2735=CARTESIAN_POINT('',(-4.85E0,6.8E-1,-4.15E0));
#2736=LINE('',#2735,#2734);
#2737=DIRECTION('',(0.E0,-1.E0,0.E0));
#2738=VECTOR('',#2737,1.8E-1);
#2739=CARTESIAN_POINT('',(-4.85E0,6.8E-1,-4.15E0));
#2740=LINE('',#2739,#2738);
#2741=DIRECTION('',(0.E0,0.E0,1.E0));
#2742=VECTOR('',#2741,2.9E0);
#2743=CARTESIAN_POINT('',(-4.85E0,9.E-1,-4.1E0));
#2744=LINE('',#2743,#2742);
#2745=DIRECTION('',(0.E0,-1.E0,0.E0));
#2746=VECTOR('',#2745,1.E-1);
#2747=CARTESIAN_POINT('',(-4.85E0,1.E0,-4.1E0));
#2748=LINE('',#2747,#2746);
#2749=DIRECTION('',(0.E0,0.E0,1.E0));
#2750=VECTOR('',#2749,3.2E0);
#2751=CARTESIAN_POINT('',(-6.45E0,-9.E-1,-4.4E0));
#2752=LINE('',#2751,#2750);
#2753=DIRECTION('',(0.E0,0.E0,1.E0));
#2754=VECTOR('',#2753,3.2E0);
#2755=CARTESIAN_POINT('',(-6.65E0,-7.E-1,-4.4E0));
#2756=LINE('',#2755,#2754);
#2757=DIRECTION('',(0.E0,0.E0,1.E0));
#2758=VECTOR('',#2757,3.2E0);
#2759=CARTESIAN_POINT('',(-6.65E0,-1.894566627610E-1,-4.4E0));
#2760=LINE('',#2759,#2758);
#2761=DIRECTION('',(0.E0,0.E0,1.E0));
#2762=VECTOR('',#2761,3.2E0);
#2763=CARTESIAN_POINT('',(-6.55E0,-1.894566627610E-1,-4.4E0));
#2764=LINE('',#2763,#2762);
#2765=DIRECTION('',(0.E0,0.E0,1.E0));
#2766=VECTOR('',#2765,3.2E0);
#2767=CARTESIAN_POINT('',(-6.55E0,-7.E-1,-4.4E0));
#2768=LINE('',#2767,#2766);
#2769=DIRECTION('',(0.E0,0.E0,1.E0));
#2770=VECTOR('',#2769,3.2E0);
#2771=CARTESIAN_POINT('',(-6.45E0,-8.E-1,-4.4E0));
#2772=LINE('',#2771,#2770);
#2773=DIRECTION('',(0.E0,0.E0,1.E0));
#2774=VECTOR('',#2773,2.85E0);
#2775=CARTESIAN_POINT('',(-4.825E0,-8.E-1,-4.05E0));
#2776=LINE('',#2775,#2774);
#2777=DIRECTION('',(0.E0,0.E0,-1.E0));
#2778=VECTOR('',#2777,3.15E0);
#2779=CARTESIAN_POINT('',(6.45E0,1.E0,-1.25E0));
#2780=LINE('',#2779,#2778);
#2781=DIRECTION('',(0.E0,0.E0,1.E0));
#2782=VECTOR('',#2781,3.15E0);
#2783=CARTESIAN_POINT('',(6.75E0,7.E-1,-4.4E0));
#2784=LINE('',#2783,#2782);
#2785=DIRECTION('',(0.E0,-1.E0,0.E0));
#2786=VECTOR('',#2785,1.4E0);
#2787=CARTESIAN_POINT('',(6.75E0,7.E-1,-4.4E0));
#2788=LINE('',#2787,#2786);
#2789=DIRECTION('',(0.E0,0.E0,-1.E0));
#2790=VECTOR('',#2789,3.15E0);
#2791=CARTESIAN_POINT('',(6.75E0,-7.E-1,-1.25E0));
#2792=LINE('',#2791,#2790);
#2793=DIRECTION('',(0.E0,1.E0,0.E0));
#2794=VECTOR('',#2793,1.4E0);
#2795=CARTESIAN_POINT('',(6.75E0,-7.E-1,-1.25E0));
#2796=LINE('',#2795,#2794);
#2797=DIRECTION('',(0.E0,1.E0,0.E0));
#2798=VECTOR('',#2797,5.E-1);
#2799=CARTESIAN_POINT('',(4.8E0,5.E-1,-4.05E0));
#2800=LINE('',#2799,#2798);
#2801=DIRECTION('',(0.E0,1.E0,0.E0));
#2802=VECTOR('',#2801,5.E-1);
#2803=CARTESIAN_POINT('',(-4.8E0,5.E-1,-4.05E0));
#2804=LINE('',#2803,#2802);
#2805=DIRECTION('',(0.E0,-1.E0,0.E0));
#2806=VECTOR('',#2805,5.E-1);
#2807=CARTESIAN_POINT('',(-4.8E0,1.E0,-1.25E0));
#2808=LINE('',#2807,#2806);
#2809=CARTESIAN_POINT('',(4.15E0,5.1E-1,-4.2E0));
#2810=DIRECTION('',(-1.E0,0.E0,0.E0));
#2811=DIRECTION('',(0.E0,0.E0,-1.E0));
#2812=AXIS2_PLACEMENT_3D('',#2809,#2810,#2811);
#2814=DIRECTION('',(1.E0,0.E0,0.E0));
#2815=VECTOR('',#2814,2.E-1);
#2816=CARTESIAN_POINT('',(4.15E0,5.1E-1,-4.1E0));
#2817=LINE('',#2816,#2815);
#2818=DIRECTION('',(0.E0,-1.E0,0.E0));
#2819=VECTOR('',#2818,9.9E-1);
#2820=CARTESIAN_POINT('',(4.15E0,1.5E0,-4.1E0));
#2821=LINE('',#2820,#2819);
#2822=DIRECTION('',(-1.E0,0.E0,0.E0));
#2823=VECTOR('',#2822,2.E-1);
#2824=CARTESIAN_POINT('',(4.35E0,1.5E0,-4.1E0));
#2825=LINE('',#2824,#2823);
#2826=DIRECTION('',(0.E0,-1.E0,0.E0));
#2827=VECTOR('',#2826,9.9E-1);
#2828=CARTESIAN_POINT('',(4.35E0,1.5E0,-4.1E0));
#2829=LINE('',#2828,#2827);
#2830=DIRECTION('',(-1.E0,0.E0,0.E0));
#2831=VECTOR('',#2830,2.E-1);
#2832=CARTESIAN_POINT('',(3.85E0,-5.1E-1,-4.1E0));
#2833=LINE('',#2832,#2831);
#2834=DIRECTION('',(0.E0,1.E0,0.E0));
#2835=VECTOR('',#2834,9.9E-1);
#2836=CARTESIAN_POINT('',(3.85E0,-1.5E0,-4.1E0));
#2837=LINE('',#2836,#2835);
#2838=DIRECTION('',(1.E0,0.E0,0.E0));
#2839=VECTOR('',#2838,2.E-1);
#2840=CARTESIAN_POINT('',(3.65E0,-1.5E0,-4.1E0));
#2841=LINE('',#2840,#2839);
#2842=DIRECTION('',(0.E0,1.E0,0.E0));
#2843=VECTOR('',#2842,9.9E-1);
#2844=CARTESIAN_POINT('',(3.65E0,-1.5E0,-4.1E0));
#2845=LINE('',#2844,#2843);
#2846=DIRECTION('',(1.776356839400E-14,0.E0,-1.E0));
#2847=VECTOR('',#2846,5.E-2);
#2848=CARTESIAN_POINT('',(4.15E0,5.1E-1,-4.05E0));
#2849=LINE('',#2848,#2847);
#2850=DIRECTION('',(0.E0,0.E0,-1.E0));
#2851=VECTOR('',#2850,5.E-2);
#2852=CARTESIAN_POINT('',(4.35E0,5.1E-1,-4.05E0));
#2853=LINE('',#2852,#2851);
#2854=DIRECTION('',(0.E0,0.E0,-1.E0));
#2855=VECTOR('',#2854,3.E-1);
#2856=CARTESIAN_POINT('',(4.35E0,1.5E0,-4.1E0));
#2857=LINE('',#2856,#2855);
#2858=CARTESIAN_POINT('',(4.35E0,5.1E-1,-4.2E0));
#2859=DIRECTION('',(1.E0,0.E0,0.E0));
#2860=DIRECTION('',(0.E0,-1.E0,0.E0));
#2861=AXIS2_PLACEMENT_3D('',#2858,#2859,#2860);
#2863=DIRECTION('',(0.E0,0.E0,1.E0));
#2864=VECTOR('',#2863,1.5E-1);
#2865=CARTESIAN_POINT('',(4.15E0,3.1E-1,-4.2E0));
#2866=LINE('',#2865,#2864);
#2867=DIRECTION('',(0.E0,0.E0,-1.E0));
#2868=VECTOR('',#2867,1.5E-1);
#2869=CARTESIAN_POINT('',(4.35E0,3.1E-1,-4.05E0));
#2870=LINE('',#2869,#2868);
#2871=DIRECTION('',(-1.E0,0.E0,0.E0));
#2872=VECTOR('',#2871,2.E-1);
#2873=CARTESIAN_POINT('',(4.35E0,3.1E-1,-4.2E0));
#2874=LINE('',#2873,#2872);
#2875=DIRECTION('',(1.E0,0.E0,0.E0));
#2876=VECTOR('',#2875,2.E-1);
#2877=CARTESIAN_POINT('',(3.65E0,-5.1E-1,-4.4E0));
#2878=LINE('',#2877,#2876);
#2879=DIRECTION('',(0.E0,1.E0,0.E0));
#2880=VECTOR('',#2879,9.9E-1);
#2881=CARTESIAN_POINT('',(3.65E0,-1.5E0,-4.4E0));
#2882=LINE('',#2881,#2880);
#2883=DIRECTION('',(1.E0,0.E0,0.E0));
#2884=VECTOR('',#2883,2.E-1);
#2885=CARTESIAN_POINT('',(3.65E0,-1.5E0,-4.4E0));
#2886=LINE('',#2885,#2884);
#2887=DIRECTION('',(0.E0,1.E0,0.E0));
#2888=VECTOR('',#2887,9.9E-1);
#2889=CARTESIAN_POINT('',(3.85E0,-1.5E0,-4.4E0));
#2890=LINE('',#2889,#2888);
#2891=DIRECTION('',(-1.E0,0.E0,0.E0));
#2892=VECTOR('',#2891,2.E-1);
#2893=CARTESIAN_POINT('',(4.35E0,5.1E-1,-4.4E0));
#2894=LINE('',#2893,#2892);
#2895=DIRECTION('',(0.E0,-1.E0,0.E0));
#2896=VECTOR('',#2895,9.9E-1);
#2897=CARTESIAN_POINT('',(4.35E0,1.5E0,-4.4E0));
#2898=LINE('',#2897,#2896);
#2899=DIRECTION('',(-1.E0,0.E0,0.E0));
#2900=VECTOR('',#2899,2.E-1);
#2901=CARTESIAN_POINT('',(4.35E0,1.5E0,-4.4E0));
#2902=LINE('',#2901,#2900);
#2903=DIRECTION('',(0.E0,-1.E0,0.E0));
#2904=VECTOR('',#2903,9.9E-1);
#2905=CARTESIAN_POINT('',(4.15E0,1.5E0,-4.4E0));
#2906=LINE('',#2905,#2904);
#2907=DIRECTION('',(0.E0,0.E0,-1.E0));
#2908=VECTOR('',#2907,1.5E-1);
#2909=CARTESIAN_POINT('',(3.85E0,-3.1E-1,-4.05E0));
#2910=LINE('',#2909,#2908);
#2911=CARTESIAN_POINT('',(3.85E0,-5.1E-1,-4.2E0));
#2912=DIRECTION('',(1.E0,0.E0,0.E0));
#2913=DIRECTION('',(0.E0,0.E0,-1.E0));
#2914=AXIS2_PLACEMENT_3D('',#2911,#2912,#2913);
#2916=DIRECTION('',(0.E0,0.E0,-1.E0));
#2917=VECTOR('',#2916,5.E-2);
#2918=CARTESIAN_POINT('',(3.85E0,-5.1E-1,-4.05E0));
#2919=LINE('',#2918,#2917);
#2920=DIRECTION('',(0.E0,0.E0,1.E0));
#2921=VECTOR('',#2920,1.5E-1);
#2922=CARTESIAN_POINT('',(3.65E0,-3.1E-1,-4.2E0));
#2923=LINE('',#2922,#2921);
#2924=DIRECTION('',(0.E0,0.E0,-1.E0));
#2925=VECTOR('',#2924,5.E-2);
#2926=CARTESIAN_POINT('',(3.65E0,-5.1E-1,-4.05E0));
#2927=LINE('',#2926,#2925);
#2928=DIRECTION('',(0.E0,0.E0,-1.E0));
#2929=VECTOR('',#2928,3.E-1);
#2930=CARTESIAN_POINT('',(3.65E0,-1.5E0,-4.1E0));
#2931=LINE('',#2930,#2929);
#2932=CARTESIAN_POINT('',(3.65E0,-5.1E-1,-4.2E0));
#2933=DIRECTION('',(-1.E0,0.E0,0.E0));
#2934=DIRECTION('',(0.E0,1.E0,0.E0));
#2935=AXIS2_PLACEMENT_3D('',#2932,#2933,#2934);
#2937=DIRECTION('',(1.E0,0.E0,0.E0));
#2938=VECTOR('',#2937,2.E-1);
#2939=CARTESIAN_POINT('',(3.65E0,-3.1E-1,-4.2E0));
#2940=LINE('',#2939,#2938);
#2941=DIRECTION('',(0.E0,0.E0,1.E0));
#2942=VECTOR('',#2941,3.E-1);
#2943=CARTESIAN_POINT('',(3.85E0,-1.5E0,-4.4E0));
#2944=LINE('',#2943,#2942);
#2945=DIRECTION('',(0.E0,0.E0,1.E0));
#2946=VECTOR('',#2945,3.E-1);
#2947=CARTESIAN_POINT('',(4.15E0,1.5E0,-4.4E0));
#2948=LINE('',#2947,#2946);
#2949=CARTESIAN_POINT('',(3.15E0,5.1E-1,-4.2E0));
#2950=DIRECTION('',(-1.E0,0.E0,0.E0));
#2951=DIRECTION('',(0.E0,0.E0,-1.E0));
#2952=AXIS2_PLACEMENT_3D('',#2949,#2950,#2951);
#2954=DIRECTION('',(0.E0,1.E0,0.E0));
#2955=VECTOR('',#2954,9.9E-1);
#2956=CARTESIAN_POINT('',(3.15E0,5.1E-1,-4.4E0));
#2957=LINE('',#2956,#2955);
#2958=DIRECTION('',(1.E0,0.E0,0.E0));
#2959=VECTOR('',#2958,2.E-1);
#2960=CARTESIAN_POINT('',(3.15E0,5.1E-1,-4.1E0));
#2961=LINE('',#2960,#2959);
#2962=DIRECTION('',(0.E0,-1.E0,0.E0));
#2963=VECTOR('',#2962,9.9E-1);
#2964=CARTESIAN_POINT('',(3.15E0,1.5E0,-4.1E0));
#2965=LINE('',#2964,#2963);
#2966=DIRECTION('',(-1.E0,0.E0,0.E0));
#2967=VECTOR('',#2966,2.E-1);
#2968=CARTESIAN_POINT('',(3.35E0,1.5E0,-4.1E0));
#2969=LINE('',#2968,#2967);
#2970=DIRECTION('',(0.E0,-1.E0,0.E0));
#2971=VECTOR('',#2970,9.9E-1);
#2972=CARTESIAN_POINT('',(3.35E0,1.5E0,-4.1E0));
#2973=LINE('',#2972,#2971);
#2974=DIRECTION('',(-1.E0,0.E0,0.E0));
#2975=VECTOR('',#2974,2.E-1);
#2976=CARTESIAN_POINT('',(2.85E0,-5.1E-1,-4.1E0));
#2977=LINE('',#2976,#2975);
#2978=DIRECTION('',(0.E0,1.E0,0.E0));
#2979=VECTOR('',#2978,9.9E-1);
#2980=CARTESIAN_POINT('',(2.85E0,-1.5E0,-4.1E0));
#2981=LINE('',#2980,#2979);
#2982=DIRECTION('',(1.E0,0.E0,0.E0));
#2983=VECTOR('',#2982,2.E-1);
#2984=CARTESIAN_POINT('',(2.65E0,-1.5E0,-4.1E0));
#2985=LINE('',#2984,#2983);
#2986=DIRECTION('',(0.E0,1.E0,0.E0));
#2987=VECTOR('',#2986,9.9E-1);
#2988=CARTESIAN_POINT('',(2.65E0,-1.5E0,-4.1E0));
#2989=LINE('',#2988,#2987);
#2990=DIRECTION('',(0.E0,0.E0,-1.E0));
#2991=VECTOR('',#2990,5.E-2);
#2992=CARTESIAN_POINT('',(3.15E0,5.1E-1,-4.05E0));
#2993=LINE('',#2992,#2991);
#2994=DIRECTION('',(0.E0,0.E0,-1.E0));
#2995=VECTOR('',#2994,5.E-2);
#2996=CARTESIAN_POINT('',(3.35E0,5.1E-1,-4.05E0));
#2997=LINE('',#2996,#2995);
#2998=DIRECTION('',(0.E0,0.E0,-1.E0));
#2999=VECTOR('',#2998,3.E-1);
#3000=CARTESIAN_POINT('',(3.35E0,1.5E0,-4.1E0));
#3001=LINE('',#3000,#2999);
#3002=DIRECTION('',(0.E0,-1.E0,0.E0));
#3003=VECTOR('',#3002,9.9E-1);
#3004=CARTESIAN_POINT('',(3.35E0,1.5E0,-4.4E0));
#3005=LINE('',#3004,#3003);
#3006=CARTESIAN_POINT('',(3.35E0,5.1E-1,-4.2E0));
#3007=DIRECTION('',(1.E0,0.E0,0.E0));
#3008=DIRECTION('',(0.E0,-1.E0,0.E0));
#3009=AXIS2_PLACEMENT_3D('',#3006,#3007,#3008);
#3011=DIRECTION('',(0.E0,0.E0,1.E0));
#3012=VECTOR('',#3011,1.5E-1);
#3013=CARTESIAN_POINT('',(3.15E0,3.1E-1,-4.2E0));
#3014=LINE('',#3013,#3012);
#3015=DIRECTION('',(0.E0,0.E0,-1.E0));
#3016=VECTOR('',#3015,1.5E-1);
#3017=CARTESIAN_POINT('',(3.35E0,3.1E-1,-4.05E0));
#3018=LINE('',#3017,#3016);
#3019=DIRECTION('',(-1.E0,0.E0,0.E0));
#3020=VECTOR('',#3019,2.E-1);
#3021=CARTESIAN_POINT('',(3.35E0,3.1E-1,-4.2E0));
#3022=LINE('',#3021,#3020);
#3023=DIRECTION('',(1.E0,0.E0,0.E0));
#3024=VECTOR('',#3023,2.E-1);
#3025=CARTESIAN_POINT('',(2.65E0,-5.1E-1,-4.4E0));
#3026=LINE('',#3025,#3024);
#3027=DIRECTION('',(1.E0,0.E0,0.E0));
#3028=VECTOR('',#3027,2.E-1);
#3029=CARTESIAN_POINT('',(2.65E0,-1.5E0,-4.4E0));
#3030=LINE('',#3029,#3028);
#3031=DIRECTION('',(-1.E0,0.E0,0.E0));
#3032=VECTOR('',#3031,2.E-1);
#3033=CARTESIAN_POINT('',(3.35E0,5.1E-1,-4.4E0));
#3034=LINE('',#3033,#3032);
#3035=DIRECTION('',(-1.E0,0.E0,0.E0));
#3036=VECTOR('',#3035,2.E-1);
#3037=CARTESIAN_POINT('',(3.35E0,1.5E0,-4.4E0));
#3038=LINE('',#3037,#3036);
#3039=DIRECTION('',(0.E0,0.E0,-1.E0));
#3040=VECTOR('',#3039,1.5E-1);
#3041=CARTESIAN_POINT('',(2.85E0,-3.1E-1,-4.05E0));
#3042=LINE('',#3041,#3040);
#3043=CARTESIAN_POINT('',(2.85E0,-5.1E-1,-4.2E0));
#3044=DIRECTION('',(1.E0,0.E0,0.E0));
#3045=DIRECTION('',(0.E0,0.E0,-1.E0));
#3046=AXIS2_PLACEMENT_3D('',#3043,#3044,#3045);
#3048=DIRECTION('',(0.E0,-1.E0,0.E0));
#3049=VECTOR('',#3048,9.9E-1);
#3050=CARTESIAN_POINT('',(2.85E0,-5.1E-1,-4.4E0));
#3051=LINE('',#3050,#3049);
#3052=DIRECTION('',(0.E0,0.E0,-1.E0));
#3053=VECTOR('',#3052,5.E-2);
#3054=CARTESIAN_POINT('',(2.85E0,-5.1E-1,-4.05E0));
#3055=LINE('',#3054,#3053);
#3056=DIRECTION('',(0.E0,0.E0,1.E0));
#3057=VECTOR('',#3056,1.5E-1);
#3058=CARTESIAN_POINT('',(2.65E0,-3.1E-1,-4.2E0));
#3059=LINE('',#3058,#3057);
#3060=DIRECTION('',(0.E0,0.E0,-1.E0));
#3061=VECTOR('',#3060,5.E-2);
#3062=CARTESIAN_POINT('',(2.65E0,-5.1E-1,-4.05E0));
#3063=LINE('',#3062,#3061);
#3064=DIRECTION('',(0.E0,0.E0,-1.E0));
#3065=VECTOR('',#3064,3.E-1);
#3066=CARTESIAN_POINT('',(2.65E0,-1.5E0,-4.1E0));
#3067=LINE('',#3066,#3065);
#3068=DIRECTION('',(0.E0,1.E0,0.E0));
#3069=VECTOR('',#3068,9.9E-1);
#3070=CARTESIAN_POINT('',(2.65E0,-1.5E0,-4.4E0));
#3071=LINE('',#3070,#3069);
#3072=CARTESIAN_POINT('',(2.65E0,-5.1E-1,-4.2E0));
#3073=DIRECTION('',(-1.E0,0.E0,0.E0));
#3074=DIRECTION('',(0.E0,1.E0,0.E0));
#3075=AXIS2_PLACEMENT_3D('',#3072,#3073,#3074);
#3077=DIRECTION('',(1.E0,0.E0,0.E0));
#3078=VECTOR('',#3077,2.E-1);
#3079=CARTESIAN_POINT('',(2.65E0,-3.1E-1,-4.2E0));
#3080=LINE('',#3079,#3078);
#3081=DIRECTION('',(0.E0,0.E0,1.E0));
#3082=VECTOR('',#3081,3.E-1);
#3083=CARTESIAN_POINT('',(2.85E0,-1.5E0,-4.4E0));
#3084=LINE('',#3083,#3082);
#3085=DIRECTION('',(0.E0,0.E0,1.E0));
#3086=VECTOR('',#3085,3.E-1);
#3087=CARTESIAN_POINT('',(3.15E0,1.5E0,-4.4E0));
#3088=LINE('',#3087,#3086);
#3089=CARTESIAN_POINT('',(2.15E0,5.1E-1,-4.2E0));
#3090=DIRECTION('',(-1.E0,0.E0,0.E0));
#3091=DIRECTION('',(0.E0,0.E0,-1.E0));
#3092=AXIS2_PLACEMENT_3D('',#3089,#3090,#3091);
#3094=DIRECTION('',(0.E0,1.E0,0.E0));
#3095=VECTOR('',#3094,9.9E-1);
#3096=CARTESIAN_POINT('',(2.15E0,5.1E-1,-4.4E0));
#3097=LINE('',#3096,#3095);
#3098=DIRECTION('',(1.E0,0.E0,0.E0));
#3099=VECTOR('',#3098,2.E-1);
#3100=CARTESIAN_POINT('',(2.15E0,5.1E-1,-4.1E0));
#3101=LINE('',#3100,#3099);
#3102=DIRECTION('',(0.E0,-1.E0,0.E0));
#3103=VECTOR('',#3102,9.9E-1);
#3104=CARTESIAN_POINT('',(2.15E0,1.5E0,-4.1E0));
#3105=LINE('',#3104,#3103);
#3106=DIRECTION('',(-1.E0,0.E0,0.E0));
#3107=VECTOR('',#3106,2.E-1);
#3108=CARTESIAN_POINT('',(2.35E0,1.5E0,-4.1E0));
#3109=LINE('',#3108,#3107);
#3110=DIRECTION('',(0.E0,-1.E0,0.E0));
#3111=VECTOR('',#3110,9.9E-1);
#3112=CARTESIAN_POINT('',(2.35E0,1.5E0,-4.1E0));
#3113=LINE('',#3112,#3111);
#3114=DIRECTION('',(-1.E0,0.E0,0.E0));
#3115=VECTOR('',#3114,2.E-1);
#3116=CARTESIAN_POINT('',(1.85E0,-5.1E-1,-4.1E0));
#3117=LINE('',#3116,#3115);
#3118=DIRECTION('',(0.E0,1.E0,0.E0));
#3119=VECTOR('',#3118,9.9E-1);
#3120=CARTESIAN_POINT('',(1.85E0,-1.5E0,-4.1E0));
#3121=LINE('',#3120,#3119);
#3122=DIRECTION('',(1.E0,0.E0,0.E0));
#3123=VECTOR('',#3122,2.E-1);
#3124=CARTESIAN_POINT('',(1.65E0,-1.5E0,-4.1E0));
#3125=LINE('',#3124,#3123);
#3126=DIRECTION('',(0.E0,1.E0,0.E0));
#3127=VECTOR('',#3126,9.9E-1);
#3128=CARTESIAN_POINT('',(1.65E0,-1.5E0,-4.1E0));
#3129=LINE('',#3128,#3127);
#3130=DIRECTION('',(0.E0,0.E0,-1.E0));
#3131=VECTOR('',#3130,5.E-2);
#3132=CARTESIAN_POINT('',(2.15E0,5.1E-1,-4.05E0));
#3133=LINE('',#3132,#3131);
#3134=DIRECTION('',(0.E0,0.E0,-1.E0));
#3135=VECTOR('',#3134,5.E-2);
#3136=CARTESIAN_POINT('',(2.35E0,5.1E-1,-4.05E0));
#3137=LINE('',#3136,#3135);
#3138=DIRECTION('',(0.E0,0.E0,-1.E0));
#3139=VECTOR('',#3138,3.E-1);
#3140=CARTESIAN_POINT('',(2.35E0,1.5E0,-4.1E0));
#3141=LINE('',#3140,#3139);
#3142=DIRECTION('',(0.E0,-1.E0,0.E0));
#3143=VECTOR('',#3142,9.9E-1);
#3144=CARTESIAN_POINT('',(2.35E0,1.5E0,-4.4E0));
#3145=LINE('',#3144,#3143);
#3146=CARTESIAN_POINT('',(2.35E0,5.1E-1,-4.2E0));
#3147=DIRECTION('',(1.E0,0.E0,0.E0));
#3148=DIRECTION('',(0.E0,-1.E0,0.E0));
#3149=AXIS2_PLACEMENT_3D('',#3146,#3147,#3148);
#3151=DIRECTION('',(0.E0,0.E0,1.E0));
#3152=VECTOR('',#3151,1.5E-1);
#3153=CARTESIAN_POINT('',(2.15E0,3.1E-1,-4.2E0));
#3154=LINE('',#3153,#3152);
#3155=DIRECTION('',(0.E0,0.E0,-1.E0));
#3156=VECTOR('',#3155,1.5E-1);
#3157=CARTESIAN_POINT('',(2.35E0,3.1E-1,-4.05E0));
#3158=LINE('',#3157,#3156);
#3159=DIRECTION('',(-1.E0,0.E0,0.E0));
#3160=VECTOR('',#3159,2.E-1);
#3161=CARTESIAN_POINT('',(2.35E0,3.1E-1,-4.2E0));
#3162=LINE('',#3161,#3160);
#3163=DIRECTION('',(1.E0,0.E0,0.E0));
#3164=VECTOR('',#3163,2.E-1);
#3165=CARTESIAN_POINT('',(1.65E0,-5.1E-1,-4.4E0));
#3166=LINE('',#3165,#3164);
#3167=DIRECTION('',(1.E0,0.E0,0.E0));
#3168=VECTOR('',#3167,2.E-1);
#3169=CARTESIAN_POINT('',(1.65E0,-1.5E0,-4.4E0));
#3170=LINE('',#3169,#3168);
#3171=DIRECTION('',(-1.E0,0.E0,0.E0));
#3172=VECTOR('',#3171,2.E-1);
#3173=CARTESIAN_POINT('',(2.35E0,5.1E-1,-4.4E0));
#3174=LINE('',#3173,#3172);
#3175=DIRECTION('',(-1.E0,0.E0,0.E0));
#3176=VECTOR('',#3175,2.E-1);
#3177=CARTESIAN_POINT('',(2.35E0,1.5E0,-4.4E0));
#3178=LINE('',#3177,#3176);
#3179=DIRECTION('',(0.E0,0.E0,-1.E0));
#3180=VECTOR('',#3179,1.5E-1);
#3181=CARTESIAN_POINT('',(1.85E0,-3.1E-1,-4.05E0));
#3182=LINE('',#3181,#3180);
#3183=CARTESIAN_POINT('',(1.85E0,-5.1E-1,-4.2E0));
#3184=DIRECTION('',(1.E0,0.E0,0.E0));
#3185=DIRECTION('',(0.E0,0.E0,-1.E0));
#3186=AXIS2_PLACEMENT_3D('',#3183,#3184,#3185);
#3188=DIRECTION('',(0.E0,-1.E0,0.E0));
#3189=VECTOR('',#3188,9.9E-1);
#3190=CARTESIAN_POINT('',(1.85E0,-5.1E-1,-4.4E0));
#3191=LINE('',#3190,#3189);
#3192=DIRECTION('',(0.E0,0.E0,-1.E0));
#3193=VECTOR('',#3192,5.E-2);
#3194=CARTESIAN_POINT('',(1.85E0,-5.1E-1,-4.05E0));
#3195=LINE('',#3194,#3193);
#3196=DIRECTION('',(0.E0,0.E0,1.E0));
#3197=VECTOR('',#3196,1.5E-1);
#3198=CARTESIAN_POINT('',(1.65E0,-3.1E-1,-4.2E0));
#3199=LINE('',#3198,#3197);
#3200=DIRECTION('',(0.E0,0.E0,-1.E0));
#3201=VECTOR('',#3200,5.E-2);
#3202=CARTESIAN_POINT('',(1.65E0,-5.1E-1,-4.05E0));
#3203=LINE('',#3202,#3201);
#3204=DIRECTION('',(0.E0,0.E0,-1.E0));
#3205=VECTOR('',#3204,3.E-1);
#3206=CARTESIAN_POINT('',(1.65E0,-1.5E0,-4.1E0));
#3207=LINE('',#3206,#3205);
#3208=DIRECTION('',(0.E0,1.E0,0.E0));
#3209=VECTOR('',#3208,9.9E-1);
#3210=CARTESIAN_POINT('',(1.65E0,-1.5E0,-4.4E0));
#3211=LINE('',#3210,#3209);
#3212=CARTESIAN_POINT('',(1.65E0,-5.1E-1,-4.2E0));
#3213=DIRECTION('',(-1.E0,0.E0,0.E0));
#3214=DIRECTION('',(0.E0,1.E0,0.E0));
#3215=AXIS2_PLACEMENT_3D('',#3212,#3213,#3214);
#3217=DIRECTION('',(1.E0,0.E0,0.E0));
#3218=VECTOR('',#3217,2.E-1);
#3219=CARTESIAN_POINT('',(1.65E0,-3.1E-1,-4.2E0));
#3220=LINE('',#3219,#3218);
#3221=DIRECTION('',(0.E0,0.E0,1.E0));
#3222=VECTOR('',#3221,3.E-1);
#3223=CARTESIAN_POINT('',(1.85E0,-1.5E0,-4.4E0));
#3224=LINE('',#3223,#3222);
#3225=DIRECTION('',(0.E0,0.E0,1.E0));
#3226=VECTOR('',#3225,3.E-1);
#3227=CARTESIAN_POINT('',(2.15E0,1.5E0,-4.4E0));
#3228=LINE('',#3227,#3226);
#3229=CARTESIAN_POINT('',(1.15E0,5.1E-1,-4.2E0));
#3230=DIRECTION('',(-1.E0,0.E0,0.E0));
#3231=DIRECTION('',(0.E0,0.E0,-1.E0));
#3232=AXIS2_PLACEMENT_3D('',#3229,#3230,#3231);
#3234=DIRECTION('',(0.E0,1.E0,0.E0));
#3235=VECTOR('',#3234,9.9E-1);
#3236=CARTESIAN_POINT('',(1.15E0,5.1E-1,-4.4E0));
#3237=LINE('',#3236,#3235);
#3238=DIRECTION('',(1.E0,0.E0,0.E0));
#3239=VECTOR('',#3238,2.E-1);
#3240=CARTESIAN_POINT('',(1.15E0,5.1E-1,-4.1E0));
#3241=LINE('',#3240,#3239);
#3242=DIRECTION('',(0.E0,-1.E0,0.E0));
#3243=VECTOR('',#3242,9.9E-1);
#3244=CARTESIAN_POINT('',(1.15E0,1.5E0,-4.1E0));
#3245=LINE('',#3244,#3243);
#3246=DIRECTION('',(-1.E0,0.E0,0.E0));
#3247=VECTOR('',#3246,2.E-1);
#3248=CARTESIAN_POINT('',(1.35E0,1.5E0,-4.1E0));
#3249=LINE('',#3248,#3247);
#3250=DIRECTION('',(0.E0,-1.E0,0.E0));
#3251=VECTOR('',#3250,9.9E-1);
#3252=CARTESIAN_POINT('',(1.35E0,1.5E0,-4.1E0));
#3253=LINE('',#3252,#3251);
#3254=DIRECTION('',(-1.E0,0.E0,0.E0));
#3255=VECTOR('',#3254,2.E-1);
#3256=CARTESIAN_POINT('',(8.5E-1,-5.1E-1,-4.1E0));
#3257=LINE('',#3256,#3255);
#3258=DIRECTION('',(0.E0,1.E0,0.E0));
#3259=VECTOR('',#3258,9.9E-1);
#3260=CARTESIAN_POINT('',(8.5E-1,-1.5E0,-4.1E0));
#3261=LINE('',#3260,#3259);
#3262=DIRECTION('',(1.E0,0.E0,0.E0));
#3263=VECTOR('',#3262,2.E-1);
#3264=CARTESIAN_POINT('',(6.5E-1,-1.5E0,-4.1E0));
#3265=LINE('',#3264,#3263);
#3266=DIRECTION('',(0.E0,1.E0,0.E0));
#3267=VECTOR('',#3266,9.9E-1);
#3268=CARTESIAN_POINT('',(6.5E-1,-1.5E0,-4.1E0));
#3269=LINE('',#3268,#3267);
#3270=DIRECTION('',(0.E0,0.E0,-1.E0));
#3271=VECTOR('',#3270,5.E-2);
#3272=CARTESIAN_POINT('',(1.15E0,5.1E-1,-4.05E0));
#3273=LINE('',#3272,#3271);
#3274=DIRECTION('',(0.E0,0.E0,-1.E0));
#3275=VECTOR('',#3274,5.E-2);
#3276=CARTESIAN_POINT('',(1.35E0,5.1E-1,-4.05E0));
#3277=LINE('',#3276,#3275);
#3278=DIRECTION('',(0.E0,0.E0,-1.E0));
#3279=VECTOR('',#3278,3.E-1);
#3280=CARTESIAN_POINT('',(1.35E0,1.5E0,-4.1E0));
#3281=LINE('',#3280,#3279);
#3282=DIRECTION('',(0.E0,-1.E0,0.E0));
#3283=VECTOR('',#3282,9.9E-1);
#3284=CARTESIAN_POINT('',(1.35E0,1.5E0,-4.4E0));
#3285=LINE('',#3284,#3283);
#3286=CARTESIAN_POINT('',(1.35E0,5.1E-1,-4.2E0));
#3287=DIRECTION('',(1.E0,0.E0,0.E0));
#3288=DIRECTION('',(0.E0,-1.E0,0.E0));
#3289=AXIS2_PLACEMENT_3D('',#3286,#3287,#3288);
#3291=DIRECTION('',(0.E0,0.E0,1.E0));
#3292=VECTOR('',#3291,1.5E-1);
#3293=CARTESIAN_POINT('',(1.15E0,3.1E-1,-4.2E0));
#3294=LINE('',#3293,#3292);
#3295=DIRECTION('',(0.E0,0.E0,-1.E0));
#3296=VECTOR('',#3295,1.5E-1);
#3297=CARTESIAN_POINT('',(1.35E0,3.1E-1,-4.05E0));
#3298=LINE('',#3297,#3296);
#3299=DIRECTION('',(-1.E0,0.E0,0.E0));
#3300=VECTOR('',#3299,2.E-1);
#3301=CARTESIAN_POINT('',(1.35E0,3.1E-1,-4.2E0));
#3302=LINE('',#3301,#3300);
#3303=DIRECTION('',(1.E0,0.E0,0.E0));
#3304=VECTOR('',#3303,2.E-1);
#3305=CARTESIAN_POINT('',(6.5E-1,-5.1E-1,-4.4E0));
#3306=LINE('',#3305,#3304);
#3307=DIRECTION('',(1.E0,0.E0,0.E0));
#3308=VECTOR('',#3307,2.E-1);
#3309=CARTESIAN_POINT('',(6.5E-1,-1.5E0,-4.4E0));
#3310=LINE('',#3309,#3308);
#3311=DIRECTION('',(-1.E0,0.E0,0.E0));
#3312=VECTOR('',#3311,2.E-1);
#3313=CARTESIAN_POINT('',(1.35E0,5.1E-1,-4.4E0));
#3314=LINE('',#3313,#3312);
#3315=DIRECTION('',(-1.E0,0.E0,0.E0));
#3316=VECTOR('',#3315,2.E-1);
#3317=CARTESIAN_POINT('',(1.35E0,1.5E0,-4.4E0));
#3318=LINE('',#3317,#3316);
#3319=DIRECTION('',(0.E0,0.E0,-1.E0));
#3320=VECTOR('',#3319,1.5E-1);
#3321=CARTESIAN_POINT('',(8.5E-1,-3.1E-1,-4.05E0));
#3322=LINE('',#3321,#3320);
#3323=CARTESIAN_POINT('',(8.5E-1,-5.1E-1,-4.2E0));
#3324=DIRECTION('',(1.E0,0.E0,0.E0));
#3325=DIRECTION('',(0.E0,0.E0,-1.E0));
#3326=AXIS2_PLACEMENT_3D('',#3323,#3324,#3325);
#3328=DIRECTION('',(0.E0,-1.E0,0.E0));
#3329=VECTOR('',#3328,9.9E-1);
#3330=CARTESIAN_POINT('',(8.5E-1,-5.1E-1,-4.4E0));
#3331=LINE('',#3330,#3329);
#3332=DIRECTION('',(0.E0,0.E0,-1.E0));
#3333=VECTOR('',#3332,5.E-2);
#3334=CARTESIAN_POINT('',(8.5E-1,-5.1E-1,-4.05E0));
#3335=LINE('',#3334,#3333);
#3336=DIRECTION('',(0.E0,0.E0,1.E0));
#3337=VECTOR('',#3336,1.5E-1);
#3338=CARTESIAN_POINT('',(6.5E-1,-3.1E-1,-4.2E0));
#3339=LINE('',#3338,#3337);
#3340=DIRECTION('',(0.E0,0.E0,-1.E0));
#3341=VECTOR('',#3340,5.E-2);
#3342=CARTESIAN_POINT('',(6.5E-1,-5.1E-1,-4.05E0));
#3343=LINE('',#3342,#3341);
#3344=DIRECTION('',(0.E0,0.E0,-1.E0));
#3345=VECTOR('',#3344,3.E-1);
#3346=CARTESIAN_POINT('',(6.5E-1,-1.5E0,-4.1E0));
#3347=LINE('',#3346,#3345);
#3348=DIRECTION('',(0.E0,1.E0,0.E0));
#3349=VECTOR('',#3348,9.9E-1);
#3350=CARTESIAN_POINT('',(6.5E-1,-1.5E0,-4.4E0));
#3351=LINE('',#3350,#3349);
#3352=CARTESIAN_POINT('',(6.5E-1,-5.1E-1,-4.2E0));
#3353=DIRECTION('',(-1.E0,0.E0,0.E0));
#3354=DIRECTION('',(0.E0,1.E0,0.E0));
#3355=AXIS2_PLACEMENT_3D('',#3352,#3353,#3354);
#3357=DIRECTION('',(1.E0,0.E0,0.E0));
#3358=VECTOR('',#3357,2.E-1);
#3359=CARTESIAN_POINT('',(6.5E-1,-3.1E-1,-4.2E0));
#3360=LINE('',#3359,#3358);
#3361=DIRECTION('',(0.E0,0.E0,1.E0));
#3362=VECTOR('',#3361,3.E-1);
#3363=CARTESIAN_POINT('',(8.5E-1,-1.5E0,-4.4E0));
#3364=LINE('',#3363,#3362);
#3365=DIRECTION('',(0.E0,0.E0,1.E0));
#3366=VECTOR('',#3365,3.E-1);
#3367=CARTESIAN_POINT('',(1.15E0,1.5E0,-4.4E0));
#3368=LINE('',#3367,#3366);
#3369=CARTESIAN_POINT('',(1.5E-1,5.1E-1,-4.2E0));
#3370=DIRECTION('',(-1.E0,0.E0,0.E0));
#3371=DIRECTION('',(0.E0,0.E0,-1.E0));
#3372=AXIS2_PLACEMENT_3D('',#3369,#3370,#3371);
#3374=DIRECTION('',(0.E0,1.E0,0.E0));
#3375=VECTOR('',#3374,9.9E-1);
#3376=CARTESIAN_POINT('',(1.5E-1,5.1E-1,-4.4E0));
#3377=LINE('',#3376,#3375);
#3378=DIRECTION('',(1.E0,0.E0,0.E0));
#3379=VECTOR('',#3378,2.E-1);
#3380=CARTESIAN_POINT('',(1.5E-1,5.1E-1,-4.1E0));
#3381=LINE('',#3380,#3379);
#3382=DIRECTION('',(0.E0,-1.E0,0.E0));
#3383=VECTOR('',#3382,9.9E-1);
#3384=CARTESIAN_POINT('',(1.5E-1,1.5E0,-4.1E0));
#3385=LINE('',#3384,#3383);
#3386=DIRECTION('',(-1.E0,0.E0,0.E0));
#3387=VECTOR('',#3386,2.E-1);
#3388=CARTESIAN_POINT('',(3.5E-1,1.5E0,-4.1E0));
#3389=LINE('',#3388,#3387);
#3390=DIRECTION('',(0.E0,-1.E0,0.E0));
#3391=VECTOR('',#3390,9.9E-1);
#3392=CARTESIAN_POINT('',(3.5E-1,1.5E0,-4.1E0));
#3393=LINE('',#3392,#3391);
#3394=DIRECTION('',(-1.E0,0.E0,0.E0));
#3395=VECTOR('',#3394,2.E-1);
#3396=CARTESIAN_POINT('',(-1.5E-1,-5.1E-1,-4.1E0));
#3397=LINE('',#3396,#3395);
#3398=DIRECTION('',(0.E0,1.E0,0.E0));
#3399=VECTOR('',#3398,9.9E-1);
#3400=CARTESIAN_POINT('',(-1.5E-1,-1.5E0,-4.1E0));
#3401=LINE('',#3400,#3399);
#3402=DIRECTION('',(1.E0,0.E0,0.E0));
#3403=VECTOR('',#3402,2.E-1);
#3404=CARTESIAN_POINT('',(-3.5E-1,-1.5E0,-4.1E0));
#3405=LINE('',#3404,#3403);
#3406=DIRECTION('',(0.E0,1.E0,0.E0));
#3407=VECTOR('',#3406,9.9E-1);
#3408=CARTESIAN_POINT('',(-3.5E-1,-1.5E0,-4.1E0));
#3409=LINE('',#3408,#3407);
#3410=DIRECTION('',(0.E0,0.E0,-1.E0));
#3411=VECTOR('',#3410,5.E-2);
#3412=CARTESIAN_POINT('',(1.5E-1,5.1E-1,-4.05E0));
#3413=LINE('',#3412,#3411);
#3414=DIRECTION('',(0.E0,0.E0,-1.E0));
#3415=VECTOR('',#3414,5.E-2);
#3416=CARTESIAN_POINT('',(3.5E-1,5.1E-1,-4.05E0));
#3417=LINE('',#3416,#3415);
#3418=DIRECTION('',(0.E0,0.E0,-1.E0));
#3419=VECTOR('',#3418,3.E-1);
#3420=CARTESIAN_POINT('',(3.5E-1,1.5E0,-4.1E0));
#3421=LINE('',#3420,#3419);
#3422=DIRECTION('',(0.E0,-1.E0,0.E0));
#3423=VECTOR('',#3422,9.9E-1);
#3424=CARTESIAN_POINT('',(3.5E-1,1.5E0,-4.4E0));
#3425=LINE('',#3424,#3423);
#3426=CARTESIAN_POINT('',(3.5E-1,5.1E-1,-4.2E0));
#3427=DIRECTION('',(1.E0,0.E0,0.E0));
#3428=DIRECTION('',(0.E0,-1.E0,0.E0));
#3429=AXIS2_PLACEMENT_3D('',#3426,#3427,#3428);
#3431=DIRECTION('',(0.E0,0.E0,1.E0));
#3432=VECTOR('',#3431,1.5E-1);
#3433=CARTESIAN_POINT('',(1.5E-1,3.1E-1,-4.2E0));
#3434=LINE('',#3433,#3432);
#3435=DIRECTION('',(0.E0,0.E0,-1.E0));
#3436=VECTOR('',#3435,1.5E-1);
#3437=CARTESIAN_POINT('',(3.5E-1,3.1E-1,-4.05E0));
#3438=LINE('',#3437,#3436);
#3439=DIRECTION('',(-1.E0,0.E0,0.E0));
#3440=VECTOR('',#3439,2.E-1);
#3441=CARTESIAN_POINT('',(3.5E-1,3.1E-1,-4.2E0));
#3442=LINE('',#3441,#3440);
#3443=DIRECTION('',(1.E0,0.E0,0.E0));
#3444=VECTOR('',#3443,2.E-1);
#3445=CARTESIAN_POINT('',(-3.5E-1,-5.1E-1,-4.4E0));
#3446=LINE('',#3445,#3444);
#3447=DIRECTION('',(1.E0,0.E0,0.E0));
#3448=VECTOR('',#3447,2.E-1);
#3449=CARTESIAN_POINT('',(-3.5E-1,-1.5E0,-4.4E0));
#3450=LINE('',#3449,#3448);
#3451=DIRECTION('',(-1.E0,0.E0,0.E0));
#3452=VECTOR('',#3451,2.E-1);
#3453=CARTESIAN_POINT('',(3.5E-1,5.1E-1,-4.4E0));
#3454=LINE('',#3453,#3452);
#3455=DIRECTION('',(-1.E0,0.E0,0.E0));
#3456=VECTOR('',#3455,2.E-1);
#3457=CARTESIAN_POINT('',(3.5E-1,1.5E0,-4.4E0));
#3458=LINE('',#3457,#3456);
#3459=DIRECTION('',(0.E0,0.E0,-1.E0));
#3460=VECTOR('',#3459,1.5E-1);
#3461=CARTESIAN_POINT('',(-1.5E-1,-3.1E-1,-4.05E0));
#3462=LINE('',#3461,#3460);
#3463=CARTESIAN_POINT('',(-1.5E-1,-5.1E-1,-4.2E0));
#3464=DIRECTION('',(1.E0,0.E0,0.E0));
#3465=DIRECTION('',(0.E0,0.E0,-1.E0));
#3466=AXIS2_PLACEMENT_3D('',#3463,#3464,#3465);
#3468=DIRECTION('',(0.E0,-1.E0,0.E0));
#3469=VECTOR('',#3468,9.9E-1);
#3470=CARTESIAN_POINT('',(-1.5E-1,-5.1E-1,-4.4E0));
#3471=LINE('',#3470,#3469);
#3472=DIRECTION('',(0.E0,0.E0,-1.E0));
#3473=VECTOR('',#3472,5.E-2);
#3474=CARTESIAN_POINT('',(-1.5E-1,-5.1E-1,-4.05E0));
#3475=LINE('',#3474,#3473);
#3476=DIRECTION('',(0.E0,0.E0,1.E0));
#3477=VECTOR('',#3476,1.5E-1);
#3478=CARTESIAN_POINT('',(-3.5E-1,-3.1E-1,-4.2E0));
#3479=LINE('',#3478,#3477);
#3480=DIRECTION('',(0.E0,0.E0,-1.E0));
#3481=VECTOR('',#3480,5.E-2);
#3482=CARTESIAN_POINT('',(-3.5E-1,-5.1E-1,-4.05E0));
#3483=LINE('',#3482,#3481);
#3484=DIRECTION('',(0.E0,0.E0,-1.E0));
#3485=VECTOR('',#3484,3.E-1);
#3486=CARTESIAN_POINT('',(-3.5E-1,-1.5E0,-4.1E0));
#3487=LINE('',#3486,#3485);
#3488=DIRECTION('',(0.E0,1.E0,0.E0));
#3489=VECTOR('',#3488,9.9E-1);
#3490=CARTESIAN_POINT('',(-3.5E-1,-1.5E0,-4.4E0));
#3491=LINE('',#3490,#3489);
#3492=CARTESIAN_POINT('',(-3.5E-1,-5.1E-1,-4.2E0));
#3493=DIRECTION('',(-1.E0,0.E0,0.E0));
#3494=DIRECTION('',(0.E0,1.E0,0.E0));
#3495=AXIS2_PLACEMENT_3D('',#3492,#3493,#3494);
#3497=DIRECTION('',(1.E0,0.E0,0.E0));
#3498=VECTOR('',#3497,2.E-1);
#3499=CARTESIAN_POINT('',(-3.5E-1,-3.1E-1,-4.2E0));
#3500=LINE('',#3499,#3498);
#3501=DIRECTION('',(0.E0,0.E0,1.E0));
#3502=VECTOR('',#3501,3.E-1);
#3503=CARTESIAN_POINT('',(-1.5E-1,-1.5E0,-4.4E0));
#3504=LINE('',#3503,#3502);
#3505=DIRECTION('',(0.E0,0.E0,1.E0));
#3506=VECTOR('',#3505,3.E-1);
#3507=CARTESIAN_POINT('',(1.5E-1,1.5E0,-4.4E0));
#3508=LINE('',#3507,#3506);
#3509=CARTESIAN_POINT('',(-8.5E-1,5.1E-1,-4.2E0));
#3510=DIRECTION('',(-1.E0,0.E0,0.E0));
#3511=DIRECTION('',(0.E0,0.E0,-1.E0));
#3512=AXIS2_PLACEMENT_3D('',#3509,#3510,#3511);
#3514=DIRECTION('',(0.E0,1.E0,0.E0));
#3515=VECTOR('',#3514,9.9E-1);
#3516=CARTESIAN_POINT('',(-8.5E-1,5.1E-1,-4.4E0));
#3517=LINE('',#3516,#3515);
#3518=DIRECTION('',(1.E0,0.E0,0.E0));
#3519=VECTOR('',#3518,2.E-1);
#3520=CARTESIAN_POINT('',(-8.5E-1,5.1E-1,-4.1E0));
#3521=LINE('',#3520,#3519);
#3522=DIRECTION('',(0.E0,-1.E0,0.E0));
#3523=VECTOR('',#3522,9.9E-1);
#3524=CARTESIAN_POINT('',(-8.5E-1,1.5E0,-4.1E0));
#3525=LINE('',#3524,#3523);
#3526=DIRECTION('',(-1.E0,0.E0,0.E0));
#3527=VECTOR('',#3526,2.E-1);
#3528=CARTESIAN_POINT('',(-6.5E-1,1.5E0,-4.1E0));
#3529=LINE('',#3528,#3527);
#3530=DIRECTION('',(0.E0,-1.E0,0.E0));
#3531=VECTOR('',#3530,9.9E-1);
#3532=CARTESIAN_POINT('',(-6.5E-1,1.5E0,-4.1E0));
#3533=LINE('',#3532,#3531);
#3534=DIRECTION('',(-1.E0,0.E0,0.E0));
#3535=VECTOR('',#3534,2.E-1);
#3536=CARTESIAN_POINT('',(-1.15E0,-5.1E-1,-4.1E0));
#3537=LINE('',#3536,#3535);
#3538=DIRECTION('',(0.E0,1.E0,0.E0));
#3539=VECTOR('',#3538,9.9E-1);
#3540=CARTESIAN_POINT('',(-1.15E0,-1.5E0,-4.1E0));
#3541=LINE('',#3540,#3539);
#3542=DIRECTION('',(1.E0,0.E0,0.E0));
#3543=VECTOR('',#3542,2.E-1);
#3544=CARTESIAN_POINT('',(-1.35E0,-1.5E0,-4.1E0));
#3545=LINE('',#3544,#3543);
#3546=DIRECTION('',(0.E0,1.E0,0.E0));
#3547=VECTOR('',#3546,9.9E-1);
#3548=CARTESIAN_POINT('',(-1.35E0,-1.5E0,-4.1E0));
#3549=LINE('',#3548,#3547);
#3550=DIRECTION('',(0.E0,0.E0,-1.E0));
#3551=VECTOR('',#3550,5.E-2);
#3552=CARTESIAN_POINT('',(-8.5E-1,5.1E-1,-4.05E0));
#3553=LINE('',#3552,#3551);
#3554=DIRECTION('',(0.E0,0.E0,-1.E0));
#3555=VECTOR('',#3554,5.E-2);
#3556=CARTESIAN_POINT('',(-6.5E-1,5.1E-1,-4.05E0));
#3557=LINE('',#3556,#3555);
#3558=DIRECTION('',(0.E0,0.E0,-1.E0));
#3559=VECTOR('',#3558,3.E-1);
#3560=CARTESIAN_POINT('',(-6.5E-1,1.5E0,-4.1E0));
#3561=LINE('',#3560,#3559);
#3562=DIRECTION('',(0.E0,-1.E0,0.E0));
#3563=VECTOR('',#3562,9.9E-1);
#3564=CARTESIAN_POINT('',(-6.5E-1,1.5E0,-4.4E0));
#3565=LINE('',#3564,#3563);
#3566=CARTESIAN_POINT('',(-6.5E-1,5.1E-1,-4.2E0));
#3567=DIRECTION('',(1.E0,0.E0,0.E0));
#3568=DIRECTION('',(0.E0,-1.E0,0.E0));
#3569=AXIS2_PLACEMENT_3D('',#3566,#3567,#3568);
#3571=DIRECTION('',(0.E0,0.E0,1.E0));
#3572=VECTOR('',#3571,1.5E-1);
#3573=CARTESIAN_POINT('',(-8.5E-1,3.1E-1,-4.2E0));
#3574=LINE('',#3573,#3572);
#3575=DIRECTION('',(0.E0,0.E0,-1.E0));
#3576=VECTOR('',#3575,1.5E-1);
#3577=CARTESIAN_POINT('',(-6.5E-1,3.1E-1,-4.05E0));
#3578=LINE('',#3577,#3576);
#3579=DIRECTION('',(-1.E0,0.E0,0.E0));
#3580=VECTOR('',#3579,2.E-1);
#3581=CARTESIAN_POINT('',(-6.5E-1,3.1E-1,-4.2E0));
#3582=LINE('',#3581,#3580);
#3583=DIRECTION('',(1.E0,0.E0,0.E0));
#3584=VECTOR('',#3583,2.E-1);
#3585=CARTESIAN_POINT('',(-1.35E0,-5.1E-1,-4.4E0));
#3586=LINE('',#3585,#3584);
#3587=DIRECTION('',(1.E0,0.E0,0.E0));
#3588=VECTOR('',#3587,2.E-1);
#3589=CARTESIAN_POINT('',(-1.35E0,-1.5E0,-4.4E0));
#3590=LINE('',#3589,#3588);
#3591=DIRECTION('',(-1.E0,0.E0,0.E0));
#3592=VECTOR('',#3591,2.E-1);
#3593=CARTESIAN_POINT('',(-6.5E-1,5.1E-1,-4.4E0));
#3594=LINE('',#3593,#3592);
#3595=DIRECTION('',(-1.E0,0.E0,0.E0));
#3596=VECTOR('',#3595,2.E-1);
#3597=CARTESIAN_POINT('',(-6.5E-1,1.5E0,-4.4E0));
#3598=LINE('',#3597,#3596);
#3599=DIRECTION('',(0.E0,0.E0,-1.E0));
#3600=VECTOR('',#3599,1.5E-1);
#3601=CARTESIAN_POINT('',(-1.15E0,-3.1E-1,-4.05E0));
#3602=LINE('',#3601,#3600);
#3603=CARTESIAN_POINT('',(-1.15E0,-5.1E-1,-4.2E0));
#3604=DIRECTION('',(1.E0,0.E0,0.E0));
#3605=DIRECTION('',(0.E0,0.E0,-1.E0));
#3606=AXIS2_PLACEMENT_3D('',#3603,#3604,#3605);
#3608=DIRECTION('',(0.E0,-1.E0,0.E0));
#3609=VECTOR('',#3608,9.9E-1);
#3610=CARTESIAN_POINT('',(-1.15E0,-5.1E-1,-4.4E0));
#3611=LINE('',#3610,#3609);
#3612=DIRECTION('',(0.E0,0.E0,-1.E0));
#3613=VECTOR('',#3612,5.E-2);
#3614=CARTESIAN_POINT('',(-1.15E0,-5.1E-1,-4.05E0));
#3615=LINE('',#3614,#3613);
#3616=DIRECTION('',(0.E0,0.E0,1.E0));
#3617=VECTOR('',#3616,1.5E-1);
#3618=CARTESIAN_POINT('',(-1.35E0,-3.1E-1,-4.2E0));
#3619=LINE('',#3618,#3617);
#3620=DIRECTION('',(0.E0,0.E0,-1.E0));
#3621=VECTOR('',#3620,5.E-2);
#3622=CARTESIAN_POINT('',(-1.35E0,-5.1E-1,-4.05E0));
#3623=LINE('',#3622,#3621);
#3624=DIRECTION('',(0.E0,0.E0,-1.E0));
#3625=VECTOR('',#3624,3.E-1);
#3626=CARTESIAN_POINT('',(-1.35E0,-1.5E0,-4.1E0));
#3627=LINE('',#3626,#3625);
#3628=DIRECTION('',(0.E0,1.E0,0.E0));
#3629=VECTOR('',#3628,9.9E-1);
#3630=CARTESIAN_POINT('',(-1.35E0,-1.5E0,-4.4E0));
#3631=LINE('',#3630,#3629);
#3632=CARTESIAN_POINT('',(-1.35E0,-5.1E-1,-4.2E0));
#3633=DIRECTION('',(-1.E0,0.E0,0.E0));
#3634=DIRECTION('',(0.E0,1.E0,0.E0));
#3635=AXIS2_PLACEMENT_3D('',#3632,#3633,#3634);
#3637=DIRECTION('',(1.E0,0.E0,0.E0));
#3638=VECTOR('',#3637,2.E-1);
#3639=CARTESIAN_POINT('',(-1.35E0,-3.1E-1,-4.2E0));
#3640=LINE('',#3639,#3638);
#3641=DIRECTION('',(0.E0,0.E0,1.E0));
#3642=VECTOR('',#3641,3.E-1);
#3643=CARTESIAN_POINT('',(-1.15E0,-1.5E0,-4.4E0));
#3644=LINE('',#3643,#3642);
#3645=DIRECTION('',(0.E0,0.E0,1.E0));
#3646=VECTOR('',#3645,3.E-1);
#3647=CARTESIAN_POINT('',(-8.5E-1,1.5E0,-4.4E0));
#3648=LINE('',#3647,#3646);
#3649=CARTESIAN_POINT('',(-1.85E0,5.1E-1,-4.2E0));
#3650=DIRECTION('',(-1.E0,0.E0,0.E0));
#3651=DIRECTION('',(0.E0,0.E0,-1.E0));
#3652=AXIS2_PLACEMENT_3D('',#3649,#3650,#3651);
#3654=DIRECTION('',(0.E0,1.E0,0.E0));
#3655=VECTOR('',#3654,9.9E-1);
#3656=CARTESIAN_POINT('',(-1.85E0,5.1E-1,-4.4E0));
#3657=LINE('',#3656,#3655);
#3658=DIRECTION('',(1.E0,0.E0,0.E0));
#3659=VECTOR('',#3658,2.E-1);
#3660=CARTESIAN_POINT('',(-1.85E0,5.1E-1,-4.1E0));
#3661=LINE('',#3660,#3659);
#3662=DIRECTION('',(0.E0,-1.E0,0.E0));
#3663=VECTOR('',#3662,9.9E-1);
#3664=CARTESIAN_POINT('',(-1.85E0,1.5E0,-4.1E0));
#3665=LINE('',#3664,#3663);
#3666=DIRECTION('',(-1.E0,0.E0,0.E0));
#3667=VECTOR('',#3666,2.E-1);
#3668=CARTESIAN_POINT('',(-1.65E0,1.5E0,-4.1E0));
#3669=LINE('',#3668,#3667);
#3670=DIRECTION('',(0.E0,-1.E0,0.E0));
#3671=VECTOR('',#3670,9.9E-1);
#3672=CARTESIAN_POINT('',(-1.65E0,1.5E0,-4.1E0));
#3673=LINE('',#3672,#3671);
#3674=DIRECTION('',(-1.E0,0.E0,0.E0));
#3675=VECTOR('',#3674,2.E-1);
#3676=CARTESIAN_POINT('',(-2.15E0,-5.1E-1,-4.1E0));
#3677=LINE('',#3676,#3675);
#3678=DIRECTION('',(0.E0,1.E0,0.E0));
#3679=VECTOR('',#3678,9.9E-1);
#3680=CARTESIAN_POINT('',(-2.15E0,-1.5E0,-4.1E0));
#3681=LINE('',#3680,#3679);
#3682=DIRECTION('',(1.E0,0.E0,0.E0));
#3683=VECTOR('',#3682,2.E-1);
#3684=CARTESIAN_POINT('',(-2.35E0,-1.5E0,-4.1E0));
#3685=LINE('',#3684,#3683);
#3686=DIRECTION('',(0.E0,1.E0,0.E0));
#3687=VECTOR('',#3686,9.9E-1);
#3688=CARTESIAN_POINT('',(-2.35E0,-1.5E0,-4.1E0));
#3689=LINE('',#3688,#3687);
#3690=DIRECTION('',(0.E0,0.E0,-1.E0));
#3691=VECTOR('',#3690,5.E-2);
#3692=CARTESIAN_POINT('',(-1.85E0,5.1E-1,-4.05E0));
#3693=LINE('',#3692,#3691);
#3694=DIRECTION('',(0.E0,0.E0,-1.E0));
#3695=VECTOR('',#3694,5.E-2);
#3696=CARTESIAN_POINT('',(-1.65E0,5.1E-1,-4.05E0));
#3697=LINE('',#3696,#3695);
#3698=DIRECTION('',(0.E0,0.E0,-1.E0));
#3699=VECTOR('',#3698,3.E-1);
#3700=CARTESIAN_POINT('',(-1.65E0,1.5E0,-4.1E0));
#3701=LINE('',#3700,#3699);
#3702=DIRECTION('',(0.E0,-1.E0,0.E0));
#3703=VECTOR('',#3702,9.9E-1);
#3704=CARTESIAN_POINT('',(-1.65E0,1.5E0,-4.4E0));
#3705=LINE('',#3704,#3703);
#3706=CARTESIAN_POINT('',(-1.65E0,5.1E-1,-4.2E0));
#3707=DIRECTION('',(1.E0,0.E0,0.E0));
#3708=DIRECTION('',(0.E0,-1.E0,0.E0));
#3709=AXIS2_PLACEMENT_3D('',#3706,#3707,#3708);
#3711=DIRECTION('',(0.E0,0.E0,1.E0));
#3712=VECTOR('',#3711,1.5E-1);
#3713=CARTESIAN_POINT('',(-1.85E0,3.1E-1,-4.2E0));
#3714=LINE('',#3713,#3712);
#3715=DIRECTION('',(0.E0,0.E0,-1.E0));
#3716=VECTOR('',#3715,1.5E-1);
#3717=CARTESIAN_POINT('',(-1.65E0,3.1E-1,-4.05E0));
#3718=LINE('',#3717,#3716);
#3719=DIRECTION('',(-1.E0,0.E0,0.E0));
#3720=VECTOR('',#3719,2.E-1);
#3721=CARTESIAN_POINT('',(-1.65E0,3.1E-1,-4.2E0));
#3722=LINE('',#3721,#3720);
#3723=DIRECTION('',(1.E0,0.E0,0.E0));
#3724=VECTOR('',#3723,2.E-1);
#3725=CARTESIAN_POINT('',(-2.35E0,-5.1E-1,-4.4E0));
#3726=LINE('',#3725,#3724);
#3727=DIRECTION('',(1.E0,0.E0,0.E0));
#3728=VECTOR('',#3727,2.E-1);
#3729=CARTESIAN_POINT('',(-2.35E0,-1.5E0,-4.4E0));
#3730=LINE('',#3729,#3728);
#3731=DIRECTION('',(-1.E0,0.E0,0.E0));
#3732=VECTOR('',#3731,2.E-1);
#3733=CARTESIAN_POINT('',(-1.65E0,5.1E-1,-4.4E0));
#3734=LINE('',#3733,#3732);
#3735=DIRECTION('',(-1.E0,0.E0,0.E0));
#3736=VECTOR('',#3735,2.E-1);
#3737=CARTESIAN_POINT('',(-1.65E0,1.5E0,-4.4E0));
#3738=LINE('',#3737,#3736);
#3739=DIRECTION('',(0.E0,0.E0,-1.E0));
#3740=VECTOR('',#3739,1.5E-1);
#3741=CARTESIAN_POINT('',(-2.15E0,-3.1E-1,-4.05E0));
#3742=LINE('',#3741,#3740);
#3743=CARTESIAN_POINT('',(-2.15E0,-5.1E-1,-4.2E0));
#3744=DIRECTION('',(1.E0,0.E0,0.E0));
#3745=DIRECTION('',(0.E0,0.E0,-1.E0));
#3746=AXIS2_PLACEMENT_3D('',#3743,#3744,#3745);
#3748=DIRECTION('',(0.E0,-1.E0,0.E0));
#3749=VECTOR('',#3748,9.9E-1);
#3750=CARTESIAN_POINT('',(-2.15E0,-5.1E-1,-4.4E0));
#3751=LINE('',#3750,#3749);
#3752=DIRECTION('',(0.E0,0.E0,-1.E0));
#3753=VECTOR('',#3752,5.E-2);
#3754=CARTESIAN_POINT('',(-2.15E0,-5.1E-1,-4.05E0));
#3755=LINE('',#3754,#3753);
#3756=DIRECTION('',(0.E0,0.E0,1.E0));
#3757=VECTOR('',#3756,1.5E-1);
#3758=CARTESIAN_POINT('',(-2.35E0,-3.1E-1,-4.2E0));
#3759=LINE('',#3758,#3757);
#3760=DIRECTION('',(0.E0,0.E0,-1.E0));
#3761=VECTOR('',#3760,5.E-2);
#3762=CARTESIAN_POINT('',(-2.35E0,-5.1E-1,-4.05E0));
#3763=LINE('',#3762,#3761);
#3764=DIRECTION('',(0.E0,0.E0,-1.E0));
#3765=VECTOR('',#3764,3.E-1);
#3766=CARTESIAN_POINT('',(-2.35E0,-1.5E0,-4.1E0));
#3767=LINE('',#3766,#3765);
#3768=DIRECTION('',(0.E0,1.E0,0.E0));
#3769=VECTOR('',#3768,9.9E-1);
#3770=CARTESIAN_POINT('',(-2.35E0,-1.5E0,-4.4E0));
#3771=LINE('',#3770,#3769);
#3772=CARTESIAN_POINT('',(-2.35E0,-5.1E-1,-4.2E0));
#3773=DIRECTION('',(-1.E0,0.E0,0.E0));
#3774=DIRECTION('',(0.E0,1.E0,0.E0));
#3775=AXIS2_PLACEMENT_3D('',#3772,#3773,#3774);
#3777=DIRECTION('',(1.E0,0.E0,0.E0));
#3778=VECTOR('',#3777,2.E-1);
#3779=CARTESIAN_POINT('',(-2.35E0,-3.1E-1,-4.2E0));
#3780=LINE('',#3779,#3778);
#3781=DIRECTION('',(0.E0,0.E0,1.E0));
#3782=VECTOR('',#3781,3.E-1);
#3783=CARTESIAN_POINT('',(-2.15E0,-1.5E0,-4.4E0));
#3784=LINE('',#3783,#3782);
#3785=DIRECTION('',(0.E0,0.E0,1.E0));
#3786=VECTOR('',#3785,3.E-1);
#3787=CARTESIAN_POINT('',(-1.85E0,1.5E0,-4.4E0));
#3788=LINE('',#3787,#3786);
#3789=CARTESIAN_POINT('',(-2.85E0,5.1E-1,-4.2E0));
#3790=DIRECTION('',(-1.E0,0.E0,0.E0));
#3791=DIRECTION('',(0.E0,0.E0,-1.E0));
#3792=AXIS2_PLACEMENT_3D('',#3789,#3790,#3791);
#3794=DIRECTION('',(0.E0,1.E0,0.E0));
#3795=VECTOR('',#3794,9.9E-1);
#3796=CARTESIAN_POINT('',(-2.85E0,5.1E-1,-4.4E0));
#3797=LINE('',#3796,#3795);
#3798=DIRECTION('',(1.E0,0.E0,0.E0));
#3799=VECTOR('',#3798,2.E-1);
#3800=CARTESIAN_POINT('',(-2.85E0,5.1E-1,-4.1E0));
#3801=LINE('',#3800,#3799);
#3802=DIRECTION('',(0.E0,-1.E0,0.E0));
#3803=VECTOR('',#3802,9.9E-1);
#3804=CARTESIAN_POINT('',(-2.85E0,1.5E0,-4.1E0));
#3805=LINE('',#3804,#3803);
#3806=DIRECTION('',(-1.E0,0.E0,0.E0));
#3807=VECTOR('',#3806,2.E-1);
#3808=CARTESIAN_POINT('',(-2.65E0,1.5E0,-4.1E0));
#3809=LINE('',#3808,#3807);
#3810=DIRECTION('',(0.E0,-1.E0,0.E0));
#3811=VECTOR('',#3810,9.9E-1);
#3812=CARTESIAN_POINT('',(-2.65E0,1.5E0,-4.1E0));
#3813=LINE('',#3812,#3811);
#3814=DIRECTION('',(-1.E0,0.E0,0.E0));
#3815=VECTOR('',#3814,2.E-1);
#3816=CARTESIAN_POINT('',(-3.15E0,-5.1E-1,-4.1E0));
#3817=LINE('',#3816,#3815);
#3818=DIRECTION('',(0.E0,1.E0,0.E0));
#3819=VECTOR('',#3818,9.9E-1);
#3820=CARTESIAN_POINT('',(-3.15E0,-1.5E0,-4.1E0));
#3821=LINE('',#3820,#3819);
#3822=DIRECTION('',(1.E0,0.E0,0.E0));
#3823=VECTOR('',#3822,2.E-1);
#3824=CARTESIAN_POINT('',(-3.35E0,-1.5E0,-4.1E0));
#3825=LINE('',#3824,#3823);
#3826=DIRECTION('',(0.E0,1.E0,0.E0));
#3827=VECTOR('',#3826,9.9E-1);
#3828=CARTESIAN_POINT('',(-3.35E0,-1.5E0,-4.1E0));
#3829=LINE('',#3828,#3827);
#3830=DIRECTION('',(0.E0,0.E0,-1.E0));
#3831=VECTOR('',#3830,5.E-2);
#3832=CARTESIAN_POINT('',(-2.85E0,5.1E-1,-4.05E0));
#3833=LINE('',#3832,#3831);
#3834=DIRECTION('',(0.E0,0.E0,-1.E0));
#3835=VECTOR('',#3834,5.E-2);
#3836=CARTESIAN_POINT('',(-2.65E0,5.1E-1,-4.05E0));
#3837=LINE('',#3836,#3835);
#3838=DIRECTION('',(0.E0,0.E0,-1.E0));
#3839=VECTOR('',#3838,3.E-1);
#3840=CARTESIAN_POINT('',(-2.65E0,1.5E0,-4.1E0));
#3841=LINE('',#3840,#3839);
#3842=DIRECTION('',(0.E0,-1.E0,0.E0));
#3843=VECTOR('',#3842,9.9E-1);
#3844=CARTESIAN_POINT('',(-2.65E0,1.5E0,-4.4E0));
#3845=LINE('',#3844,#3843);
#3846=CARTESIAN_POINT('',(-2.65E0,5.1E-1,-4.2E0));
#3847=DIRECTION('',(1.E0,0.E0,0.E0));
#3848=DIRECTION('',(0.E0,-1.E0,0.E0));
#3849=AXIS2_PLACEMENT_3D('',#3846,#3847,#3848);
#3851=DIRECTION('',(0.E0,0.E0,1.E0));
#3852=VECTOR('',#3851,1.5E-1);
#3853=CARTESIAN_POINT('',(-2.85E0,3.1E-1,-4.2E0));
#3854=LINE('',#3853,#3852);
#3855=DIRECTION('',(0.E0,0.E0,-1.E0));
#3856=VECTOR('',#3855,1.5E-1);
#3857=CARTESIAN_POINT('',(-2.65E0,3.1E-1,-4.05E0));
#3858=LINE('',#3857,#3856);
#3859=DIRECTION('',(-1.E0,0.E0,0.E0));
#3860=VECTOR('',#3859,2.E-1);
#3861=CARTESIAN_POINT('',(-2.65E0,3.1E-1,-4.2E0));
#3862=LINE('',#3861,#3860);
#3863=DIRECTION('',(1.E0,0.E0,0.E0));
#3864=VECTOR('',#3863,2.E-1);
#3865=CARTESIAN_POINT('',(-3.35E0,-5.1E-1,-4.4E0));
#3866=LINE('',#3865,#3864);
#3867=DIRECTION('',(1.E0,0.E0,0.E0));
#3868=VECTOR('',#3867,2.E-1);
#3869=CARTESIAN_POINT('',(-3.35E0,-1.5E0,-4.4E0));
#3870=LINE('',#3869,#3868);
#3871=DIRECTION('',(-1.E0,0.E0,0.E0));
#3872=VECTOR('',#3871,2.E-1);
#3873=CARTESIAN_POINT('',(-2.65E0,5.1E-1,-4.4E0));
#3874=LINE('',#3873,#3872);
#3875=DIRECTION('',(-1.E0,0.E0,0.E0));
#3876=VECTOR('',#3875,2.E-1);
#3877=CARTESIAN_POINT('',(-2.65E0,1.5E0,-4.4E0));
#3878=LINE('',#3877,#3876);
#3879=DIRECTION('',(0.E0,0.E0,-1.E0));
#3880=VECTOR('',#3879,1.5E-1);
#3881=CARTESIAN_POINT('',(-3.15E0,-3.1E-1,-4.05E0));
#3882=LINE('',#3881,#3880);
#3883=CARTESIAN_POINT('',(-3.15E0,-5.1E-1,-4.2E0));
#3884=DIRECTION('',(1.E0,0.E0,0.E0));
#3885=DIRECTION('',(0.E0,0.E0,-1.E0));
#3886=AXIS2_PLACEMENT_3D('',#3883,#3884,#3885);
#3888=DIRECTION('',(0.E0,-1.E0,0.E0));
#3889=VECTOR('',#3888,9.9E-1);
#3890=CARTESIAN_POINT('',(-3.15E0,-5.1E-1,-4.4E0));
#3891=LINE('',#3890,#3889);
#3892=DIRECTION('',(0.E0,0.E0,-1.E0));
#3893=VECTOR('',#3892,5.E-2);
#3894=CARTESIAN_POINT('',(-3.15E0,-5.1E-1,-4.05E0));
#3895=LINE('',#3894,#3893);
#3896=DIRECTION('',(0.E0,0.E0,1.E0));
#3897=VECTOR('',#3896,1.5E-1);
#3898=CARTESIAN_POINT('',(-3.35E0,-3.1E-1,-4.2E0));
#3899=LINE('',#3898,#3897);
#3900=DIRECTION('',(0.E0,0.E0,-1.E0));
#3901=VECTOR('',#3900,5.E-2);
#3902=CARTESIAN_POINT('',(-3.35E0,-5.1E-1,-4.05E0));
#3903=LINE('',#3902,#3901);
#3904=DIRECTION('',(0.E0,0.E0,-1.E0));
#3905=VECTOR('',#3904,3.E-1);
#3906=CARTESIAN_POINT('',(-3.35E0,-1.5E0,-4.1E0));
#3907=LINE('',#3906,#3905);
#3908=DIRECTION('',(0.E0,1.E0,0.E0));
#3909=VECTOR('',#3908,9.9E-1);
#3910=CARTESIAN_POINT('',(-3.35E0,-1.5E0,-4.4E0));
#3911=LINE('',#3910,#3909);
#3912=CARTESIAN_POINT('',(-3.35E0,-5.1E-1,-4.2E0));
#3913=DIRECTION('',(-1.E0,0.E0,0.E0));
#3914=DIRECTION('',(0.E0,1.E0,0.E0));
#3915=AXIS2_PLACEMENT_3D('',#3912,#3913,#3914);
#3917=DIRECTION('',(1.E0,0.E0,0.E0));
#3918=VECTOR('',#3917,2.E-1);
#3919=CARTESIAN_POINT('',(-3.35E0,-3.1E-1,-4.2E0));
#3920=LINE('',#3919,#3918);
#3921=DIRECTION('',(0.E0,0.E0,1.E0));
#3922=VECTOR('',#3921,3.E-1);
#3923=CARTESIAN_POINT('',(-3.15E0,-1.5E0,-4.4E0));
#3924=LINE('',#3923,#3922);
#3925=DIRECTION('',(0.E0,0.E0,1.E0));
#3926=VECTOR('',#3925,3.E-1);
#3927=CARTESIAN_POINT('',(-2.85E0,1.5E0,-4.4E0));
#3928=LINE('',#3927,#3926);
#3929=CARTESIAN_POINT('',(-3.85E0,5.1E-1,-4.2E0));
#3930=DIRECTION('',(-1.E0,0.E0,0.E0));
#3931=DIRECTION('',(0.E0,0.E0,-1.E0));
#3932=AXIS2_PLACEMENT_3D('',#3929,#3930,#3931);
#3934=DIRECTION('',(0.E0,0.E0,-1.E0));
#3935=VECTOR('',#3934,1.5E-1);
#3936=CARTESIAN_POINT('',(-3.65E0,3.1E-1,-4.05E0));
#3937=LINE('',#3936,#3935);
#3938=DIRECTION('',(-1.E0,0.E0,0.E0));
#3939=VECTOR('',#3938,2.E-1);
#3940=CARTESIAN_POINT('',(-3.65E0,3.1E-1,-4.2E0));
#3941=LINE('',#3940,#3939);
#3942=DIRECTION('',(0.E0,0.E0,1.E0));
#3943=VECTOR('',#3942,1.5E-1);
#3944=CARTESIAN_POINT('',(-3.85E0,3.1E-1,-4.2E0));
#3945=LINE('',#3944,#3943);
#3946=DIRECTION('',(0.E0,0.E0,-1.E0));
#3947=VECTOR('',#3946,5.E-2);
#3948=CARTESIAN_POINT('',(-3.65E0,5.1E-1,-4.05E0));
#3949=LINE('',#3948,#3947);
#3950=DIRECTION('',(0.E0,0.E0,-1.E0));
#3951=VECTOR('',#3950,3.E-1);
#3952=CARTESIAN_POINT('',(-3.65E0,1.5E0,-4.1E0));
#3953=LINE('',#3952,#3951);
#3954=CARTESIAN_POINT('',(-3.65E0,5.1E-1,-4.2E0));
#3955=DIRECTION('',(1.E0,0.E0,0.E0));
#3956=DIRECTION('',(0.E0,-1.E0,0.E0));
#3957=AXIS2_PLACEMENT_3D('',#3954,#3955,#3956);
#3959=DIRECTION('',(0.E0,0.E0,-1.E0));
#3960=VECTOR('',#3959,5.E-2);
#3961=CARTESIAN_POINT('',(-3.85E0,5.1E-1,-4.05E0));
#3962=LINE('',#3961,#3960);
#3963=DIRECTION('',(-1.E0,0.E0,0.E0));
#3964=VECTOR('',#3963,2.E-1);
#3965=CARTESIAN_POINT('',(-3.65E0,5.1E-1,-4.1E0));
#3966=LINE('',#3965,#3964);
#3967=DIRECTION('',(0.E0,-1.E0,0.E0));
#3968=VECTOR('',#3967,9.9E-1);
#3969=CARTESIAN_POINT('',(-3.85E0,1.5E0,-4.1E0));
#3970=LINE('',#3969,#3968);
#3971=DIRECTION('',(-1.E0,0.E0,0.E0));
#3972=VECTOR('',#3971,2.E-1);
#3973=CARTESIAN_POINT('',(-3.65E0,1.5E0,-4.1E0));
#3974=LINE('',#3973,#3972);
#3975=DIRECTION('',(0.E0,-1.E0,0.E0));
#3976=VECTOR('',#3975,9.9E-1);
#3977=CARTESIAN_POINT('',(-3.65E0,1.5E0,-4.1E0));
#3978=LINE('',#3977,#3976);
#3979=DIRECTION('',(1.E0,0.E0,0.E0));
#3980=VECTOR('',#3979,2.E-1);
#3981=CARTESIAN_POINT('',(-4.35E0,-5.1E-1,-4.1E0));
#3982=LINE('',#3981,#3980);
#3983=DIRECTION('',(0.E0,1.E0,0.E0));
#3984=VECTOR('',#3983,9.9E-1);
#3985=CARTESIAN_POINT('',(-4.15E0,-1.5E0,-4.1E0));
#3986=LINE('',#3985,#3984);
#3987=DIRECTION('',(1.E0,0.E0,0.E0));
#3988=VECTOR('',#3987,2.E-1);
#3989=CARTESIAN_POINT('',(-4.35E0,-1.5E0,-4.1E0));
#3990=LINE('',#3989,#3988);
#3991=DIRECTION('',(0.E0,1.E0,0.E0));
#3992=VECTOR('',#3991,9.9E-1);
#3993=CARTESIAN_POINT('',(-4.35E0,-1.5E0,-4.1E0));
#3994=LINE('',#3993,#3992);
#3995=DIRECTION('',(0.E0,0.E0,1.E0));
#3996=VECTOR('',#3995,3.E-1);
#3997=CARTESIAN_POINT('',(-3.85E0,1.5E0,-4.4E0));
#3998=LINE('',#3997,#3996);
#3999=DIRECTION('',(1.E0,0.E0,0.E0));
#4000=VECTOR('',#3999,2.E-1);
#4001=CARTESIAN_POINT('',(-4.35E0,-5.1E-1,-4.4E0));
#4002=LINE('',#4001,#4000);
#4003=DIRECTION('',(0.E0,1.E0,0.E0));
#4004=VECTOR('',#4003,9.9E-1);
#4005=CARTESIAN_POINT('',(-4.35E0,-1.5E0,-4.4E0));
#4006=LINE('',#4005,#4004);
#4007=DIRECTION('',(1.E0,0.E0,0.E0));
#4008=VECTOR('',#4007,2.E-1);
#4009=CARTESIAN_POINT('',(-4.35E0,-1.5E0,-4.4E0));
#4010=LINE('',#4009,#4008);
#4011=DIRECTION('',(0.E0,1.E0,0.E0));
#4012=VECTOR('',#4011,9.9E-1);
#4013=CARTESIAN_POINT('',(-4.15E0,-1.5E0,-4.4E0));
#4014=LINE('',#4013,#4012);
#4015=DIRECTION('',(-1.E0,0.E0,0.E0));
#4016=VECTOR('',#4015,2.E-1);
#4017=CARTESIAN_POINT('',(-3.65E0,5.1E-1,-4.4E0));
#4018=LINE('',#4017,#4016);
#4019=DIRECTION('',(0.E0,-1.E0,0.E0));
#4020=VECTOR('',#4019,9.9E-1);
#4021=CARTESIAN_POINT('',(-3.65E0,1.5E0,-4.4E0));
#4022=LINE('',#4021,#4020);
#4023=DIRECTION('',(-1.E0,0.E0,0.E0));
#4024=VECTOR('',#4023,2.E-1);
#4025=CARTESIAN_POINT('',(-3.65E0,1.5E0,-4.4E0));
#4026=LINE('',#4025,#4024);
#4027=DIRECTION('',(0.E0,-1.E0,0.E0));
#4028=VECTOR('',#4027,9.9E-1);
#4029=CARTESIAN_POINT('',(-3.85E0,1.5E0,-4.4E0));
#4030=LINE('',#4029,#4028);
#4031=DIRECTION('',(0.E0,0.E0,-1.E0));
#4032=VECTOR('',#4031,1.5E-1);
#4033=CARTESIAN_POINT('',(-4.15E0,-3.1E-1,-4.05E0));
#4034=LINE('',#4033,#4032);
#4035=CARTESIAN_POINT('',(-4.15E0,-5.1E-1,-4.2E0));
#4036=DIRECTION('',(1.E0,0.E0,0.E0));
#4037=DIRECTION('',(0.E0,0.E0,-1.E0));
#4038=AXIS2_PLACEMENT_3D('',#4035,#4036,#4037);
#4040=DIRECTION('',(1.E0,0.E0,0.E0));
#4041=VECTOR('',#4040,2.E-1);
#4042=CARTESIAN_POINT('',(-4.35E0,-3.1E-1,-4.2E0));
#4043=LINE('',#4042,#4041);
#4044=DIRECTION('',(0.E0,0.E0,-1.E0));
#4045=VECTOR('',#4044,5.E-2);
#4046=CARTESIAN_POINT('',(-4.35E0,-5.1E-1,-4.05E0));
#4047=LINE('',#4046,#4045);
#4048=DIRECTION('',(0.E0,0.E0,-1.E0));
#4049=VECTOR('',#4048,3.E-1);
#4050=CARTESIAN_POINT('',(-4.35E0,-1.5E0,-4.1E0));
#4051=LINE('',#4050,#4049);
#4052=CARTESIAN_POINT('',(-4.35E0,-5.1E-1,-4.2E0));
#4053=DIRECTION('',(-1.E0,0.E0,0.E0));
#4054=DIRECTION('',(0.E0,1.E0,0.E0));
#4055=AXIS2_PLACEMENT_3D('',#4052,#4053,#4054);
#4057=DIRECTION('',(0.E0,0.E0,1.E0));
#4058=VECTOR('',#4057,1.5E-1);
#4059=CARTESIAN_POINT('',(-4.35E0,-3.1E-1,-4.2E0));
#4060=LINE('',#4059,#4058);
#4061=DIRECTION('',(-1.776356839400E-14,0.E0,-1.E0));
#4062=VECTOR('',#4061,5.E-2);
#4063=CARTESIAN_POINT('',(-4.15E0,-5.1E-1,-4.05E0));
#4064=LINE('',#4063,#4062);
#4065=DIRECTION('',(0.E0,0.E0,1.E0));
#4066=VECTOR('',#4065,3.E-1);
#4067=CARTESIAN_POINT('',(-4.15E0,-1.5E0,-4.4E0));
#4068=LINE('',#4067,#4066);
#4069=CARTESIAN_POINT('',(-7.3E0,-1.E0,-1.2E0));
#4070=CARTESIAN_POINT('',(-7.3E0,-1.E0,0.E0));
#4071=VERTEX_POINT('',#4069);
#4072=VERTEX_POINT('',#4070);
#4073=CARTESIAN_POINT('',(7.3E0,-1.E0,0.E0));
#4074=CARTESIAN_POINT('',(7.3E0,-1.E0,-1.2E0));
#4075=VERTEX_POINT('',#4073);
#4076=VERTEX_POINT('',#4074);
#4077=CARTESIAN_POINT('',(-7.3E0,1.E0,-1.2E0));
#4078=CARTESIAN_POINT('',(-7.3E0,1.E0,0.E0));
#4079=VERTEX_POINT('',#4077);
#4080=VERTEX_POINT('',#4078);
#4081=CARTESIAN_POINT('',(7.3E0,1.E0,0.E0));
#4082=VERTEX_POINT('',#4081);
#4083=CARTESIAN_POINT('',(7.3E0,1.E0,-1.2E0));
#4084=VERTEX_POINT('',#4083);
#4085=CARTESIAN_POINT('',(-4.77E0,-1.E0,-3.E-2));
#4086=CARTESIAN_POINT('',(4.77E0,-1.E0,-3.E-2));
#4087=VERTEX_POINT('',#4085);
#4088=VERTEX_POINT('',#4086);
#4089=CARTESIAN_POINT('',(4.8E0,-1.E0,0.E0));
#4090=CARTESIAN_POINT('',(4.8E0,-1.E0,-1.2E0));
#4091=VERTEX_POINT('',#4089);
#4092=VERTEX_POINT('',#4090);
#4093=CARTESIAN_POINT('',(4.8E0,-1.E0,-1.25E0));
#4094=CARTESIAN_POINT('',(4.8E0,-5.E-1,-1.25E0));
#4095=VERTEX_POINT('',#4093);
#4096=VERTEX_POINT('',#4094);
#4097=CARTESIAN_POINT('',(-4.8E0,-1.E0,0.E0));
#4098=VERTEX_POINT('',#4097);
#4099=CARTESIAN_POINT('',(-6.45E0,-1.E0,-4.4E0));
#4100=CARTESIAN_POINT('',(-6.45E0,-1.E0,-1.2E0));
#4101=VERTEX_POINT('',#4099);
#4102=VERTEX_POINT('',#4100);
#4103=CARTESIAN_POINT('',(-6.75E0,-7.E-1,-4.4E0));
#4104=VERTEX_POINT('',#4103);
#4105=CARTESIAN_POINT('',(-6.75E0,-7.E-1,-1.2E0));
#4106=VERTEX_POINT('',#4105);
#4107=CARTESIAN_POINT('',(6.75E0,-7.E-1,-4.4E0));
#4108=CARTESIAN_POINT('',(6.45E0,-1.E0,-4.4E0));
#4109=VERTEX_POINT('',#4107);
#4110=VERTEX_POINT('',#4108);
#4111=CARTESIAN_POINT('',(6.45E0,-1.E0,-1.25E0));
#4112=VERTEX_POINT('',#4111);
#4113=CARTESIAN_POINT('',(6.75E0,-7.E-1,-1.25E0));
#4114=VERTEX_POINT('',#4113);
#4115=CARTESIAN_POINT('',(6.75E0,7.E-1,-1.25E0));
#4116=CARTESIAN_POINT('',(6.45E0,1.E0,-1.25E0));
#4117=VERTEX_POINT('',#4115);
#4118=VERTEX_POINT('',#4116);
#4119=CARTESIAN_POINT('',(-4.825E0,-1.E0,-4.4E0));
#4120=VERTEX_POINT('',#4119);
#4121=CARTESIAN_POINT('',(4.825E0,-1.E0,-4.4E0));
#4122=VERTEX_POINT('',#4121);
#4123=CARTESIAN_POINT('',(4.77E0,-5.E-1,-1.25E0));
#4124=VERTEX_POINT('',#4123);
#4125=CARTESIAN_POINT('',(-4.85E0,5.E-1,-4.15E0));
#4126=CARTESIAN_POINT('',(-4.85E0,5.E-1,-1.2E0));
#4127=VERTEX_POINT('',#4125);
#4128=VERTEX_POINT('',#4126);
#4129=CARTESIAN_POINT('',(4.85E0,5.E-1,-1.25E0));
#4130=CARTESIAN_POINT('',(4.8E0,5.E-1,-1.25E0));
#4131=VERTEX_POINT('',#4129);
#4132=VERTEX_POINT('',#4130);
#4133=CARTESIAN_POINT('',(4.8E0,1.E0,-1.25E0));
#4134=VERTEX_POINT('',#4133);
#4135=CARTESIAN_POINT('',(4.77E0,5.E-1,-1.25E0));
#4136=CARTESIAN_POINT('',(4.77E0,5.E-1,-1.2E0));
#4137=VERTEX_POINT('',#4135);
#4138=VERTEX_POINT('',#4136);
#4139=CARTESIAN_POINT('',(4.85E0,1.E0,-1.25E0));
#4140=VERTEX_POINT('',#4139);
#4141=CARTESIAN_POINT('',(-4.8E0,5.E-1,-1.25E0));
#4142=VERTEX_POINT('',#4141);
#4143=CARTESIAN_POINT('',(4.85E0,5.E-1,-4.15E0));
#4144=VERTEX_POINT('',#4143);
#4145=CARTESIAN_POINT('',(-6.75E0,7.E-1,-1.2E0));
#4146=VERTEX_POINT('',#4145);
#4147=CARTESIAN_POINT('',(-6.45E0,1.E0,-1.2E0));
#4148=VERTEX_POINT('',#4147);
#4149=CARTESIAN_POINT('',(4.77E0,-1.685886316883E-1,-1.2E0));
#4150=VERTEX_POINT('',#4149);
#4151=CARTESIAN_POINT('',(-4.85E0,1.E0,-1.2E0));
#4152=VERTEX_POINT('',#4151);
#4153=CARTESIAN_POINT('',(4.77E0,-6.201223561365E-1,-1.2E0));
#4154=VERTEX_POINT('',#4153);
#4155=CARTESIAN_POINT('',(-4.77E0,-5.E-1,-1.2E0));
#4156=CARTESIAN_POINT('',(-4.77E0,-6.201223561365E-1,-1.2E0));
#4157=VERTEX_POINT('',#4155);
#4158=VERTEX_POINT('',#4156);
#4159=CARTESIAN_POINT('',(-4.8E0,1.E0,-1.25E0));
#4160=VERTEX_POINT('',#4159);
#4161=CARTESIAN_POINT('',(4.8E0,-1.685886316883E-1,0.E0));
#4162=CARTESIAN_POINT('',(-4.8E0,-1.685886316883E-1,0.E0));
#4163=VERTEX_POINT('',#4161);
#4164=VERTEX_POINT('',#4162);
#4165=CARTESIAN_POINT('',(4.8E0,-1.685886316883E-1,-1.2E0));
#4166=VERTEX_POINT('',#4165);
#4167=CARTESIAN_POINT('',(-4.8E0,-5.E-1,-1.2E0));
#4168=VERTEX_POINT('',#4167);
#4169=CARTESIAN_POINT('',(-4.8E0,-1.685886316883E-1,-1.2E0));
#4170=VERTEX_POINT('',#4169);
#4171=CARTESIAN_POINT('',(-4.77E0,-9.201223561365E-1,-3.E-2));
#4172=CARTESIAN_POINT('',(-4.77E0,-6.201223561365E-1,-3.3E-1));
#4173=VERTEX_POINT('',#4171);
#4174=VERTEX_POINT('',#4172);
#4175=CARTESIAN_POINT('',(4.77E0,-6.201223561365E-1,-3.3E-1));
#4176=CARTESIAN_POINT('',(4.77E0,-9.201223561365E-1,-3.E-2));
#4177=VERTEX_POINT('',#4175);
#4178=VERTEX_POINT('',#4176);
#4179=CARTESIAN_POINT('',(-4.825E0,1.E0,-4.4E0));
#4180=CARTESIAN_POINT('',(-4.825E0,1.E0,-4.1E0));
#4181=VERTEX_POINT('',#4179);
#4182=VERTEX_POINT('',#4180);
#4183=CARTESIAN_POINT('',(4.825E0,1.E0,-4.1E0));
#4184=CARTESIAN_POINT('',(4.825E0,1.E0,-4.4E0));
#4185=VERTEX_POINT('',#4183);
#4186=VERTEX_POINT('',#4184);
#4187=CARTESIAN_POINT('',(-4.85E0,1.E0,-4.1E0));
#4188=VERTEX_POINT('',#4187);
#4189=CARTESIAN_POINT('',(4.85E0,6.8E-1,-4.15E0));
#4190=CARTESIAN_POINT('',(4.85E0,6.8E-1,-4.1E0));
#4191=VERTEX_POINT('',#4189);
#4192=VERTEX_POINT('',#4190);
#4193=CARTESIAN_POINT('',(-4.85E0,6.8E-1,-4.15E0));
#4194=CARTESIAN_POINT('',(-4.85E0,6.8E-1,-4.1E0));
#4195=VERTEX_POINT('',#4193);
#4196=VERTEX_POINT('',#4194);
#4197=CARTESIAN_POINT('',(4.85E0,1.E0,-4.1E0));
#4198=VERTEX_POINT('',#4197);
#4199=CARTESIAN_POINT('',(-4.825E0,6.8E-1,-4.1E0));
#4200=VERTEX_POINT('',#4199);
#4201=CARTESIAN_POINT('',(4.825E0,6.8E-1,-4.1E0));
#4202=VERTEX_POINT('',#4201);
#4203=CARTESIAN_POINT('',(-6.75E0,7.E-1,-4.4E0));
#4204=CARTESIAN_POINT('',(-6.45E0,1.E0,-4.4E0));
#4205=VERTEX_POINT('',#4203);
#4206=VERTEX_POINT('',#4204);
#4207=CARTESIAN_POINT('',(6.45E0,1.E0,-4.4E0));
#4208=CARTESIAN_POINT('',(6.75E0,7.E-1,-4.4E0));
#4209=VERTEX_POINT('',#4207);
#4210=VERTEX_POINT('',#4208);
#4211=CARTESIAN_POINT('',(-3.5E-1,-1.5E0,-4.1E0));
#4212=CARTESIAN_POINT('',(-1.5E-1,-1.5E0,-4.1E0));
#4213=VERTEX_POINT('',#4211);
#4214=VERTEX_POINT('',#4212);
#4215=CARTESIAN_POINT('',(3.5E-1,1.5E0,-4.1E0));
#4216=CARTESIAN_POINT('',(1.5E-1,1.5E0,-4.1E0));
#4217=VERTEX_POINT('',#4215);
#4218=VERTEX_POINT('',#4216);
#4219=CARTESIAN_POINT('',(-3.5E-1,-1.5E0,-4.4E0));
#4220=CARTESIAN_POINT('',(-1.5E-1,-1.5E0,-4.4E0));
#4221=VERTEX_POINT('',#4219);
#4222=VERTEX_POINT('',#4220);
#4223=CARTESIAN_POINT('',(3.5E-1,1.5E0,-4.4E0));
#4224=CARTESIAN_POINT('',(1.5E-1,1.5E0,-4.4E0));
#4225=VERTEX_POINT('',#4223);
#4226=VERTEX_POINT('',#4224);
#4227=CARTESIAN_POINT('',(6.5E-1,-1.5E0,-4.1E0));
#4228=CARTESIAN_POINT('',(8.5E-1,-1.5E0,-4.1E0));
#4229=VERTEX_POINT('',#4227);
#4230=VERTEX_POINT('',#4228);
#4231=CARTESIAN_POINT('',(1.35E0,1.5E0,-4.1E0));
#4232=CARTESIAN_POINT('',(1.15E0,1.5E0,-4.1E0));
#4233=VERTEX_POINT('',#4231);
#4234=VERTEX_POINT('',#4232);
#4235=CARTESIAN_POINT('',(6.5E-1,-1.5E0,-4.4E0));
#4236=CARTESIAN_POINT('',(8.5E-1,-1.5E0,-4.4E0));
#4237=VERTEX_POINT('',#4235);
#4238=VERTEX_POINT('',#4236);
#4239=CARTESIAN_POINT('',(1.35E0,1.5E0,-4.4E0));
#4240=CARTESIAN_POINT('',(1.15E0,1.5E0,-4.4E0));
#4241=VERTEX_POINT('',#4239);
#4242=VERTEX_POINT('',#4240);
#4243=CARTESIAN_POINT('',(1.65E0,-1.5E0,-4.1E0));
#4244=CARTESIAN_POINT('',(1.85E0,-1.5E0,-4.1E0));
#4245=VERTEX_POINT('',#4243);
#4246=VERTEX_POINT('',#4244);
#4247=CARTESIAN_POINT('',(2.35E0,1.5E0,-4.1E0));
#4248=CARTESIAN_POINT('',(2.15E0,1.5E0,-4.1E0));
#4249=VERTEX_POINT('',#4247);
#4250=VERTEX_POINT('',#4248);
#4251=CARTESIAN_POINT('',(1.65E0,-1.5E0,-4.4E0));
#4252=CARTESIAN_POINT('',(1.85E0,-1.5E0,-4.4E0));
#4253=VERTEX_POINT('',#4251);
#4254=VERTEX_POINT('',#4252);
#4255=CARTESIAN_POINT('',(2.35E0,1.5E0,-4.4E0));
#4256=CARTESIAN_POINT('',(2.15E0,1.5E0,-4.4E0));
#4257=VERTEX_POINT('',#4255);
#4258=VERTEX_POINT('',#4256);
#4259=CARTESIAN_POINT('',(2.65E0,-1.5E0,-4.1E0));
#4260=CARTESIAN_POINT('',(2.85E0,-1.5E0,-4.1E0));
#4261=VERTEX_POINT('',#4259);
#4262=VERTEX_POINT('',#4260);
#4263=CARTESIAN_POINT('',(3.35E0,1.5E0,-4.1E0));
#4264=CARTESIAN_POINT('',(3.15E0,1.5E0,-4.1E0));
#4265=VERTEX_POINT('',#4263);
#4266=VERTEX_POINT('',#4264);
#4267=CARTESIAN_POINT('',(2.65E0,-1.5E0,-4.4E0));
#4268=CARTESIAN_POINT('',(2.85E0,-1.5E0,-4.4E0));
#4269=VERTEX_POINT('',#4267);
#4270=VERTEX_POINT('',#4268);
#4271=CARTESIAN_POINT('',(3.35E0,1.5E0,-4.4E0));
#4272=CARTESIAN_POINT('',(3.15E0,1.5E0,-4.4E0));
#4273=VERTEX_POINT('',#4271);
#4274=VERTEX_POINT('',#4272);
#4275=CARTESIAN_POINT('',(-1.35E0,-1.5E0,-4.1E0));
#4276=CARTESIAN_POINT('',(-1.15E0,-1.5E0,-4.1E0));
#4277=VERTEX_POINT('',#4275);
#4278=VERTEX_POINT('',#4276);
#4279=CARTESIAN_POINT('',(-6.5E-1,1.5E0,-4.1E0));
#4280=CARTESIAN_POINT('',(-8.5E-1,1.5E0,-4.1E0));
#4281=VERTEX_POINT('',#4279);
#4282=VERTEX_POINT('',#4280);
#4283=CARTESIAN_POINT('',(-1.35E0,-1.5E0,-4.4E0));
#4284=CARTESIAN_POINT('',(-1.15E0,-1.5E0,-4.4E0));
#4285=VERTEX_POINT('',#4283);
#4286=VERTEX_POINT('',#4284);
#4287=CARTESIAN_POINT('',(-6.5E-1,1.5E0,-4.4E0));
#4288=CARTESIAN_POINT('',(-8.5E-1,1.5E0,-4.4E0));
#4289=VERTEX_POINT('',#4287);
#4290=VERTEX_POINT('',#4288);
#4291=CARTESIAN_POINT('',(-2.35E0,-1.5E0,-4.1E0));
#4292=CARTESIAN_POINT('',(-2.15E0,-1.5E0,-4.1E0));
#4293=VERTEX_POINT('',#4291);
#4294=VERTEX_POINT('',#4292);
#4295=CARTESIAN_POINT('',(-1.65E0,1.5E0,-4.1E0));
#4296=CARTESIAN_POINT('',(-1.85E0,1.5E0,-4.1E0));
#4297=VERTEX_POINT('',#4295);
#4298=VERTEX_POINT('',#4296);
#4299=CARTESIAN_POINT('',(-2.35E0,-1.5E0,-4.4E0));
#4300=CARTESIAN_POINT('',(-2.15E0,-1.5E0,-4.4E0));
#4301=VERTEX_POINT('',#4299);
#4302=VERTEX_POINT('',#4300);
#4303=CARTESIAN_POINT('',(-1.65E0,1.5E0,-4.4E0));
#4304=CARTESIAN_POINT('',(-1.85E0,1.5E0,-4.4E0));
#4305=VERTEX_POINT('',#4303);
#4306=VERTEX_POINT('',#4304);
#4307=CARTESIAN_POINT('',(-3.35E0,-1.5E0,-4.1E0));
#4308=CARTESIAN_POINT('',(-3.15E0,-1.5E0,-4.1E0));
#4309=VERTEX_POINT('',#4307);
#4310=VERTEX_POINT('',#4308);
#4311=CARTESIAN_POINT('',(-2.65E0,1.5E0,-4.1E0));
#4312=CARTESIAN_POINT('',(-2.85E0,1.5E0,-4.1E0));
#4313=VERTEX_POINT('',#4311);
#4314=VERTEX_POINT('',#4312);
#4315=CARTESIAN_POINT('',(-3.35E0,-1.5E0,-4.4E0));
#4316=CARTESIAN_POINT('',(-3.15E0,-1.5E0,-4.4E0));
#4317=VERTEX_POINT('',#4315);
#4318=VERTEX_POINT('',#4316);
#4319=CARTESIAN_POINT('',(-2.65E0,1.5E0,-4.4E0));
#4320=CARTESIAN_POINT('',(-2.85E0,1.5E0,-4.4E0));
#4321=VERTEX_POINT('',#4319);
#4322=VERTEX_POINT('',#4320);
#4323=CARTESIAN_POINT('',(3.5E-1,-5.701223561365E-1,-3.3E-1));
#4324=CARTESIAN_POINT('',(1.5E-1,-5.701223561365E-1,-3.3E-1));
#4325=VERTEX_POINT('',#4323);
#4326=VERTEX_POINT('',#4324);
#4327=CARTESIAN_POINT('',(3.5E-1,-6.201223561365E-1,-1.2E0));
#4328=CARTESIAN_POINT('',(3.5E-1,-5.701223561365E-1,-1.2E0));
#4329=VERTEX_POINT('',#4327);
#4330=VERTEX_POINT('',#4328);
#4331=CARTESIAN_POINT('',(1.5E-1,-6.201223561365E-1,-1.2E0));
#4332=CARTESIAN_POINT('',(1.5E-1,-5.701223561365E-1,-1.2E0));
#4333=VERTEX_POINT('',#4331);
#4334=VERTEX_POINT('',#4332);
#4335=CARTESIAN_POINT('',(3.5E-1,-6.201223561365E-1,-3.3E-1));
#4336=VERTEX_POINT('',#4335);
#4337=CARTESIAN_POINT('',(1.5E-1,-6.201223561365E-1,-3.3E-1));
#4338=VERTEX_POINT('',#4337);
#4339=CARTESIAN_POINT('',(8.5E-1,-5.701223561365E-1,-3.3E-1));
#4340=CARTESIAN_POINT('',(6.5E-1,-5.701223561365E-1,-3.3E-1));
#4341=VERTEX_POINT('',#4339);
#4342=VERTEX_POINT('',#4340);
#4343=CARTESIAN_POINT('',(8.5E-1,-6.201223561365E-1,-1.2E0));
#4344=CARTESIAN_POINT('',(8.5E-1,-5.701223561365E-1,-1.2E0));
#4345=VERTEX_POINT('',#4343);
#4346=VERTEX_POINT('',#4344);
#4347=CARTESIAN_POINT('',(6.5E-1,-6.201223561365E-1,-1.2E0));
#4348=CARTESIAN_POINT('',(6.5E-1,-5.701223561365E-1,-1.2E0));
#4349=VERTEX_POINT('',#4347);
#4350=VERTEX_POINT('',#4348);
#4351=CARTESIAN_POINT('',(8.5E-1,-6.201223561365E-1,-3.3E-1));
#4352=VERTEX_POINT('',#4351);
#4353=CARTESIAN_POINT('',(6.5E-1,-6.201223561365E-1,-3.3E-1));
#4354=VERTEX_POINT('',#4353);
#4355=CARTESIAN_POINT('',(1.35E0,-5.701223561365E-1,-3.3E-1));
#4356=CARTESIAN_POINT('',(1.15E0,-5.701223561365E-1,-3.3E-1));
#4357=VERTEX_POINT('',#4355);
#4358=VERTEX_POINT('',#4356);
#4359=CARTESIAN_POINT('',(1.35E0,-6.201223561365E-1,-1.2E0));
#4360=CARTESIAN_POINT('',(1.35E0,-5.701223561365E-1,-1.2E0));
#4361=VERTEX_POINT('',#4359);
#4362=VERTEX_POINT('',#4360);
#4363=CARTESIAN_POINT('',(1.15E0,-6.201223561365E-1,-1.2E0));
#4364=CARTESIAN_POINT('',(1.15E0,-5.701223561365E-1,-1.2E0));
#4365=VERTEX_POINT('',#4363);
#4366=VERTEX_POINT('',#4364);
#4367=CARTESIAN_POINT('',(1.35E0,-6.201223561365E-1,-3.3E-1));
#4368=VERTEX_POINT('',#4367);
#4369=CARTESIAN_POINT('',(1.15E0,-6.201223561365E-1,-3.3E-1));
#4370=VERTEX_POINT('',#4369);
#4371=CARTESIAN_POINT('',(1.85E0,-5.701223561365E-1,-3.3E-1));
#4372=CARTESIAN_POINT('',(1.65E0,-5.701223561365E-1,-3.3E-1));
#4373=VERTEX_POINT('',#4371);
#4374=VERTEX_POINT('',#4372);
#4375=CARTESIAN_POINT('',(1.85E0,-6.201223561365E-1,-1.2E0));
#4376=CARTESIAN_POINT('',(1.85E0,-5.701223561365E-1,-1.2E0));
#4377=VERTEX_POINT('',#4375);
#4378=VERTEX_POINT('',#4376);
#4379=CARTESIAN_POINT('',(1.65E0,-6.201223561365E-1,-1.2E0));
#4380=CARTESIAN_POINT('',(1.65E0,-5.701223561365E-1,-1.2E0));
#4381=VERTEX_POINT('',#4379);
#4382=VERTEX_POINT('',#4380);
#4383=CARTESIAN_POINT('',(1.85E0,-6.201223561365E-1,-3.3E-1));
#4384=VERTEX_POINT('',#4383);
#4385=CARTESIAN_POINT('',(1.65E0,-6.201223561365E-1,-3.3E-1));
#4386=VERTEX_POINT('',#4385);
#4387=CARTESIAN_POINT('',(2.35E0,-5.701223561365E-1,-3.3E-1));
#4388=CARTESIAN_POINT('',(2.15E0,-5.701223561365E-1,-3.3E-1));
#4389=VERTEX_POINT('',#4387);
#4390=VERTEX_POINT('',#4388);
#4391=CARTESIAN_POINT('',(2.35E0,-6.201223561365E-1,-1.2E0));
#4392=CARTESIAN_POINT('',(2.35E0,-5.701223561365E-1,-1.2E0));
#4393=VERTEX_POINT('',#4391);
#4394=VERTEX_POINT('',#4392);
#4395=CARTESIAN_POINT('',(2.15E0,-6.201223561365E-1,-1.2E0));
#4396=CARTESIAN_POINT('',(2.15E0,-5.701223561365E-1,-1.2E0));
#4397=VERTEX_POINT('',#4395);
#4398=VERTEX_POINT('',#4396);
#4399=CARTESIAN_POINT('',(2.35E0,-6.201223561365E-1,-3.3E-1));
#4400=VERTEX_POINT('',#4399);
#4401=CARTESIAN_POINT('',(2.15E0,-6.201223561365E-1,-3.3E-1));
#4402=VERTEX_POINT('',#4401);
#4403=CARTESIAN_POINT('',(-1.5E-1,-5.701223561365E-1,-3.3E-1));
#4404=CARTESIAN_POINT('',(-3.5E-1,-5.701223561365E-1,-3.3E-1));
#4405=VERTEX_POINT('',#4403);
#4406=VERTEX_POINT('',#4404);
#4407=CARTESIAN_POINT('',(-1.5E-1,-6.201223561365E-1,-1.2E0));
#4408=CARTESIAN_POINT('',(-1.5E-1,-5.701223561365E-1,-1.2E0));
#4409=VERTEX_POINT('',#4407);
#4410=VERTEX_POINT('',#4408);
#4411=CARTESIAN_POINT('',(-3.5E-1,-6.201223561365E-1,-1.2E0));
#4412=CARTESIAN_POINT('',(-3.5E-1,-5.701223561365E-1,-1.2E0));
#4413=VERTEX_POINT('',#4411);
#4414=VERTEX_POINT('',#4412);
#4415=CARTESIAN_POINT('',(-1.5E-1,-6.201223561365E-1,-3.3E-1));
#4416=VERTEX_POINT('',#4415);
#4417=CARTESIAN_POINT('',(-3.5E-1,-6.201223561365E-1,-3.3E-1));
#4418=VERTEX_POINT('',#4417);
#4419=CARTESIAN_POINT('',(-6.5E-1,-5.701223561365E-1,-3.3E-1));
#4420=CARTESIAN_POINT('',(-8.5E-1,-5.701223561365E-1,-3.3E-1));
#4421=VERTEX_POINT('',#4419);
#4422=VERTEX_POINT('',#4420);
#4423=CARTESIAN_POINT('',(-6.5E-1,-6.201223561365E-1,-1.2E0));
#4424=CARTESIAN_POINT('',(-6.5E-1,-5.701223561365E-1,-1.2E0));
#4425=VERTEX_POINT('',#4423);
#4426=VERTEX_POINT('',#4424);
#4427=CARTESIAN_POINT('',(-8.5E-1,-6.201223561365E-1,-1.2E0));
#4428=CARTESIAN_POINT('',(-8.5E-1,-5.701223561365E-1,-1.2E0));
#4429=VERTEX_POINT('',#4427);
#4430=VERTEX_POINT('',#4428);
#4431=CARTESIAN_POINT('',(-6.5E-1,-6.201223561365E-1,-3.3E-1));
#4432=VERTEX_POINT('',#4431);
#4433=CARTESIAN_POINT('',(-8.5E-1,-6.201223561365E-1,-3.3E-1));
#4434=VERTEX_POINT('',#4433);
#4435=CARTESIAN_POINT('',(-1.15E0,-5.701223561365E-1,-3.3E-1));
#4436=CARTESIAN_POINT('',(-1.35E0,-5.701223561365E-1,-3.3E-1));
#4437=VERTEX_POINT('',#4435);
#4438=VERTEX_POINT('',#4436);
#4439=CARTESIAN_POINT('',(-1.15E0,-6.201223561365E-1,-1.2E0));
#4440=CARTESIAN_POINT('',(-1.15E0,-5.701223561365E-1,-1.2E0));
#4441=VERTEX_POINT('',#4439);
#4442=VERTEX_POINT('',#4440);
#4443=CARTESIAN_POINT('',(-1.35E0,-6.201223561365E-1,-1.2E0));
#4444=CARTESIAN_POINT('',(-1.35E0,-5.701223561365E-1,-1.2E0));
#4445=VERTEX_POINT('',#4443);
#4446=VERTEX_POINT('',#4444);
#4447=CARTESIAN_POINT('',(-1.15E0,-6.201223561365E-1,-3.3E-1));
#4448=VERTEX_POINT('',#4447);
#4449=CARTESIAN_POINT('',(-1.35E0,-6.201223561365E-1,-3.3E-1));
#4450=VERTEX_POINT('',#4449);
#4451=CARTESIAN_POINT('',(-1.65E0,-5.701223561365E-1,-3.3E-1));
#4452=CARTESIAN_POINT('',(-1.85E0,-5.701223561365E-1,-3.3E-1));
#4453=VERTEX_POINT('',#4451);
#4454=VERTEX_POINT('',#4452);
#4455=CARTESIAN_POINT('',(-1.65E0,-6.201223561365E-1,-1.2E0));
#4456=CARTESIAN_POINT('',(-1.65E0,-5.701223561365E-1,-1.2E0));
#4457=VERTEX_POINT('',#4455);
#4458=VERTEX_POINT('',#4456);
#4459=CARTESIAN_POINT('',(-1.85E0,-6.201223561365E-1,-1.2E0));
#4460=CARTESIAN_POINT('',(-1.85E0,-5.701223561365E-1,-1.2E0));
#4461=VERTEX_POINT('',#4459);
#4462=VERTEX_POINT('',#4460);
#4463=CARTESIAN_POINT('',(-1.65E0,-6.201223561365E-1,-3.3E-1));
#4464=VERTEX_POINT('',#4463);
#4465=CARTESIAN_POINT('',(-1.85E0,-6.201223561365E-1,-3.3E-1));
#4466=VERTEX_POINT('',#4465);
#4467=CARTESIAN_POINT('',(-4.825E0,-1.E0,-4.05E0));
#4468=CARTESIAN_POINT('',(-4.8E0,-1.E0,-4.05E0));
#4469=VERTEX_POINT('',#4467);
#4470=VERTEX_POINT('',#4468);
#4471=CARTESIAN_POINT('',(-4.8E0,1.E0,-4.05E0));
#4472=CARTESIAN_POINT('',(4.8E0,1.E0,-4.05E0));
#4473=VERTEX_POINT('',#4471);
#4474=VERTEX_POINT('',#4472);
#4475=CARTESIAN_POINT('',(-4.8E0,-5.E-1,-4.05E0));
#4476=CARTESIAN_POINT('',(-4.77E0,-5.E-1,-4.05E0));
#4477=VERTEX_POINT('',#4475);
#4478=VERTEX_POINT('',#4476);
#4479=CARTESIAN_POINT('',(4.77E0,-5.E-1,-4.05E0));
#4480=CARTESIAN_POINT('',(4.8E0,-5.E-1,-4.05E0));
#4481=VERTEX_POINT('',#4479);
#4482=VERTEX_POINT('',#4480);
#4483=CARTESIAN_POINT('',(4.77E0,-1.E0,-4.05E0));
#4484=VERTEX_POINT('',#4483);
#4485=CARTESIAN_POINT('',(-4.77E0,-1.E0,-4.05E0));
#4486=VERTEX_POINT('',#4485);
#4487=CARTESIAN_POINT('',(4.825E0,5.E-1,-4.05E0));
#4488=CARTESIAN_POINT('',(4.825E0,5.E-1,-4.15E0));
#4489=VERTEX_POINT('',#4487);
#4490=VERTEX_POINT('',#4488);
#4491=CARTESIAN_POINT('',(-4.825E0,5.E-1,-4.15E0));
#4492=CARTESIAN_POINT('',(-4.825E0,5.E-1,-4.05E0));
#4493=VERTEX_POINT('',#4491);
#4494=VERTEX_POINT('',#4492);
#4495=CARTESIAN_POINT('',(-4.8E0,5.E-1,-4.05E0));
#4496=VERTEX_POINT('',#4495);
#4497=CARTESIAN_POINT('',(4.8E0,5.E-1,-4.05E0));
#4498=VERTEX_POINT('',#4497);
#4499=CARTESIAN_POINT('',(4.825E0,6.8E-1,-4.15E0));
#4500=VERTEX_POINT('',#4499);
#4501=CARTESIAN_POINT('',(-4.825E0,6.8E-1,-4.15E0));
#4502=VERTEX_POINT('',#4501);
#4503=CARTESIAN_POINT('',(4.825E0,-8.E-1,-4.4E0));
#4504=CARTESIAN_POINT('',(6.45E0,-8.E-1,-4.4E0));
#4505=VERTEX_POINT('',#4503);
#4506=VERTEX_POINT('',#4504);
#4507=CARTESIAN_POINT('',(6.55E0,-7.E-1,-4.4E0));
#4508=VERTEX_POINT('',#4507);
#4509=CARTESIAN_POINT('',(6.55E0,1.894566627610E-1,-4.4E0));
#4510=CARTESIAN_POINT('',(6.55E0,7.E-1,-4.4E0));
#4511=VERTEX_POINT('',#4509);
#4512=VERTEX_POINT('',#4510);
#4513=CARTESIAN_POINT('',(6.45E0,8.E-1,-4.4E0));
#4514=VERTEX_POINT('',#4513);
#4515=CARTESIAN_POINT('',(4.825E0,8.E-1,-4.4E0));
#4516=VERTEX_POINT('',#4515);
#4517=CARTESIAN_POINT('',(4.825E0,9.E-1,-4.4E0));
#4518=CARTESIAN_POINT('',(6.45E0,9.E-1,-4.4E0));
#4519=VERTEX_POINT('',#4517);
#4520=VERTEX_POINT('',#4518);
#4521=CARTESIAN_POINT('',(6.65E0,7.E-1,-4.4E0));
#4522=VERTEX_POINT('',#4521);
#4523=CARTESIAN_POINT('',(6.65E0,1.894566627610E-1,-4.4E0));
#4524=VERTEX_POINT('',#4523);
#4525=CARTESIAN_POINT('',(6.65E0,-7.E-1,-4.4E0));
#4526=CARTESIAN_POINT('',(6.45E0,-9.E-1,-4.4E0));
#4527=VERTEX_POINT('',#4525);
#4528=VERTEX_POINT('',#4526);
#4529=CARTESIAN_POINT('',(4.825E0,-9.E-1,-4.4E0));
#4530=VERTEX_POINT('',#4529);
#4531=CARTESIAN_POINT('',(4.825E0,-8.E-1,-1.25E0));
#4532=CARTESIAN_POINT('',(6.45E0,-8.E-1,-1.25E0));
#4533=VERTEX_POINT('',#4531);
#4534=VERTEX_POINT('',#4532);
#4535=CARTESIAN_POINT('',(6.55E0,-7.E-1,-1.25E0));
#4536=VERTEX_POINT('',#4535);
#4537=CARTESIAN_POINT('',(6.55E0,1.894566627610E-1,-1.25E0));
#4538=CARTESIAN_POINT('',(6.55E0,7.E-1,-1.25E0));
#4539=VERTEX_POINT('',#4537);
#4540=VERTEX_POINT('',#4538);
#4541=CARTESIAN_POINT('',(6.45E0,8.E-1,-1.25E0));
#4542=VERTEX_POINT('',#4541);
#4543=CARTESIAN_POINT('',(4.85E0,8.E-1,-1.25E0));
#4544=VERTEX_POINT('',#4543);
#4545=CARTESIAN_POINT('',(4.85E0,9.E-1,-1.25E0));
#4546=CARTESIAN_POINT('',(6.45E0,9.E-1,-1.25E0));
#4547=VERTEX_POINT('',#4545);
#4548=VERTEX_POINT('',#4546);
#4549=CARTESIAN_POINT('',(6.65E0,7.E-1,-1.25E0));
#4550=VERTEX_POINT('',#4549);
#4551=CARTESIAN_POINT('',(6.65E0,1.894566627610E-1,-1.25E0));
#4552=VERTEX_POINT('',#4551);
#4553=CARTESIAN_POINT('',(6.65E0,-7.E-1,-1.25E0));
#4554=CARTESIAN_POINT('',(6.45E0,-9.E-1,-1.25E0));
#4555=VERTEX_POINT('',#4553);
#4556=VERTEX_POINT('',#4554);
#4557=CARTESIAN_POINT('',(4.825E0,-9.E-1,-1.25E0));
#4558=VERTEX_POINT('',#4557);
#4559=CARTESIAN_POINT('',(4.85E0,8.E-1,-4.1E0));
#4560=VERTEX_POINT('',#4559);
#4561=CARTESIAN_POINT('',(4.85E0,9.E-1,-4.1E0));
#4562=VERTEX_POINT('',#4561);
#4563=CARTESIAN_POINT('',(4.825E0,8.E-1,-4.1E0));
#4564=VERTEX_POINT('',#4563);
#4565=CARTESIAN_POINT('',(4.825E0,9.E-1,-4.1E0));
#4566=VERTEX_POINT('',#4565);
#4567=CARTESIAN_POINT('',(6.55E0,-1.894566627610E-1,-4.4E0));
#4568=VERTEX_POINT('',#4567);
#4569=CARTESIAN_POINT('',(6.65E0,-1.894566627610E-1,-4.4E0));
#4570=VERTEX_POINT('',#4569);
#4571=CARTESIAN_POINT('',(6.55E0,-1.894566627610E-1,-1.25E0));
#4572=VERTEX_POINT('',#4571);
#4573=CARTESIAN_POINT('',(6.65E0,-1.894566627610E-1,-1.25E0));
#4574=VERTEX_POINT('',#4573);
#4575=CARTESIAN_POINT('',(-4.825E0,-9.E-1,-1.2E0));
#4576=CARTESIAN_POINT('',(-4.825E0,-8.E-1,-1.2E0));
#4577=VERTEX_POINT('',#4575);
#4578=VERTEX_POINT('',#4576);
#4579=CARTESIAN_POINT('',(-6.45E0,-8.E-1,-1.2E0));
#4580=VERTEX_POINT('',#4579);
#4581=CARTESIAN_POINT('',(-6.55E0,-7.E-1,-1.2E0));
#4582=VERTEX_POINT('',#4581);
#4583=CARTESIAN_POINT('',(-6.55E0,1.894566627610E-1,-1.2E0));
#4584=CARTESIAN_POINT('',(-6.55E0,7.E-1,-1.2E0));
#4585=VERTEX_POINT('',#4583);
#4586=VERTEX_POINT('',#4584);
#4587=CARTESIAN_POINT('',(-6.45E0,8.E-1,-1.2E0));
#4588=VERTEX_POINT('',#4587);
#4589=CARTESIAN_POINT('',(-6.45E0,9.E-1,-1.2E0));
#4590=CARTESIAN_POINT('',(-6.65E0,7.E-1,-1.2E0));
#4591=VERTEX_POINT('',#4589);
#4592=VERTEX_POINT('',#4590);
#4593=CARTESIAN_POINT('',(-6.65E0,1.894566627610E-1,-1.2E0));
#4594=VERTEX_POINT('',#4593);
#4595=CARTESIAN_POINT('',(-6.65E0,-7.E-1,-1.2E0));
#4596=CARTESIAN_POINT('',(-6.45E0,-9.E-1,-1.2E0));
#4597=VERTEX_POINT('',#4595);
#4598=VERTEX_POINT('',#4596);
#4599=CARTESIAN_POINT('',(-6.45E0,-8.E-1,-4.4E0));
#4600=VERTEX_POINT('',#4599);
#4601=CARTESIAN_POINT('',(-6.55E0,7.E-1,-4.4E0));
#4602=VERTEX_POINT('',#4601);
#4603=CARTESIAN_POINT('',(-6.45E0,8.E-1,-4.4E0));
#4604=VERTEX_POINT('',#4603);
#4605=CARTESIAN_POINT('',(-6.45E0,9.E-1,-4.4E0));
#4606=VERTEX_POINT('',#4605);
#4607=CARTESIAN_POINT('',(-6.65E0,7.E-1,-4.4E0));
#4608=VERTEX_POINT('',#4607);
#4609=CARTESIAN_POINT('',(-6.45E0,-9.E-1,-4.4E0));
#4610=VERTEX_POINT('',#4609);
#4611=CARTESIAN_POINT('',(-6.55E0,-1.894566627610E-1,-1.2E0));
#4612=VERTEX_POINT('',#4611);
#4613=CARTESIAN_POINT('',(-6.65E0,-1.894566627610E-1,-1.2E0));
#4614=VERTEX_POINT('',#4613);
#4615=CARTESIAN_POINT('',(-6.55E0,-7.E-1,-4.4E0));
#4616=VERTEX_POINT('',#4615);
#4617=CARTESIAN_POINT('',(-6.55E0,-1.894566627610E-1,-4.4E0));
#4618=VERTEX_POINT('',#4617);
#4619=CARTESIAN_POINT('',(-6.65E0,-1.894566627610E-1,-4.4E0));
#4620=VERTEX_POINT('',#4619);
#4621=CARTESIAN_POINT('',(-6.65E0,-7.E-1,-4.4E0));
#4622=VERTEX_POINT('',#4621);
#4623=CARTESIAN_POINT('',(-6.65E0,1.894566627610E-1,-4.4E0));
#4624=VERTEX_POINT('',#4623);
#4625=CARTESIAN_POINT('',(-6.55E0,1.894566627610E-1,-4.4E0));
#4626=VERTEX_POINT('',#4625);
#4627=CARTESIAN_POINT('',(-4.825E0,-8.E-1,-4.4E0));
#4628=VERTEX_POINT('',#4627);
#4629=CARTESIAN_POINT('',(-4.825E0,-9.E-1,-4.4E0));
#4630=VERTEX_POINT('',#4629);
#4631=CARTESIAN_POINT('',(-4.825E0,8.E-1,-4.4E0));
#4632=VERTEX_POINT('',#4631);
#4633=CARTESIAN_POINT('',(-4.825E0,9.E-1,-4.4E0));
#4634=VERTEX_POINT('',#4633);
#4635=CARTESIAN_POINT('',(-4.85E0,8.E-1,-4.1E0));
#4636=CARTESIAN_POINT('',(-4.85E0,8.E-1,-1.2E0));
#4637=VERTEX_POINT('',#4635);
#4638=VERTEX_POINT('',#4636);
#4639=CARTESIAN_POINT('',(-4.85E0,9.E-1,-4.1E0));
#4640=CARTESIAN_POINT('',(-4.85E0,9.E-1,-1.2E0));
#4641=VERTEX_POINT('',#4639);
#4642=VERTEX_POINT('',#4640);
#4643=CARTESIAN_POINT('',(-4.825E0,8.E-1,-4.1E0));
#4644=VERTEX_POINT('',#4643);
#4645=CARTESIAN_POINT('',(-4.825E0,9.E-1,-4.1E0));
#4646=VERTEX_POINT('',#4645);
#4647=CARTESIAN_POINT('',(4.825E0,-8.E-1,-4.05E0));
#4648=VERTEX_POINT('',#4647);
#4649=CARTESIAN_POINT('',(4.825E0,-9.E-1,-4.05E0));
#4650=VERTEX_POINT('',#4649);
#4651=CARTESIAN_POINT('',(4.825E0,-1.E0,-4.05E0));
#4652=VERTEX_POINT('',#4651);
#4653=CARTESIAN_POINT('',(-4.825E0,-8.E-1,-4.05E0));
#4654=VERTEX_POINT('',#4653);
#4655=CARTESIAN_POINT('',(-4.825E0,-9.E-1,-4.05E0));
#4656=VERTEX_POINT('',#4655);
#4657=CARTESIAN_POINT('',(3.65E0,-1.5E0,-4.1E0));
#4658=CARTESIAN_POINT('',(3.85E0,-1.5E0,-4.1E0));
#4659=VERTEX_POINT('',#4657);
#4660=VERTEX_POINT('',#4658);
#4661=CARTESIAN_POINT('',(4.35E0,1.5E0,-4.1E0));
#4662=CARTESIAN_POINT('',(4.15E0,1.5E0,-4.1E0));
#4663=VERTEX_POINT('',#4661);
#4664=VERTEX_POINT('',#4662);
#4665=CARTESIAN_POINT('',(3.65E0,-1.5E0,-4.4E0));
#4666=CARTESIAN_POINT('',(3.85E0,-1.5E0,-4.4E0));
#4667=VERTEX_POINT('',#4665);
#4668=VERTEX_POINT('',#4666);
#4669=CARTESIAN_POINT('',(4.35E0,1.5E0,-4.4E0));
#4670=CARTESIAN_POINT('',(4.15E0,1.5E0,-4.4E0));
#4671=VERTEX_POINT('',#4669);
#4672=VERTEX_POINT('',#4670);
#4673=CARTESIAN_POINT('',(3.85E0,-5.1E-1,-4.4E0));
#4674=CARTESIAN_POINT('',(3.85E0,-3.1E-1,-4.2E0));
#4675=VERTEX_POINT('',#4673);
#4676=VERTEX_POINT('',#4674);
#4677=CARTESIAN_POINT('',(3.65E0,-3.1E-1,-4.2E0));
#4678=VERTEX_POINT('',#4677);
#4679=CARTESIAN_POINT('',(3.65E0,-5.1E-1,-4.4E0));
#4680=VERTEX_POINT('',#4679);
#4681=CARTESIAN_POINT('',(4.15E0,5.1E-1,-4.4E0));
#4682=CARTESIAN_POINT('',(4.15E0,3.1E-1,-4.2E0));
#4683=VERTEX_POINT('',#4681);
#4684=VERTEX_POINT('',#4682);
#4685=CARTESIAN_POINT('',(4.35E0,3.1E-1,-4.2E0));
#4686=VERTEX_POINT('',#4685);
#4687=CARTESIAN_POINT('',(4.35E0,5.1E-1,-4.4E0));
#4688=VERTEX_POINT('',#4687);
#4689=CARTESIAN_POINT('',(2.85E0,-5.1E-1,-4.4E0));
#4690=CARTESIAN_POINT('',(2.85E0,-3.1E-1,-4.2E0));
#4691=VERTEX_POINT('',#4689);
#4692=VERTEX_POINT('',#4690);
#4693=CARTESIAN_POINT('',(2.65E0,-3.1E-1,-4.2E0));
#4694=VERTEX_POINT('',#4693);
#4695=CARTESIAN_POINT('',(2.65E0,-5.1E-1,-4.4E0));
#4696=VERTEX_POINT('',#4695);
#4697=CARTESIAN_POINT('',(3.15E0,5.1E-1,-4.4E0));
#4698=CARTESIAN_POINT('',(3.15E0,3.1E-1,-4.2E0));
#4699=VERTEX_POINT('',#4697);
#4700=VERTEX_POINT('',#4698);
#4701=CARTESIAN_POINT('',(3.35E0,3.1E-1,-4.2E0));
#4702=VERTEX_POINT('',#4701);
#4703=CARTESIAN_POINT('',(3.35E0,5.1E-1,-4.4E0));
#4704=VERTEX_POINT('',#4703);
#4705=CARTESIAN_POINT('',(1.85E0,-5.1E-1,-4.4E0));
#4706=CARTESIAN_POINT('',(1.85E0,-3.1E-1,-4.2E0));
#4707=VERTEX_POINT('',#4705);
#4708=VERTEX_POINT('',#4706);
#4709=CARTESIAN_POINT('',(1.65E0,-3.1E-1,-4.2E0));
#4710=VERTEX_POINT('',#4709);
#4711=CARTESIAN_POINT('',(1.65E0,-5.1E-1,-4.4E0));
#4712=VERTEX_POINT('',#4711);
#4713=CARTESIAN_POINT('',(2.15E0,5.1E-1,-4.4E0));
#4714=CARTESIAN_POINT('',(2.15E0,3.1E-1,-4.2E0));
#4715=VERTEX_POINT('',#4713);
#4716=VERTEX_POINT('',#4714);
#4717=CARTESIAN_POINT('',(2.35E0,3.1E-1,-4.2E0));
#4718=VERTEX_POINT('',#4717);
#4719=CARTESIAN_POINT('',(2.35E0,5.1E-1,-4.4E0));
#4720=VERTEX_POINT('',#4719);
#4721=CARTESIAN_POINT('',(8.5E-1,-5.1E-1,-4.4E0));
#4722=CARTESIAN_POINT('',(8.5E-1,-3.1E-1,-4.2E0));
#4723=VERTEX_POINT('',#4721);
#4724=VERTEX_POINT('',#4722);
#4725=CARTESIAN_POINT('',(6.5E-1,-3.1E-1,-4.2E0));
#4726=VERTEX_POINT('',#4725);
#4727=CARTESIAN_POINT('',(6.5E-1,-5.1E-1,-4.4E0));
#4728=VERTEX_POINT('',#4727);
#4729=CARTESIAN_POINT('',(1.15E0,5.1E-1,-4.4E0));
#4730=CARTESIAN_POINT('',(1.15E0,3.1E-1,-4.2E0));
#4731=VERTEX_POINT('',#4729);
#4732=VERTEX_POINT('',#4730);
#4733=CARTESIAN_POINT('',(1.35E0,3.1E-1,-4.2E0));
#4734=VERTEX_POINT('',#4733);
#4735=CARTESIAN_POINT('',(1.35E0,5.1E-1,-4.4E0));
#4736=VERTEX_POINT('',#4735);
#4737=CARTESIAN_POINT('',(4.15E0,3.1E-1,-4.05E0));
#4738=CARTESIAN_POINT('',(4.15E0,5.1E-1,-4.05E0));
#4739=VERTEX_POINT('',#4737);
#4740=VERTEX_POINT('',#4738);
#4741=CARTESIAN_POINT('',(4.35E0,5.1E-1,-4.05E0));
#4742=VERTEX_POINT('',#4741);
#4743=CARTESIAN_POINT('',(4.35E0,3.1E-1,-4.05E0));
#4744=VERTEX_POINT('',#4743);
#4745=CARTESIAN_POINT('',(3.65E0,-3.1E-1,-4.05E0));
#4746=CARTESIAN_POINT('',(3.85E0,-3.1E-1,-4.05E0));
#4747=VERTEX_POINT('',#4745);
#4748=VERTEX_POINT('',#4746);
#4749=CARTESIAN_POINT('',(3.85E0,-5.1E-1,-4.05E0));
#4750=VERTEX_POINT('',#4749);
#4751=CARTESIAN_POINT('',(3.65E0,-5.1E-1,-4.05E0));
#4752=VERTEX_POINT('',#4751);
#4753=CARTESIAN_POINT('',(4.15E0,5.1E-1,-4.1E0));
#4754=CARTESIAN_POINT('',(4.35E0,5.1E-1,-4.1E0));
#4755=VERTEX_POINT('',#4753);
#4756=VERTEX_POINT('',#4754);
#4757=CARTESIAN_POINT('',(3.85E0,-5.1E-1,-4.1E0));
#4758=CARTESIAN_POINT('',(3.65E0,-5.1E-1,-4.1E0));
#4759=VERTEX_POINT('',#4757);
#4760=VERTEX_POINT('',#4758);
#4761=CARTESIAN_POINT('',(3.15E0,5.1E-1,-4.1E0));
#4762=CARTESIAN_POINT('',(3.35E0,5.1E-1,-4.1E0));
#4763=VERTEX_POINT('',#4761);
#4764=VERTEX_POINT('',#4762);
#4765=CARTESIAN_POINT('',(2.85E0,-5.1E-1,-4.1E0));
#4766=CARTESIAN_POINT('',(2.65E0,-5.1E-1,-4.1E0));
#4767=VERTEX_POINT('',#4765);
#4768=VERTEX_POINT('',#4766);
#4769=CARTESIAN_POINT('',(3.15E0,3.1E-1,-4.05E0));
#4770=CARTESIAN_POINT('',(3.15E0,5.1E-1,-4.05E0));
#4771=VERTEX_POINT('',#4769);
#4772=VERTEX_POINT('',#4770);
#4773=CARTESIAN_POINT('',(3.35E0,5.1E-1,-4.05E0));
#4774=VERTEX_POINT('',#4773);
#4775=CARTESIAN_POINT('',(3.35E0,3.1E-1,-4.05E0));
#4776=VERTEX_POINT('',#4775);
#4777=CARTESIAN_POINT('',(2.65E0,-3.1E-1,-4.05E0));
#4778=CARTESIAN_POINT('',(2.85E0,-3.1E-1,-4.05E0));
#4779=VERTEX_POINT('',#4777);
#4780=VERTEX_POINT('',#4778);
#4781=CARTESIAN_POINT('',(2.85E0,-5.1E-1,-4.05E0));
#4782=VERTEX_POINT('',#4781);
#4783=CARTESIAN_POINT('',(2.65E0,-5.1E-1,-4.05E0));
#4784=VERTEX_POINT('',#4783);
#4785=CARTESIAN_POINT('',(2.15E0,5.1E-1,-4.1E0));
#4786=CARTESIAN_POINT('',(2.35E0,5.1E-1,-4.1E0));
#4787=VERTEX_POINT('',#4785);
#4788=VERTEX_POINT('',#4786);
#4789=CARTESIAN_POINT('',(1.85E0,-5.1E-1,-4.1E0));
#4790=CARTESIAN_POINT('',(1.65E0,-5.1E-1,-4.1E0));
#4791=VERTEX_POINT('',#4789);
#4792=VERTEX_POINT('',#4790);
#4793=CARTESIAN_POINT('',(2.15E0,3.1E-1,-4.05E0));
#4794=CARTESIAN_POINT('',(2.15E0,5.1E-1,-4.05E0));
#4795=VERTEX_POINT('',#4793);
#4796=VERTEX_POINT('',#4794);
#4797=CARTESIAN_POINT('',(2.35E0,5.1E-1,-4.05E0));
#4798=VERTEX_POINT('',#4797);
#4799=CARTESIAN_POINT('',(2.35E0,3.1E-1,-4.05E0));
#4800=VERTEX_POINT('',#4799);
#4801=CARTESIAN_POINT('',(1.65E0,-3.1E-1,-4.05E0));
#4802=CARTESIAN_POINT('',(1.85E0,-3.1E-1,-4.05E0));
#4803=VERTEX_POINT('',#4801);
#4804=VERTEX_POINT('',#4802);
#4805=CARTESIAN_POINT('',(1.85E0,-5.1E-1,-4.05E0));
#4806=VERTEX_POINT('',#4805);
#4807=CARTESIAN_POINT('',(1.65E0,-5.1E-1,-4.05E0));
#4808=VERTEX_POINT('',#4807);
#4809=CARTESIAN_POINT('',(1.15E0,5.1E-1,-4.1E0));
#4810=CARTESIAN_POINT('',(1.35E0,5.1E-1,-4.1E0));
#4811=VERTEX_POINT('',#4809);
#4812=VERTEX_POINT('',#4810);
#4813=CARTESIAN_POINT('',(8.5E-1,-5.1E-1,-4.1E0));
#4814=CARTESIAN_POINT('',(6.5E-1,-5.1E-1,-4.1E0));
#4815=VERTEX_POINT('',#4813);
#4816=VERTEX_POINT('',#4814);
#4817=CARTESIAN_POINT('',(1.15E0,3.1E-1,-4.05E0));
#4818=CARTESIAN_POINT('',(1.15E0,5.1E-1,-4.05E0));
#4819=VERTEX_POINT('',#4817);
#4820=VERTEX_POINT('',#4818);
#4821=CARTESIAN_POINT('',(1.35E0,5.1E-1,-4.05E0));
#4822=VERTEX_POINT('',#4821);
#4823=CARTESIAN_POINT('',(1.35E0,3.1E-1,-4.05E0));
#4824=VERTEX_POINT('',#4823);
#4825=CARTESIAN_POINT('',(6.5E-1,-3.1E-1,-4.05E0));
#4826=CARTESIAN_POINT('',(8.5E-1,-3.1E-1,-4.05E0));
#4827=VERTEX_POINT('',#4825);
#4828=VERTEX_POINT('',#4826);
#4829=CARTESIAN_POINT('',(8.5E-1,-5.1E-1,-4.05E0));
#4830=VERTEX_POINT('',#4829);
#4831=CARTESIAN_POINT('',(6.5E-1,-5.1E-1,-4.05E0));
#4832=VERTEX_POINT('',#4831);
#4833=CARTESIAN_POINT('',(1.5E-1,5.1E-1,-4.1E0));
#4834=CARTESIAN_POINT('',(3.5E-1,5.1E-1,-4.1E0));
#4835=VERTEX_POINT('',#4833);
#4836=VERTEX_POINT('',#4834);
#4837=CARTESIAN_POINT('',(-1.5E-1,-5.1E-1,-4.1E0));
#4838=CARTESIAN_POINT('',(-3.5E-1,-5.1E-1,-4.1E0));
#4839=VERTEX_POINT('',#4837);
#4840=VERTEX_POINT('',#4838);
#4841=CARTESIAN_POINT('',(1.5E-1,3.1E-1,-4.05E0));
#4842=CARTESIAN_POINT('',(1.5E-1,5.1E-1,-4.05E0));
#4843=VERTEX_POINT('',#4841);
#4844=VERTEX_POINT('',#4842);
#4845=CARTESIAN_POINT('',(3.5E-1,5.1E-1,-4.05E0));
#4846=VERTEX_POINT('',#4845);
#4847=CARTESIAN_POINT('',(3.5E-1,3.1E-1,-4.05E0));
#4848=VERTEX_POINT('',#4847);
#4849=CARTESIAN_POINT('',(-3.5E-1,-3.1E-1,-4.05E0));
#4850=CARTESIAN_POINT('',(-1.5E-1,-3.1E-1,-4.05E0));
#4851=VERTEX_POINT('',#4849);
#4852=VERTEX_POINT('',#4850);
#4853=CARTESIAN_POINT('',(-1.5E-1,-5.1E-1,-4.05E0));
#4854=VERTEX_POINT('',#4853);
#4855=CARTESIAN_POINT('',(-3.5E-1,-5.1E-1,-4.05E0));
#4856=VERTEX_POINT('',#4855);
#4857=CARTESIAN_POINT('',(-8.5E-1,5.1E-1,-4.1E0));
#4858=CARTESIAN_POINT('',(-6.5E-1,5.1E-1,-4.1E0));
#4859=VERTEX_POINT('',#4857);
#4860=VERTEX_POINT('',#4858);
#4861=CARTESIAN_POINT('',(-1.15E0,-5.1E-1,-4.1E0));
#4862=CARTESIAN_POINT('',(-1.35E0,-5.1E-1,-4.1E0));
#4863=VERTEX_POINT('',#4861);
#4864=VERTEX_POINT('',#4862);
#4865=CARTESIAN_POINT('',(-8.5E-1,3.1E-1,-4.05E0));
#4866=CARTESIAN_POINT('',(-8.5E-1,5.1E-1,-4.05E0));
#4867=VERTEX_POINT('',#4865);
#4868=VERTEX_POINT('',#4866);
#4869=CARTESIAN_POINT('',(-6.5E-1,5.1E-1,-4.05E0));
#4870=VERTEX_POINT('',#4869);
#4871=CARTESIAN_POINT('',(-6.5E-1,3.1E-1,-4.05E0));
#4872=VERTEX_POINT('',#4871);
#4873=CARTESIAN_POINT('',(-1.35E0,-3.1E-1,-4.05E0));
#4874=CARTESIAN_POINT('',(-1.15E0,-3.1E-1,-4.05E0));
#4875=VERTEX_POINT('',#4873);
#4876=VERTEX_POINT('',#4874);
#4877=CARTESIAN_POINT('',(-1.15E0,-5.1E-1,-4.05E0));
#4878=VERTEX_POINT('',#4877);
#4879=CARTESIAN_POINT('',(-1.35E0,-5.1E-1,-4.05E0));
#4880=VERTEX_POINT('',#4879);
#4881=CARTESIAN_POINT('',(-1.85E0,5.1E-1,-4.1E0));
#4882=CARTESIAN_POINT('',(-1.65E0,5.1E-1,-4.1E0));
#4883=VERTEX_POINT('',#4881);
#4884=VERTEX_POINT('',#4882);
#4885=CARTESIAN_POINT('',(-2.15E0,-5.1E-1,-4.1E0));
#4886=CARTESIAN_POINT('',(-2.35E0,-5.1E-1,-4.1E0));
#4887=VERTEX_POINT('',#4885);
#4888=VERTEX_POINT('',#4886);
#4889=CARTESIAN_POINT('',(-1.85E0,3.1E-1,-4.05E0));
#4890=CARTESIAN_POINT('',(-1.85E0,5.1E-1,-4.05E0));
#4891=VERTEX_POINT('',#4889);
#4892=VERTEX_POINT('',#4890);
#4893=CARTESIAN_POINT('',(-1.65E0,5.1E-1,-4.05E0));
#4894=VERTEX_POINT('',#4893);
#4895=CARTESIAN_POINT('',(-1.65E0,3.1E-1,-4.05E0));
#4896=VERTEX_POINT('',#4895);
#4897=CARTESIAN_POINT('',(-2.35E0,-3.1E-1,-4.05E0));
#4898=CARTESIAN_POINT('',(-2.15E0,-3.1E-1,-4.05E0));
#4899=VERTEX_POINT('',#4897);
#4900=VERTEX_POINT('',#4898);
#4901=CARTESIAN_POINT('',(-2.15E0,-5.1E-1,-4.05E0));
#4902=VERTEX_POINT('',#4901);
#4903=CARTESIAN_POINT('',(-2.35E0,-5.1E-1,-4.05E0));
#4904=VERTEX_POINT('',#4903);
#4905=CARTESIAN_POINT('',(-2.85E0,5.1E-1,-4.1E0));
#4906=CARTESIAN_POINT('',(-2.65E0,5.1E-1,-4.1E0));
#4907=VERTEX_POINT('',#4905);
#4908=VERTEX_POINT('',#4906);
#4909=CARTESIAN_POINT('',(-3.15E0,-5.1E-1,-4.1E0));
#4910=CARTESIAN_POINT('',(-3.35E0,-5.1E-1,-4.1E0));
#4911=VERTEX_POINT('',#4909);
#4912=VERTEX_POINT('',#4910);
#4913=CARTESIAN_POINT('',(-2.85E0,3.1E-1,-4.05E0));
#4914=CARTESIAN_POINT('',(-2.85E0,5.1E-1,-4.05E0));
#4915=VERTEX_POINT('',#4913);
#4916=VERTEX_POINT('',#4914);
#4917=CARTESIAN_POINT('',(-2.65E0,5.1E-1,-4.05E0));
#4918=VERTEX_POINT('',#4917);
#4919=CARTESIAN_POINT('',(-2.65E0,3.1E-1,-4.05E0));
#4920=VERTEX_POINT('',#4919);
#4921=CARTESIAN_POINT('',(-3.35E0,-3.1E-1,-4.05E0));
#4922=CARTESIAN_POINT('',(-3.15E0,-3.1E-1,-4.05E0));
#4923=VERTEX_POINT('',#4921);
#4924=VERTEX_POINT('',#4922);
#4925=CARTESIAN_POINT('',(-3.15E0,-5.1E-1,-4.05E0));
#4926=VERTEX_POINT('',#4925);
#4927=CARTESIAN_POINT('',(-3.35E0,-5.1E-1,-4.05E0));
#4928=VERTEX_POINT('',#4927);
#4929=CARTESIAN_POINT('',(-3.85E0,3.1E-1,-4.05E0));
#4930=CARTESIAN_POINT('',(-3.85E0,5.1E-1,-4.05E0));
#4931=VERTEX_POINT('',#4929);
#4932=VERTEX_POINT('',#4930);
#4933=CARTESIAN_POINT('',(-3.65E0,5.1E-1,-4.05E0));
#4934=VERTEX_POINT('',#4933);
#4935=CARTESIAN_POINT('',(-3.65E0,3.1E-1,-4.05E0));
#4936=VERTEX_POINT('',#4935);
#4937=CARTESIAN_POINT('',(-4.35E0,-3.1E-1,-4.05E0));
#4938=CARTESIAN_POINT('',(-4.15E0,-3.1E-1,-4.05E0));
#4939=VERTEX_POINT('',#4937);
#4940=VERTEX_POINT('',#4938);
#4941=CARTESIAN_POINT('',(-4.15E0,-5.1E-1,-4.05E0));
#4942=VERTEX_POINT('',#4941);
#4943=CARTESIAN_POINT('',(-4.35E0,-5.1E-1,-4.05E0));
#4944=VERTEX_POINT('',#4943);
#4945=CARTESIAN_POINT('',(-3.85E0,5.1E-1,-4.1E0));
#4946=VERTEX_POINT('',#4945);
#4947=CARTESIAN_POINT('',(-3.65E0,5.1E-1,-4.1E0));
#4948=VERTEX_POINT('',#4947);
#4949=CARTESIAN_POINT('',(-4.15E0,-5.1E-1,-4.1E0));
#4950=VERTEX_POINT('',#4949);
#4951=CARTESIAN_POINT('',(-4.35E0,-5.1E-1,-4.1E0));
#4952=VERTEX_POINT('',#4951);
#4953=CARTESIAN_POINT('',(-4.35E0,-1.5E0,-4.1E0));
#4954=CARTESIAN_POINT('',(-4.15E0,-1.5E0,-4.1E0));
#4955=VERTEX_POINT('',#4953);
#4956=VERTEX_POINT('',#4954);
#4957=CARTESIAN_POINT('',(-3.65E0,1.5E0,-4.1E0));
#4958=CARTESIAN_POINT('',(-3.85E0,1.5E0,-4.1E0));
#4959=VERTEX_POINT('',#4957);
#4960=VERTEX_POINT('',#4958);
#4961=CARTESIAN_POINT('',(-4.35E0,-1.5E0,-4.4E0));
#4962=CARTESIAN_POINT('',(-4.15E0,-1.5E0,-4.4E0));
#4963=VERTEX_POINT('',#4961);
#4964=VERTEX_POINT('',#4962);
#4965=CARTESIAN_POINT('',(-3.65E0,1.5E0,-4.4E0));
#4966=CARTESIAN_POINT('',(-3.85E0,1.5E0,-4.4E0));
#4967=VERTEX_POINT('',#4965);
#4968=VERTEX_POINT('',#4966);
#4969=CARTESIAN_POINT('',(-4.15E0,-5.1E-1,-4.4E0));
#4970=CARTESIAN_POINT('',(-4.15E0,-3.1E-1,-4.2E0));
#4971=VERTEX_POINT('',#4969);
#4972=VERTEX_POINT('',#4970);
#4973=CARTESIAN_POINT('',(-4.35E0,-3.1E-1,-4.2E0));
#4974=VERTEX_POINT('',#4973);
#4975=CARTESIAN_POINT('',(-4.35E0,-5.1E-1,-4.4E0));
#4976=VERTEX_POINT('',#4975);
#4977=CARTESIAN_POINT('',(-3.85E0,5.1E-1,-4.4E0));
#4978=CARTESIAN_POINT('',(-3.85E0,3.1E-1,-4.2E0));
#4979=VERTEX_POINT('',#4977);
#4980=VERTEX_POINT('',#4978);
#4981=CARTESIAN_POINT('',(-3.65E0,3.1E-1,-4.2E0));
#4982=VERTEX_POINT('',#4981);
#4983=CARTESIAN_POINT('',(-3.65E0,5.1E-1,-4.4E0));
#4984=VERTEX_POINT('',#4983);
#4985=CARTESIAN_POINT('',(-3.15E0,-5.1E-1,-4.4E0));
#4986=CARTESIAN_POINT('',(-3.15E0,-3.1E-1,-4.2E0));
#4987=VERTEX_POINT('',#4985);
#4988=VERTEX_POINT('',#4986);
#4989=CARTESIAN_POINT('',(-3.35E0,-3.1E-1,-4.2E0));
#4990=VERTEX_POINT('',#4989);
#4991=CARTESIAN_POINT('',(-3.35E0,-5.1E-1,-4.4E0));
#4992=VERTEX_POINT('',#4991);
#4993=CARTESIAN_POINT('',(-2.85E0,5.1E-1,-4.4E0));
#4994=CARTESIAN_POINT('',(-2.85E0,3.1E-1,-4.2E0));
#4995=VERTEX_POINT('',#4993);
#4996=VERTEX_POINT('',#4994);
#4997=CARTESIAN_POINT('',(-2.65E0,3.1E-1,-4.2E0));
#4998=VERTEX_POINT('',#4997);
#4999=CARTESIAN_POINT('',(-2.65E0,5.1E-1,-4.4E0));
#5000=VERTEX_POINT('',#4999);
#5001=CARTESIAN_POINT('',(-2.15E0,-5.1E-1,-4.4E0));
#5002=CARTESIAN_POINT('',(-2.15E0,-3.1E-1,-4.2E0));
#5003=VERTEX_POINT('',#5001);
#5004=VERTEX_POINT('',#5002);
#5005=CARTESIAN_POINT('',(-2.35E0,-3.1E-1,-4.2E0));
#5006=VERTEX_POINT('',#5005);
#5007=CARTESIAN_POINT('',(-2.35E0,-5.1E-1,-4.4E0));
#5008=VERTEX_POINT('',#5007);
#5009=CARTESIAN_POINT('',(-1.85E0,5.1E-1,-4.4E0));
#5010=CARTESIAN_POINT('',(-1.85E0,3.1E-1,-4.2E0));
#5011=VERTEX_POINT('',#5009);
#5012=VERTEX_POINT('',#5010);
#5013=CARTESIAN_POINT('',(-1.65E0,3.1E-1,-4.2E0));
#5014=VERTEX_POINT('',#5013);
#5015=CARTESIAN_POINT('',(-1.65E0,5.1E-1,-4.4E0));
#5016=VERTEX_POINT('',#5015);
#5017=CARTESIAN_POINT('',(-1.15E0,-5.1E-1,-4.4E0));
#5018=CARTESIAN_POINT('',(-1.15E0,-3.1E-1,-4.2E0));
#5019=VERTEX_POINT('',#5017);
#5020=VERTEX_POINT('',#5018);
#5021=CARTESIAN_POINT('',(-1.35E0,-3.1E-1,-4.2E0));
#5022=VERTEX_POINT('',#5021);
#5023=CARTESIAN_POINT('',(-1.35E0,-5.1E-1,-4.4E0));
#5024=VERTEX_POINT('',#5023);
#5025=CARTESIAN_POINT('',(-8.5E-1,5.1E-1,-4.4E0));
#5026=CARTESIAN_POINT('',(-8.5E-1,3.1E-1,-4.2E0));
#5027=VERTEX_POINT('',#5025);
#5028=VERTEX_POINT('',#5026);
#5029=CARTESIAN_POINT('',(-6.5E-1,3.1E-1,-4.2E0));
#5030=VERTEX_POINT('',#5029);
#5031=CARTESIAN_POINT('',(-6.5E-1,5.1E-1,-4.4E0));
#5032=VERTEX_POINT('',#5031);
#5033=CARTESIAN_POINT('',(-1.5E-1,-5.1E-1,-4.4E0));
#5034=CARTESIAN_POINT('',(-1.5E-1,-3.1E-1,-4.2E0));
#5035=VERTEX_POINT('',#5033);
#5036=VERTEX_POINT('',#5034);
#5037=CARTESIAN_POINT('',(-3.5E-1,-3.1E-1,-4.2E0));
#5038=VERTEX_POINT('',#5037);
#5039=CARTESIAN_POINT('',(-3.5E-1,-5.1E-1,-4.4E0));
#5040=VERTEX_POINT('',#5039);
#5041=CARTESIAN_POINT('',(1.5E-1,5.1E-1,-4.4E0));
#5042=CARTESIAN_POINT('',(1.5E-1,3.1E-1,-4.2E0));
#5043=VERTEX_POINT('',#5041);
#5044=VERTEX_POINT('',#5042);
#5045=CARTESIAN_POINT('',(3.5E-1,3.1E-1,-4.2E0));
#5046=VERTEX_POINT('',#5045);
#5047=CARTESIAN_POINT('',(3.5E-1,5.1E-1,-4.4E0));
#5048=VERTEX_POINT('',#5047);
#5049=CARTESIAN_POINT('',(2.85E0,-5.701223561365E-1,-3.3E-1));
#5050=CARTESIAN_POINT('',(2.65E0,-5.701223561365E-1,-3.3E-1));
#5051=VERTEX_POINT('',#5049);
#5052=VERTEX_POINT('',#5050);
#5053=CARTESIAN_POINT('',(2.85E0,-6.201223561365E-1,-1.2E0));
#5054=CARTESIAN_POINT('',(2.85E0,-5.701223561365E-1,-1.2E0));
#5055=VERTEX_POINT('',#5053);
#5056=VERTEX_POINT('',#5054);
#5057=CARTESIAN_POINT('',(2.65E0,-6.201223561365E-1,-1.2E0));
#5058=CARTESIAN_POINT('',(2.65E0,-5.701223561365E-1,-1.2E0));
#5059=VERTEX_POINT('',#5057);
#5060=VERTEX_POINT('',#5058);
#5061=CARTESIAN_POINT('',(2.85E0,-6.201223561365E-1,-3.3E-1));
#5062=VERTEX_POINT('',#5061);
#5063=CARTESIAN_POINT('',(2.65E0,-6.201223561365E-1,-3.3E-1));
#5064=VERTEX_POINT('',#5063);
#5065=CARTESIAN_POINT('',(3.35E0,-5.701223561365E-1,-3.3E-1));
#5066=CARTESIAN_POINT('',(3.15E0,-5.701223561365E-1,-3.3E-1));
#5067=VERTEX_POINT('',#5065);
#5068=VERTEX_POINT('',#5066);
#5069=CARTESIAN_POINT('',(3.35E0,-6.201223561365E-1,-1.2E0));
#5070=CARTESIAN_POINT('',(3.35E0,-5.701223561365E-1,-1.2E0));
#5071=VERTEX_POINT('',#5069);
#5072=VERTEX_POINT('',#5070);
#5073=CARTESIAN_POINT('',(3.15E0,-6.201223561365E-1,-1.2E0));
#5074=CARTESIAN_POINT('',(3.15E0,-5.701223561365E-1,-1.2E0));
#5075=VERTEX_POINT('',#5073);
#5076=VERTEX_POINT('',#5074);
#5077=CARTESIAN_POINT('',(3.35E0,-6.201223561365E-1,-3.3E-1));
#5078=VERTEX_POINT('',#5077);
#5079=CARTESIAN_POINT('',(3.15E0,-6.201223561365E-1,-3.3E-1));
#5080=VERTEX_POINT('',#5079);
#5081=CARTESIAN_POINT('',(3.85E0,-5.701223561365E-1,-3.3E-1));
#5082=CARTESIAN_POINT('',(3.65E0,-5.701223561365E-1,-3.3E-1));
#5083=VERTEX_POINT('',#5081);
#5084=VERTEX_POINT('',#5082);
#5085=CARTESIAN_POINT('',(3.85E0,-6.201223561365E-1,-1.2E0));
#5086=CARTESIAN_POINT('',(3.85E0,-5.701223561365E-1,-1.2E0));
#5087=VERTEX_POINT('',#5085);
#5088=VERTEX_POINT('',#5086);
#5089=CARTESIAN_POINT('',(3.65E0,-6.201223561365E-1,-1.2E0));
#5090=CARTESIAN_POINT('',(3.65E0,-5.701223561365E-1,-1.2E0));
#5091=VERTEX_POINT('',#5089);
#5092=VERTEX_POINT('',#5090);
#5093=CARTESIAN_POINT('',(3.85E0,-6.201223561365E-1,-3.3E-1));
#5094=VERTEX_POINT('',#5093);
#5095=CARTESIAN_POINT('',(3.65E0,-6.201223561365E-1,-3.3E-1));
#5096=VERTEX_POINT('',#5095);
#5097=CARTESIAN_POINT('',(4.35E0,-5.701223561365E-1,-3.3E-1));
#5098=CARTESIAN_POINT('',(4.15E0,-5.701223561365E-1,-3.3E-1));
#5099=VERTEX_POINT('',#5097);
#5100=VERTEX_POINT('',#5098);
#5101=CARTESIAN_POINT('',(4.35E0,-6.201223561365E-1,-1.2E0));
#5102=CARTESIAN_POINT('',(4.35E0,-5.701223561365E-1,-1.2E0));
#5103=VERTEX_POINT('',#5101);
#5104=VERTEX_POINT('',#5102);
#5105=CARTESIAN_POINT('',(4.15E0,-6.201223561365E-1,-1.2E0));
#5106=CARTESIAN_POINT('',(4.15E0,-5.701223561365E-1,-1.2E0));
#5107=VERTEX_POINT('',#5105);
#5108=VERTEX_POINT('',#5106);
#5109=CARTESIAN_POINT('',(4.35E0,-6.201223561365E-1,-3.3E-1));
#5110=VERTEX_POINT('',#5109);
#5111=CARTESIAN_POINT('',(4.15E0,-6.201223561365E-1,-3.3E-1));
#5112=VERTEX_POINT('',#5111);
#5113=CARTESIAN_POINT('',(-2.15E0,-5.701223561365E-1,-3.3E-1));
#5114=CARTESIAN_POINT('',(-2.35E0,-5.701223561365E-1,-3.3E-1));
#5115=VERTEX_POINT('',#5113);
#5116=VERTEX_POINT('',#5114);
#5117=CARTESIAN_POINT('',(-2.15E0,-6.201223561365E-1,-1.2E0));
#5118=CARTESIAN_POINT('',(-2.15E0,-5.701223561365E-1,-1.2E0));
#5119=VERTEX_POINT('',#5117);
#5120=VERTEX_POINT('',#5118);
#5121=CARTESIAN_POINT('',(-2.35E0,-6.201223561365E-1,-1.2E0));
#5122=CARTESIAN_POINT('',(-2.35E0,-5.701223561365E-1,-1.2E0));
#5123=VERTEX_POINT('',#5121);
#5124=VERTEX_POINT('',#5122);
#5125=CARTESIAN_POINT('',(-2.15E0,-6.201223561365E-1,-3.3E-1));
#5126=VERTEX_POINT('',#5125);
#5127=CARTESIAN_POINT('',(-2.35E0,-6.201223561365E-1,-3.3E-1));
#5128=VERTEX_POINT('',#5127);
#5129=CARTESIAN_POINT('',(-2.65E0,-5.701223561365E-1,-3.3E-1));
#5130=CARTESIAN_POINT('',(-2.85E0,-5.701223561365E-1,-3.3E-1));
#5131=VERTEX_POINT('',#5129);
#5132=VERTEX_POINT('',#5130);
#5133=CARTESIAN_POINT('',(-2.65E0,-6.201223561365E-1,-1.2E0));
#5134=CARTESIAN_POINT('',(-2.65E0,-5.701223561365E-1,-1.2E0));
#5135=VERTEX_POINT('',#5133);
#5136=VERTEX_POINT('',#5134);
#5137=CARTESIAN_POINT('',(-2.85E0,-6.201223561365E-1,-1.2E0));
#5138=CARTESIAN_POINT('',(-2.85E0,-5.701223561365E-1,-1.2E0));
#5139=VERTEX_POINT('',#5137);
#5140=VERTEX_POINT('',#5138);
#5141=CARTESIAN_POINT('',(-2.65E0,-6.201223561365E-1,-3.3E-1));
#5142=VERTEX_POINT('',#5141);
#5143=CARTESIAN_POINT('',(-2.85E0,-6.201223561365E-1,-3.3E-1));
#5144=VERTEX_POINT('',#5143);
#5145=CARTESIAN_POINT('',(-3.15E0,-5.701223561365E-1,-3.3E-1));
#5146=CARTESIAN_POINT('',(-3.35E0,-5.701223561365E-1,-3.3E-1));
#5147=VERTEX_POINT('',#5145);
#5148=VERTEX_POINT('',#5146);
#5149=CARTESIAN_POINT('',(-3.15E0,-6.201223561365E-1,-1.2E0));
#5150=CARTESIAN_POINT('',(-3.15E0,-5.701223561365E-1,-1.2E0));
#5151=VERTEX_POINT('',#5149);
#5152=VERTEX_POINT('',#5150);
#5153=CARTESIAN_POINT('',(-3.35E0,-6.201223561365E-1,-1.2E0));
#5154=CARTESIAN_POINT('',(-3.35E0,-5.701223561365E-1,-1.2E0));
#5155=VERTEX_POINT('',#5153);
#5156=VERTEX_POINT('',#5154);
#5157=CARTESIAN_POINT('',(-3.15E0,-6.201223561365E-1,-3.3E-1));
#5158=VERTEX_POINT('',#5157);
#5159=CARTESIAN_POINT('',(-3.35E0,-6.201223561365E-1,-3.3E-1));
#5160=VERTEX_POINT('',#5159);
#5161=CARTESIAN_POINT('',(-3.65E0,-5.701223561365E-1,-3.3E-1));
#5162=CARTESIAN_POINT('',(-3.85E0,-5.701223561365E-1,-3.3E-1));
#5163=VERTEX_POINT('',#5161);
#5164=VERTEX_POINT('',#5162);
#5165=CARTESIAN_POINT('',(-3.65E0,-6.201223561365E-1,-1.2E0));
#5166=CARTESIAN_POINT('',(-3.65E0,-5.701223561365E-1,-1.2E0));
#5167=VERTEX_POINT('',#5165);
#5168=VERTEX_POINT('',#5166);
#5169=CARTESIAN_POINT('',(-3.85E0,-6.201223561365E-1,-1.2E0));
#5170=CARTESIAN_POINT('',(-3.85E0,-5.701223561365E-1,-1.2E0));
#5171=VERTEX_POINT('',#5169);
#5172=VERTEX_POINT('',#5170);
#5173=CARTESIAN_POINT('',(-3.65E0,-6.201223561365E-1,-3.3E-1));
#5174=VERTEX_POINT('',#5173);
#5175=CARTESIAN_POINT('',(-3.85E0,-6.201223561365E-1,-3.3E-1));
#5176=VERTEX_POINT('',#5175);
#5177=CARTESIAN_POINT('',(-4.15E0,-5.701223561365E-1,-3.3E-1));
#5178=CARTESIAN_POINT('',(-4.35E0,-5.701223561365E-1,-3.3E-1));
#5179=VERTEX_POINT('',#5177);
#5180=VERTEX_POINT('',#5178);
#5181=CARTESIAN_POINT('',(-4.15E0,-6.201223561365E-1,-1.2E0));
#5182=CARTESIAN_POINT('',(-4.15E0,-5.701223561365E-1,-1.2E0));
#5183=VERTEX_POINT('',#5181);
#5184=VERTEX_POINT('',#5182);
#5185=CARTESIAN_POINT('',(-4.35E0,-6.201223561365E-1,-1.2E0));
#5186=CARTESIAN_POINT('',(-4.35E0,-5.701223561365E-1,-1.2E0));
#5187=VERTEX_POINT('',#5185);
#5188=VERTEX_POINT('',#5186);
#5189=CARTESIAN_POINT('',(-4.15E0,-6.201223561365E-1,-3.3E-1));
#5190=VERTEX_POINT('',#5189);
#5191=CARTESIAN_POINT('',(-4.35E0,-6.201223561365E-1,-3.3E-1));
#5192=VERTEX_POINT('',#5191);
#5193=CARTESIAN_POINT('',(7.25E0,4.911064026810E-1,-5.364258490313E-1));
#5194=CARTESIAN_POINT('',(7.25E0,5.096612326645E-1,-5.589214413721E-1));
#5195=VERTEX_POINT('',#5193);
#5196=VERTEX_POINT('',#5194);
#5197=CARTESIAN_POINT('',(7.25E0,4.957080734647E-1,-6.309258490313E-1));
#5198=VERTEX_POINT('',#5197);
#5199=CARTESIAN_POINT('',(7.25E0,3.193080734647E-1,-6.309258490313E-1));
#5200=VERTEX_POINT('',#5199);
#5201=CARTESIAN_POINT('',(7.25E0,3.791285814727E-1,-3.222258490313E-1));
#5202=VERTEX_POINT('',#5201);
#5203=CARTESIAN_POINT('',(7.25E0,3.140285814727E-1,-3.222258490313E-1));
#5204=VERTEX_POINT('',#5203);
#5205=CARTESIAN_POINT('',(7.25E0,2.444414599123E-1,-6.813258490313E-1));
#5206=VERTEX_POINT('',#5205);
#5207=CARTESIAN_POINT('',(7.25E0,1.982414599123E-1,-6.813258490313E-1));
#5208=VERTEX_POINT('',#5207);
#5209=CARTESIAN_POINT('',(7.25E0,9.442293027596E-2,-4.718176506328E-1));
#5210=VERTEX_POINT('',#5209);
#5211=CARTESIAN_POINT('',(7.25E0,2.706907581205E-1,-3.222258490313E-1));
#5212=VERTEX_POINT('',#5211);
#5213=CARTESIAN_POINT('',(7.25E0,1.698907581205E-1,-3.222258490313E-1));
#5214=VERTEX_POINT('',#5213);
#5215=CARTESIAN_POINT('',(7.25E0,2.750786330724E-2,-4.430607966948E-1));
#5216=VERTEX_POINT('',#5215);
#5217=CARTESIAN_POINT('',(7.25E0,5.092350293909E-2,-3.222258490313E-1));
#5218=VERTEX_POINT('',#5217);
#5219=CARTESIAN_POINT('',(7.25E0,-1.863764970609E-1,-3.222258490313E-1));
#5220=VERTEX_POINT('',#5219);
#5221=CARTESIAN_POINT('',(7.25E0,-2.826652620167E-1,-4.398258490317E-1));
#5222=VERTEX_POINT('',#5221);
#5223=CARTESIAN_POINT('',(7.25E0,-3.617785932558E-1,-3.222258490313E-1));
#5224=VERTEX_POINT('',#5223);
#5225=CARTESIAN_POINT('',(7.25E0,-4.415785932558E-1,-3.222258490313E-1));
#5226=VERTEX_POINT('',#5225);
#5227=CARTESIAN_POINT('',(7.25E0,-3.264722837694E-1,-4.933285163522E-1));
#5228=VERTEX_POINT('',#5227);
#5229=CARTESIAN_POINT('',(7.25E0,-4.924372142407E-1,-6.960258490313E-1));
#5230=VERTEX_POINT('',#5229);
#5231=CARTESIAN_POINT('',(7.25E0,-4.084372142407E-1,-6.960258490313E-1));
#5232=VERTEX_POINT('',#5231);
#5233=CARTESIAN_POINT('',(7.25E0,-2.885849382459E-1,-5.496471135317E-1));
#5234=VERTEX_POINT('',#5233);
#5235=CARTESIAN_POINT('',(7.25E0,-1.901112189610E-1,-6.960258490313E-1));
#5236=VERTEX_POINT('',#5235);
#5237=CARTESIAN_POINT('',(7.25E0,-1.103112189610E-1,-6.960258490313E-1));
#5238=VERTEX_POINT('',#5237);
#5239=CARTESIAN_POINT('',(7.25E0,-2.447779164932E-1,-4.961444462112E-1));
#5240=VERTEX_POINT('',#5239);
#5241=CARTESIAN_POINT('',(7.25E0,-1.161320349117E-1,-3.390258490313E-1));
#5242=VERTEX_POINT('',#5241);
#5243=CARTESIAN_POINT('',(7.25E0,-1.743203491169E-2,-3.390258490313E-1));
#5244=VERTEX_POINT('',#5243);
#5245=CARTESIAN_POINT('',(7.25E0,-8.661221424071E-2,-6.960258490313E-1));
#5246=VERTEX_POINT('',#5245);
#5247=CARTESIAN_POINT('',(7.25E0,-2.151221424071E-2,-6.960258490313E-1));
#5248=VERTEX_POINT('',#5247);
#5249=CARTESIAN_POINT('',(7.25E0,7.667979876367E-3,-5.454432775371E-1));
#5250=VERTEX_POINT('',#5249);
#5251=CARTESIAN_POINT('',(7.25E0,4.327730522411E-2,-5.152229974229E-1));
#5252=VERTEX_POINT('',#5251);
#5253=CARTESIAN_POINT('',(7.25E0,1.328713466580E-1,-6.960258490313E-1));
#5254=VERTEX_POINT('',#5253);
#5255=CARTESIAN_POINT('',(7.25E0,5.338147893160E-1,-6.960258490313E-1));
#5256=VERTEX_POINT('',#5255);
#5257=CARTESIAN_POINT('',(7.25E0,5.523696192996E-1,-6.807214413721E-1));
#5258=VERTEX_POINT('',#5257);
#5259=CARTESIAN_POINT('',(7.25E0,5.763674970139E-1,-5.568818904035E-1));
#5260=VERTEX_POINT('',#5259);
#5261=CARTESIAN_POINT('',(7.25E0,5.351086985682E-1,-5.028258490316E-1));
#5262=VERTEX_POINT('',#5261);
#5263=CARTESIAN_POINT('',(7.25E0,5.964567220427E-1,-4.532126977990E-1));
#5264=VERTEX_POINT('',#5263);
#5265=CARTESIAN_POINT('',(7.25E0,6.126367749698E-1,-3.697165439731E-1));
#5266=VERTEX_POINT('',#5265);
#5267=CARTESIAN_POINT('',(7.25E0,5.734654672267E-1,-3.222258490313E-1));
#5268=VERTEX_POINT('',#5267);
#5269=CARTESIAN_POINT('',(7.25E0,4.454396175259E-1,-3.222258490313E-1));
#5270=VERTEX_POINT('',#5269);
#5271=CARTESIAN_POINT('',(7.25E0,4.328244083542E-1,-3.873258490313E-1));
#5272=VERTEX_POINT('',#5271);
#5273=CARTESIAN_POINT('',(7.25E0,5.429133723009E-1,-3.873258490313E-1));
#5274=VERTEX_POINT('',#5273);
#5275=CARTESIAN_POINT('',(7.25E0,5.309194993132E-1,-4.492194824125E-1));
#5276=VERTEX_POINT('',#5275);
#5277=CARTESIAN_POINT('',(7.25E0,5.041180782258E-1,-4.713258490313E-1));
#5278=VERTEX_POINT('',#5277);
#5279=CARTESIAN_POINT('',(7.25E0,4.165467191003E-1,-4.713258490313E-1));
#5280=VERTEX_POINT('',#5279);
#5281=CARTESIAN_POINT('',(7.25E0,4.039315099285E-1,-5.364258490313E-1));
#5282=VERTEX_POINT('',#5281);
#5283=CARTESIAN_POINT('',(7.3E0,5.096612326645E-1,-5.589214413721E-1));
#5284=CARTESIAN_POINT('',(7.3E0,4.911064026810E-1,-5.364258490313E-1));
#5285=VERTEX_POINT('',#5283);
#5286=VERTEX_POINT('',#5284);
#5287=CARTESIAN_POINT('',(7.3E0,4.957080734647E-1,-6.309258490313E-1));
#5288=VERTEX_POINT('',#5287);
#5289=CARTESIAN_POINT('',(7.3E0,3.193080734647E-1,-6.309258490313E-1));
#5290=VERTEX_POINT('',#5289);
#5291=CARTESIAN_POINT('',(7.3E0,3.791285814727E-1,-3.222258490313E-1));
#5292=VERTEX_POINT('',#5291);
#5293=CARTESIAN_POINT('',(7.3E0,3.140285814727E-1,-3.222258490313E-1));
#5294=VERTEX_POINT('',#5293);
#5295=CARTESIAN_POINT('',(7.3E0,2.444414599123E-1,-6.813258490313E-1));
#5296=VERTEX_POINT('',#5295);
#5297=CARTESIAN_POINT('',(7.3E0,1.982414599123E-1,-6.813258490313E-1));
#5298=VERTEX_POINT('',#5297);
#5299=CARTESIAN_POINT('',(7.3E0,9.442293027596E-2,-4.718176506328E-1));
#5300=VERTEX_POINT('',#5299);
#5301=CARTESIAN_POINT('',(7.3E0,2.706907581205E-1,-3.222258490313E-1));
#5302=VERTEX_POINT('',#5301);
#5303=CARTESIAN_POINT('',(7.3E0,1.698907581205E-1,-3.222258490313E-1));
#5304=VERTEX_POINT('',#5303);
#5305=CARTESIAN_POINT('',(7.3E0,2.750786330724E-2,-4.430607966948E-1));
#5306=VERTEX_POINT('',#5305);
#5307=CARTESIAN_POINT('',(7.3E0,5.092350293909E-2,-3.222258490313E-1));
#5308=VERTEX_POINT('',#5307);
#5309=CARTESIAN_POINT('',(7.3E0,-1.863764970609E-1,-3.222258490313E-1));
#5310=VERTEX_POINT('',#5309);
#5311=CARTESIAN_POINT('',(7.3E0,-2.826652620167E-1,-4.398258490317E-1));
#5312=VERTEX_POINT('',#5311);
#5313=CARTESIAN_POINT('',(7.3E0,-3.617785932558E-1,-3.222258490313E-1));
#5314=VERTEX_POINT('',#5313);
#5315=CARTESIAN_POINT('',(7.3E0,-4.415785932558E-1,-3.222258490313E-1));
#5316=VERTEX_POINT('',#5315);
#5317=CARTESIAN_POINT('',(7.3E0,-3.264722837694E-1,-4.933285163522E-1));
#5318=VERTEX_POINT('',#5317);
#5319=CARTESIAN_POINT('',(7.3E0,-4.924372142407E-1,-6.960258490313E-1));
#5320=VERTEX_POINT('',#5319);
#5321=CARTESIAN_POINT('',(7.3E0,-4.084372142407E-1,-6.960258490313E-1));
#5322=VERTEX_POINT('',#5321);
#5323=CARTESIAN_POINT('',(7.3E0,-2.885849382459E-1,-5.496471135317E-1));
#5324=VERTEX_POINT('',#5323);
#5325=CARTESIAN_POINT('',(7.3E0,-1.901112189610E-1,-6.960258490313E-1));
#5326=VERTEX_POINT('',#5325);
#5327=CARTESIAN_POINT('',(7.3E0,-1.103112189610E-1,-6.960258490313E-1));
#5328=VERTEX_POINT('',#5327);
#5329=CARTESIAN_POINT('',(7.3E0,-2.447779164932E-1,-4.961444462112E-1));
#5330=VERTEX_POINT('',#5329);
#5331=CARTESIAN_POINT('',(7.3E0,-1.161320349117E-1,-3.390258490313E-1));
#5332=VERTEX_POINT('',#5331);
#5333=CARTESIAN_POINT('',(7.3E0,-1.743203491169E-2,-3.390258490313E-1));
#5334=VERTEX_POINT('',#5333);
#5335=CARTESIAN_POINT('',(7.3E0,-8.661221424071E-2,-6.960258490313E-1));
#5336=VERTEX_POINT('',#5335);
#5337=CARTESIAN_POINT('',(7.3E0,-2.151221424071E-2,-6.960258490313E-1));
#5338=VERTEX_POINT('',#5337);
#5339=CARTESIAN_POINT('',(7.3E0,7.667979876367E-3,-5.454432775371E-1));
#5340=VERTEX_POINT('',#5339);
#5341=CARTESIAN_POINT('',(7.3E0,4.327730522411E-2,-5.152229974229E-1));
#5342=VERTEX_POINT('',#5341);
#5343=CARTESIAN_POINT('',(7.3E0,1.328713466580E-1,-6.960258490313E-1));
#5344=VERTEX_POINT('',#5343);
#5345=CARTESIAN_POINT('',(7.3E0,5.338147893160E-1,-6.960258490313E-1));
#5346=VERTEX_POINT('',#5345);
#5347=CARTESIAN_POINT('',(7.3E0,5.523696192996E-1,-6.807214413721E-1));
#5348=VERTEX_POINT('',#5347);
#5349=CARTESIAN_POINT('',(7.3E0,5.763674970139E-1,-5.568818904035E-1));
#5350=VERTEX_POINT('',#5349);
#5351=CARTESIAN_POINT('',(7.3E0,5.351086985682E-1,-5.028258490316E-1));
#5352=VERTEX_POINT('',#5351);
#5353=CARTESIAN_POINT('',(7.3E0,5.964567220427E-1,-4.532126977990E-1));
#5354=VERTEX_POINT('',#5353);
#5355=CARTESIAN_POINT('',(7.3E0,6.126367749698E-1,-3.697165439731E-1));
#5356=VERTEX_POINT('',#5355);
#5357=CARTESIAN_POINT('',(7.3E0,5.734654672267E-1,-3.222258490313E-1));
#5358=VERTEX_POINT('',#5357);
#5359=CARTESIAN_POINT('',(7.3E0,4.454396175259E-1,-3.222258490313E-1));
#5360=VERTEX_POINT('',#5359);
#5361=CARTESIAN_POINT('',(7.3E0,4.328244083542E-1,-3.873258490313E-1));
#5362=VERTEX_POINT('',#5361);
#5363=CARTESIAN_POINT('',(7.3E0,5.429133723009E-1,-3.873258490313E-1));
#5364=VERTEX_POINT('',#5363);
#5365=CARTESIAN_POINT('',(7.3E0,5.309194993132E-1,-4.492194824125E-1));
#5366=VERTEX_POINT('',#5365);
#5367=CARTESIAN_POINT('',(7.3E0,5.041180782258E-1,-4.713258490313E-1));
#5368=VERTEX_POINT('',#5367);
#5369=CARTESIAN_POINT('',(7.3E0,4.165467191003E-1,-4.713258490313E-1));
#5370=VERTEX_POINT('',#5369);
#5371=CARTESIAN_POINT('',(7.3E0,4.039315099285E-1,-5.364258490313E-1));
#5372=VERTEX_POINT('',#5371);
#5373=CARTESIAN_POINT('',(4.8E0,-1.E0,-4.05E0));
#5374=VERTEX_POINT('',#5373);
#5375=CARTESIAN_POINT('',(0.E0,-1.E0,0.E0));
#5376=DIRECTION('',(0.E0,1.E0,0.E0));
#5377=DIRECTION('',(1.E0,0.E0,0.E0));
#5378=AXIS2_PLACEMENT_3D('',#5375,#5376,#5377);
#5379=PLANE('',#5378);
#5381=ORIENTED_EDGE('',*,*,#5380,.F.);
#5383=ORIENTED_EDGE('',*,*,#5382,.T.);
#5385=ORIENTED_EDGE('',*,*,#5384,.T.);
#5387=ORIENTED_EDGE('',*,*,#5386,.F.);
#5388=EDGE_LOOP('',(#5381,#5383,#5385,#5387));
#5389=FACE_OUTER_BOUND('',#5388,.F.);
#5390=ADVANCED_FACE('',(#5389),#5379,.F.);
#5391=CARTESIAN_POINT('',(0.E0,-1.E0,0.E0));
#5392=DIRECTION('',(0.E0,1.E0,0.E0));
#5393=DIRECTION('',(1.E0,0.E0,0.E0));
#5394=AXIS2_PLACEMENT_3D('',#5391,#5392,#5393);
#5395=PLANE('',#5394);
#5397=ORIENTED_EDGE('',*,*,#5396,.F.);
#5399=ORIENTED_EDGE('',*,*,#5398,.F.);
#5401=ORIENTED_EDGE('',*,*,#5400,.F.);
#5403=ORIENTED_EDGE('',*,*,#5402,.T.);
#5405=ORIENTED_EDGE('',*,*,#5404,.F.);
#5407=ORIENTED_EDGE('',*,*,#5406,.T.);
#5409=ORIENTED_EDGE('',*,*,#5408,.T.);
#5411=ORIENTED_EDGE('',*,*,#5410,.T.);
#5412=EDGE_LOOP('',(#5397,#5399,#5401,#5403,#5405,#5407,#5409,#5411));
#5413=FACE_OUTER_BOUND('',#5412,.F.);
#5414=ADVANCED_FACE('',(#5413),#5395,.F.);
#5415=CARTESIAN_POINT('',(0.E0,-1.E0,0.E0));
#5416=DIRECTION('',(0.E0,1.E0,0.E0));
#5417=DIRECTION('',(1.E0,0.E0,0.E0));
#5418=AXIS2_PLACEMENT_3D('',#5415,#5416,#5417);
#5419=PLANE('',#5418);
#5421=ORIENTED_EDGE('',*,*,#5420,.T.);
#5423=ORIENTED_EDGE('',*,*,#5422,.T.);
#5425=ORIENTED_EDGE('',*,*,#5424,.F.);
#5427=ORIENTED_EDGE('',*,*,#5426,.F.);
#5428=EDGE_LOOP('',(#5421,#5423,#5425,#5427));
#5429=FACE_OUTER_BOUND('',#5428,.F.);
#5430=ADVANCED_FACE('',(#5429),#5419,.F.);
#5431=CARTESIAN_POINT('',(0.E0,-1.E0,0.E0));
#5432=DIRECTION('',(0.E0,1.E0,0.E0));
#5433=DIRECTION('',(1.E0,0.E0,0.E0));
#5434=AXIS2_PLACEMENT_3D('',#5431,#5432,#5433);
#5435=PLANE('',#5434);
#5437=ORIENTED_EDGE('',*,*,#5436,.F.);
#5439=ORIENTED_EDGE('',*,*,#5438,.F.);
#5441=ORIENTED_EDGE('',*,*,#5440,.F.);
#5443=ORIENTED_EDGE('',*,*,#5442,.F.);
#5445=ORIENTED_EDGE('',*,*,#5444,.T.);
#5447=ORIENTED_EDGE('',*,*,#5446,.F.);
#5448=EDGE_LOOP('',(#5437,#5439,#5441,#5443,#5445,#5447));
#5449=FACE_OUTER_BOUND('',#5448,.F.);
#5450=ADVANCED_FACE('',(#5449),#5435,.F.);
#5451=CARTESIAN_POINT('',(4.8E0,-1.E0,-4.1E0));
#5452=DIRECTION('',(1.E0,0.E0,0.E0));
#5453=DIRECTION('',(0.E0,0.E0,1.E0));
#5454=AXIS2_PLACEMENT_3D('',#5451,#5452,#5453);
#5455=PLANE('',#5454);
#5457=ORIENTED_EDGE('',*,*,#5456,.T.);
#5459=ORIENTED_EDGE('',*,*,#5458,.F.);
#5461=ORIENTED_EDGE('',*,*,#5460,.T.);
#5462=ORIENTED_EDGE('',*,*,#5380,.T.);
#5463=EDGE_LOOP('',(#5457,#5459,#5461,#5462));
#5464=FACE_OUTER_BOUND('',#5463,.F.);
#5465=ADVANCED_FACE('',(#5464),#5455,.F.);
#5466=CARTESIAN_POINT('',(4.8E0,-1.E0,-4.1E0));
#5467=DIRECTION('',(1.E0,0.E0,0.E0));
#5468=DIRECTION('',(0.E0,0.E0,1.E0));
#5469=AXIS2_PLACEMENT_3D('',#5466,#5467,#5468);
#5470=PLANE('',#5469);
#5472=ORIENTED_EDGE('',*,*,#5471,.T.);
#5474=ORIENTED_EDGE('',*,*,#5473,.F.);
#5475=ORIENTED_EDGE('',*,*,#5440,.T.);
#5477=ORIENTED_EDGE('',*,*,#5476,.F.);
#5478=EDGE_LOOP('',(#5472,#5474,#5475,#5477));
#5479=FACE_OUTER_BOUND('',#5478,.F.);
#5480=ADVANCED_FACE('',(#5479),#5470,.F.);
#5481=CARTESIAN_POINT('',(7.3E0,-1.E0,-1.2E0));
#5482=DIRECTION('',(0.E0,0.E0,-1.E0));
#5483=DIRECTION('',(-1.E0,0.E0,0.E0));
#5484=AXIS2_PLACEMENT_3D('',#5481,#5482,#5483);
#5485=PLANE('',#5484);
#5487=ORIENTED_EDGE('',*,*,#5486,.T.);
#5489=ORIENTED_EDGE('',*,*,#5488,.T.);
#5491=ORIENTED_EDGE('',*,*,#5490,.T.);
#5493=ORIENTED_EDGE('',*,*,#5492,.T.);
#5495=ORIENTED_EDGE('',*,*,#5494,.T.);
#5497=ORIENTED_EDGE('',*,*,#5496,.T.);
#5499=ORIENTED_EDGE('',*,*,#5498,.T.);
#5501=ORIENTED_EDGE('',*,*,#5500,.T.);
#5502=EDGE_LOOP('',(#5487,#5489,#5491,#5493,#5495,#5497,#5499,#5501));
#5503=FACE_OUTER_BOUND('',#5502,.F.);
#5504=ADVANCED_FACE('',(#5503),#5485,.T.);
#5505=CARTESIAN_POINT('',(7.3E0,-1.E0,-1.2E0));
#5506=DIRECTION('',(0.E0,0.E0,-1.E0));
#5507=DIRECTION('',(-1.E0,0.E0,0.E0));
#5508=AXIS2_PLACEMENT_3D('',#5505,#5506,#5507);
#5509=PLANE('',#5508);
#5511=ORIENTED_EDGE('',*,*,#5510,.T.);
#5513=ORIENTED_EDGE('',*,*,#5512,.T.);
#5515=ORIENTED_EDGE('',*,*,#5514,.T.);
#5517=ORIENTED_EDGE('',*,*,#5516,.T.);
#5519=ORIENTED_EDGE('',*,*,#5518,.T.);
#5521=ORIENTED_EDGE('',*,*,#5520,.T.);
#5523=ORIENTED_EDGE('',*,*,#5522,.T.);
#5525=ORIENTED_EDGE('',*,*,#5524,.T.);
#5527=ORIENTED_EDGE('',*,*,#5526,.T.);
#5529=ORIENTED_EDGE('',*,*,#5528,.T.);
#5531=ORIENTED_EDGE('',*,*,#5530,.T.);
#5533=ORIENTED_EDGE('',*,*,#5532,.T.);
#5534=ORIENTED_EDGE('',*,*,#5456,.F.);
#5535=ORIENTED_EDGE('',*,*,#5386,.T.);
#5537=ORIENTED_EDGE('',*,*,#5536,.T.);
#5539=ORIENTED_EDGE('',*,*,#5538,.T.);
#5540=EDGE_LOOP('',(#5511,#5513,#5515,#5517,#5519,#5521,#5523,#5525,#5527,#5529,
#5531,#5533,#5534,#5535,#5537,#5539));
#5541=FACE_OUTER_BOUND('',#5540,.F.);
#5542=ADVANCED_FACE('',(#5541),#5509,.T.);
#5543=CARTESIAN_POINT('',(-4.825E0,-9.E-1,-4.4E0));
#5544=DIRECTION('',(-1.E0,0.E0,0.E0));
#5545=DIRECTION('',(0.E0,1.E0,0.E0));
#5546=AXIS2_PLACEMENT_3D('',#5543,#5544,#5545);
#5547=PLANE('',#5546);
#5549=ORIENTED_EDGE('',*,*,#5548,.T.);
#5551=ORIENTED_EDGE('',*,*,#5550,.T.);
#5552=ORIENTED_EDGE('',*,*,#5486,.F.);
#5554=ORIENTED_EDGE('',*,*,#5553,.F.);
#5555=EDGE_LOOP('',(#5549,#5551,#5552,#5554));
#5556=FACE_OUTER_BOUND('',#5555,.F.);
#5557=ADVANCED_FACE('',(#5556),#5547,.T.);
#5558=CARTESIAN_POINT('',(0.E0,-1.E0,-4.05E0));
#5559=DIRECTION('',(0.E0,0.E0,-1.E0));
#5560=DIRECTION('',(1.E0,0.E0,0.E0));
#5561=AXIS2_PLACEMENT_3D('',#5558,#5559,#5560);
#5562=PLANE('',#5561);
#5564=ORIENTED_EDGE('',*,*,#5563,.T.);
#5566=ORIENTED_EDGE('',*,*,#5565,.F.);
#5568=ORIENTED_EDGE('',*,*,#5567,.T.);
#5570=ORIENTED_EDGE('',*,*,#5569,.F.);
#5572=ORIENTED_EDGE('',*,*,#5571,.F.);
#5574=ORIENTED_EDGE('',*,*,#5573,.F.);
#5576=ORIENTED_EDGE('',*,*,#5575,.T.);
#5577=ORIENTED_EDGE('',*,*,#5548,.F.);
#5579=ORIENTED_EDGE('',*,*,#5578,.F.);
#5580=ORIENTED_EDGE('',*,*,#5396,.T.);
#5582=ORIENTED_EDGE('',*,*,#5581,.F.);
#5584=ORIENTED_EDGE('',*,*,#5583,.T.);
#5586=ORIENTED_EDGE('',*,*,#5585,.T.);
#5587=ORIENTED_EDGE('',*,*,#5426,.T.);
#5589=ORIENTED_EDGE('',*,*,#5588,.F.);
#5591=ORIENTED_EDGE('',*,*,#5590,.T.);
#5592=ORIENTED_EDGE('',*,*,#5476,.T.);
#5593=ORIENTED_EDGE('',*,*,#5438,.T.);
#5595=ORIENTED_EDGE('',*,*,#5594,.F.);
#5597=ORIENTED_EDGE('',*,*,#5596,.T.);
#5598=EDGE_LOOP('',(#5564,#5566,#5568,#5570,#5572,#5574,#5576,#5577,#5579,#5580,
#5582,#5584,#5586,#5587,#5589,#5591,#5592,#5593,#5595,#5597));
#5599=FACE_OUTER_BOUND('',#5598,.F.);
#5601=ORIENTED_EDGE('',*,*,#5600,.T.);
#5603=ORIENTED_EDGE('',*,*,#5602,.T.);
#5605=ORIENTED_EDGE('',*,*,#5604,.T.);
#5607=ORIENTED_EDGE('',*,*,#5606,.T.);
#5608=EDGE_LOOP('',(#5601,#5603,#5605,#5607));
#5609=FACE_BOUND('',#5608,.F.);
#5611=ORIENTED_EDGE('',*,*,#5610,.T.);
#5613=ORIENTED_EDGE('',*,*,#5612,.T.);
#5615=ORIENTED_EDGE('',*,*,#5614,.T.);
#5617=ORIENTED_EDGE('',*,*,#5616,.T.);
#5618=EDGE_LOOP('',(#5611,#5613,#5615,#5617));
#5619=FACE_BOUND('',#5618,.F.);
#5621=ORIENTED_EDGE('',*,*,#5620,.T.);
#5623=ORIENTED_EDGE('',*,*,#5622,.T.);
#5625=ORIENTED_EDGE('',*,*,#5624,.T.);
#5627=ORIENTED_EDGE('',*,*,#5626,.T.);
#5628=EDGE_LOOP('',(#5621,#5623,#5625,#5627));
#5629=FACE_BOUND('',#5628,.F.);
#5631=ORIENTED_EDGE('',*,*,#5630,.T.);
#5633=ORIENTED_EDGE('',*,*,#5632,.T.);
#5635=ORIENTED_EDGE('',*,*,#5634,.T.);
#5637=ORIENTED_EDGE('',*,*,#5636,.T.);
#5638=EDGE_LOOP('',(#5631,#5633,#5635,#5637));
#5639=FACE_BOUND('',#5638,.F.);
#5641=ORIENTED_EDGE('',*,*,#5640,.T.);
#5643=ORIENTED_EDGE('',*,*,#5642,.T.);
#5645=ORIENTED_EDGE('',*,*,#5644,.T.);
#5647=ORIENTED_EDGE('',*,*,#5646,.T.);
#5648=EDGE_LOOP('',(#5641,#5643,#5645,#5647));
#5649=FACE_BOUND('',#5648,.F.);
#5651=ORIENTED_EDGE('',*,*,#5650,.T.);
#5653=ORIENTED_EDGE('',*,*,#5652,.T.);
#5655=ORIENTED_EDGE('',*,*,#5654,.T.);
#5657=ORIENTED_EDGE('',*,*,#5656,.T.);
#5658=EDGE_LOOP('',(#5651,#5653,#5655,#5657));
#5659=FACE_BOUND('',#5658,.F.);
#5661=ORIENTED_EDGE('',*,*,#5660,.T.);
#5663=ORIENTED_EDGE('',*,*,#5662,.T.);
#5665=ORIENTED_EDGE('',*,*,#5664,.T.);
#5667=ORIENTED_EDGE('',*,*,#5666,.T.);
#5668=EDGE_LOOP('',(#5661,#5663,#5665,#5667));
#5669=FACE_BOUND('',#5668,.F.);
#5671=ORIENTED_EDGE('',*,*,#5670,.T.);
#5673=ORIENTED_EDGE('',*,*,#5672,.T.);
#5675=ORIENTED_EDGE('',*,*,#5674,.T.);
#5677=ORIENTED_EDGE('',*,*,#5676,.T.);
#5678=EDGE_LOOP('',(#5671,#5673,#5675,#5677));
#5679=FACE_BOUND('',#5678,.F.);
#5681=ORIENTED_EDGE('',*,*,#5680,.T.);
#5683=ORIENTED_EDGE('',*,*,#5682,.T.);
#5685=ORIENTED_EDGE('',*,*,#5684,.T.);
#5687=ORIENTED_EDGE('',*,*,#5686,.T.);
#5688=EDGE_LOOP('',(#5681,#5683,#5685,#5687));
#5689=FACE_BOUND('',#5688,.F.);
#5691=ORIENTED_EDGE('',*,*,#5690,.T.);
#5693=ORIENTED_EDGE('',*,*,#5692,.T.);
#5695=ORIENTED_EDGE('',*,*,#5694,.T.);
#5697=ORIENTED_EDGE('',*,*,#5696,.T.);
#5698=EDGE_LOOP('',(#5691,#5693,#5695,#5697));
#5699=FACE_BOUND('',#5698,.F.);
#5701=ORIENTED_EDGE('',*,*,#5700,.T.);
#5703=ORIENTED_EDGE('',*,*,#5702,.T.);
#5705=ORIENTED_EDGE('',*,*,#5704,.T.);
#5707=ORIENTED_EDGE('',*,*,#5706,.T.);
#5708=EDGE_LOOP('',(#5701,#5703,#5705,#5707));
#5709=FACE_BOUND('',#5708,.F.);
#5711=ORIENTED_EDGE('',*,*,#5710,.T.);
#5713=ORIENTED_EDGE('',*,*,#5712,.T.);
#5715=ORIENTED_EDGE('',*,*,#5714,.T.);
#5717=ORIENTED_EDGE('',*,*,#5716,.T.);
#5718=EDGE_LOOP('',(#5711,#5713,#5715,#5717));
#5719=FACE_BOUND('',#5718,.F.);
#5721=ORIENTED_EDGE('',*,*,#5720,.T.);
#5723=ORIENTED_EDGE('',*,*,#5722,.T.);
#5725=ORIENTED_EDGE('',*,*,#5724,.T.);
#5727=ORIENTED_EDGE('',*,*,#5726,.T.);
#5728=EDGE_LOOP('',(#5721,#5723,#5725,#5727));
#5729=FACE_BOUND('',#5728,.F.);
#5731=ORIENTED_EDGE('',*,*,#5730,.T.);
#5733=ORIENTED_EDGE('',*,*,#5732,.T.);
#5735=ORIENTED_EDGE('',*,*,#5734,.T.);
#5737=ORIENTED_EDGE('',*,*,#5736,.T.);
#5738=EDGE_LOOP('',(#5731,#5733,#5735,#5737));
#5739=FACE_BOUND('',#5738,.F.);
#5741=ORIENTED_EDGE('',*,*,#5740,.T.);
#5743=ORIENTED_EDGE('',*,*,#5742,.T.);
#5745=ORIENTED_EDGE('',*,*,#5744,.T.);
#5747=ORIENTED_EDGE('',*,*,#5746,.T.);
#5748=EDGE_LOOP('',(#5741,#5743,#5745,#5747));
#5749=FACE_BOUND('',#5748,.F.);
#5751=ORIENTED_EDGE('',*,*,#5750,.T.);
#5753=ORIENTED_EDGE('',*,*,#5752,.T.);
#5755=ORIENTED_EDGE('',*,*,#5754,.T.);
#5757=ORIENTED_EDGE('',*,*,#5756,.T.);
#5758=EDGE_LOOP('',(#5751,#5753,#5755,#5757));
#5759=FACE_BOUND('',#5758,.F.);
#5761=ORIENTED_EDGE('',*,*,#5760,.T.);
#5763=ORIENTED_EDGE('',*,*,#5762,.T.);
#5765=ORIENTED_EDGE('',*,*,#5764,.T.);
#5767=ORIENTED_EDGE('',*,*,#5766,.T.);
#5768=EDGE_LOOP('',(#5761,#5763,#5765,#5767));
#5769=FACE_BOUND('',#5768,.F.);
#5771=ORIENTED_EDGE('',*,*,#5770,.T.);
#5773=ORIENTED_EDGE('',*,*,#5772,.T.);
#5775=ORIENTED_EDGE('',*,*,#5774,.T.);
#5777=ORIENTED_EDGE('',*,*,#5776,.T.);
#5778=EDGE_LOOP('',(#5771,#5773,#5775,#5777));
#5779=FACE_BOUND('',#5778,.F.);
#5780=ADVANCED_FACE('',(#5599,#5609,#5619,#5629,#5639,#5649,#5659,#5669,#5679,
#5689,#5699,#5709,#5719,#5729,#5739,#5749,#5759,#5769,#5779),#5562,.T.);
#5781=CARTESIAN_POINT('',(4.825E0,-1.E0,-4.1E0));
#5782=DIRECTION('',(-1.E0,0.E0,0.E0));
#5783=DIRECTION('',(0.E0,0.E0,-1.E0));
#5784=AXIS2_PLACEMENT_3D('',#5781,#5782,#5783);
#5785=PLANE('',#5784);
#5787=ORIENTED_EDGE('',*,*,#5786,.T.);
#5789=ORIENTED_EDGE('',*,*,#5788,.T.);
#5791=ORIENTED_EDGE('',*,*,#5790,.F.);
#5793=ORIENTED_EDGE('',*,*,#5792,.T.);
#5794=EDGE_LOOP('',(#5787,#5789,#5791,#5793));
#5795=FACE_OUTER_BOUND('',#5794,.F.);
#5796=ADVANCED_FACE('',(#5795),#5785,.T.);
#5797=CARTESIAN_POINT('',(4.825E0,-1.E0,-4.1E0));
#5798=DIRECTION('',(-1.E0,0.E0,0.E0));
#5799=DIRECTION('',(0.E0,0.E0,-1.E0));
#5800=AXIS2_PLACEMENT_3D('',#5797,#5798,#5799);
#5801=PLANE('',#5800);
#5803=ORIENTED_EDGE('',*,*,#5802,.T.);
#5805=ORIENTED_EDGE('',*,*,#5804,.F.);
#5806=ORIENTED_EDGE('',*,*,#5594,.T.);
#5807=ORIENTED_EDGE('',*,*,#5436,.T.);
#5808=EDGE_LOOP('',(#5803,#5805,#5806,#5807));
#5809=FACE_OUTER_BOUND('',#5808,.F.);
#5810=ADVANCED_FACE('',(#5809),#5801,.T.);
#5811=CARTESIAN_POINT('',(4.825E0,-1.E0,-4.1E0));
#5812=DIRECTION('',(-1.E0,0.E0,0.E0));
#5813=DIRECTION('',(0.E0,0.E0,-1.E0));
#5814=AXIS2_PLACEMENT_3D('',#5811,#5812,#5813);
#5815=PLANE('',#5814);
#5817=ORIENTED_EDGE('',*,*,#5816,.T.);
#5819=ORIENTED_EDGE('',*,*,#5818,.F.);
#5821=ORIENTED_EDGE('',*,*,#5820,.T.);
#5823=ORIENTED_EDGE('',*,*,#5822,.T.);
#5825=ORIENTED_EDGE('',*,*,#5824,.F.);
#5827=ORIENTED_EDGE('',*,*,#5826,.F.);
#5828=ORIENTED_EDGE('',*,*,#5563,.F.);
#5830=ORIENTED_EDGE('',*,*,#5829,.T.);
#5831=EDGE_LOOP('',(#5817,#5819,#5821,#5823,#5825,#5827,#5828,#5830));
#5832=FACE_OUTER_BOUND('',#5831,.F.);
#5833=ADVANCED_FACE('',(#5832),#5815,.T.);
#5834=CARTESIAN_POINT('',(4.825E0,9.E-1,-4.4E0));
#5835=DIRECTION('',(0.E0,1.E0,0.E0));
#5836=DIRECTION('',(1.E0,0.E0,0.E0));
#5837=AXIS2_PLACEMENT_3D('',#5834,#5835,#5836);
#5838=PLANE('',#5837);
#5840=ORIENTED_EDGE('',*,*,#5839,.F.);
#5841=ORIENTED_EDGE('',*,*,#5786,.F.);
#5843=ORIENTED_EDGE('',*,*,#5842,.F.);
#5845=ORIENTED_EDGE('',*,*,#5844,.F.);
#5847=ORIENTED_EDGE('',*,*,#5846,.T.);
#5849=ORIENTED_EDGE('',*,*,#5848,.F.);
#5850=EDGE_LOOP('',(#5840,#5841,#5843,#5845,#5847,#5849));
#5851=FACE_OUTER_BOUND('',#5850,.F.);
#5852=ADVANCED_FACE('',(#5851),#5838,.F.);
#5853=CARTESIAN_POINT('',(6.75E0,-1.E0,-4.4E0));
#5854=DIRECTION('',(0.E0,0.E0,-1.E0));
#5855=DIRECTION('',(-1.E0,0.E0,0.E0));
#5856=AXIS2_PLACEMENT_3D('',#5853,#5854,#5855);
#5857=PLANE('',#5856);
#5858=ORIENTED_EDGE('',*,*,#5816,.F.);
#5860=ORIENTED_EDGE('',*,*,#5859,.T.);
#5862=ORIENTED_EDGE('',*,*,#5861,.F.);
#5864=ORIENTED_EDGE('',*,*,#5863,.T.);
#5866=ORIENTED_EDGE('',*,*,#5865,.T.);
#5868=ORIENTED_EDGE('',*,*,#5867,.T.);
#5870=ORIENTED_EDGE('',*,*,#5869,.T.);
#5872=ORIENTED_EDGE('',*,*,#5871,.T.);
#5873=ORIENTED_EDGE('',*,*,#5802,.F.);
#5874=ORIENTED_EDGE('',*,*,#5446,.T.);
#5876=ORIENTED_EDGE('',*,*,#5875,.F.);
#5878=ORIENTED_EDGE('',*,*,#5877,.F.);
#5880=ORIENTED_EDGE('',*,*,#5879,.F.);
#5882=ORIENTED_EDGE('',*,*,#5881,.F.);
#5883=ORIENTED_EDGE('',*,*,#5788,.F.);
#5884=ORIENTED_EDGE('',*,*,#5839,.T.);
#5886=ORIENTED_EDGE('',*,*,#5885,.T.);
#5888=ORIENTED_EDGE('',*,*,#5887,.T.);
#5890=ORIENTED_EDGE('',*,*,#5889,.T.);
#5892=ORIENTED_EDGE('',*,*,#5891,.T.);
#5894=ORIENTED_EDGE('',*,*,#5893,.F.);
#5896=ORIENTED_EDGE('',*,*,#5895,.T.);
#5897=EDGE_LOOP('',(#5858,#5860,#5862,#5864,#5866,#5868,#5870,#5872,#5873,#5874,
#5876,#5878,#5880,#5882,#5883,#5884,#5886,#5888,#5890,#5892,#5894,#5896));
#5898=FACE_OUTER_BOUND('',#5897,.F.);
#5899=ADVANCED_FACE('',(#5898),#5857,.T.);
#5900=CARTESIAN_POINT('',(6.75E0,-1.E0,-4.4E0));
#5901=DIRECTION('',(0.E0,0.E0,-1.E0));
#5902=DIRECTION('',(-1.E0,0.E0,0.E0));
#5903=AXIS2_PLACEMENT_3D('',#5900,#5901,#5902);
#5904=PLANE('',#5903);
#5906=ORIENTED_EDGE('',*,*,#5905,.F.);
#5908=ORIENTED_EDGE('',*,*,#5907,.F.);
#5910=ORIENTED_EDGE('',*,*,#5909,.T.);
#5912=ORIENTED_EDGE('',*,*,#5911,.F.);
#5914=ORIENTED_EDGE('',*,*,#5913,.F.);
#5916=ORIENTED_EDGE('',*,*,#5915,.F.);
#5918=ORIENTED_EDGE('',*,*,#5917,.F.);
#5920=ORIENTED_EDGE('',*,*,#5919,.F.);
#5922=ORIENTED_EDGE('',*,*,#5921,.F.);
#5924=ORIENTED_EDGE('',*,*,#5923,.F.);
#5926=ORIENTED_EDGE('',*,*,#5925,.F.);
#5928=ORIENTED_EDGE('',*,*,#5927,.T.);
#5930=ORIENTED_EDGE('',*,*,#5929,.F.);
#5931=ORIENTED_EDGE('',*,*,#5400,.T.);
#5933=ORIENTED_EDGE('',*,*,#5932,.F.);
#5935=ORIENTED_EDGE('',*,*,#5934,.F.);
#5937=ORIENTED_EDGE('',*,*,#5936,.F.);
#5939=ORIENTED_EDGE('',*,*,#5938,.F.);
#5941=ORIENTED_EDGE('',*,*,#5940,.F.);
#5943=ORIENTED_EDGE('',*,*,#5942,.F.);
#5945=ORIENTED_EDGE('',*,*,#5944,.T.);
#5947=ORIENTED_EDGE('',*,*,#5946,.F.);
#5948=EDGE_LOOP('',(#5906,#5908,#5910,#5912,#5914,#5916,#5918,#5920,#5922,#5924,
#5926,#5928,#5930,#5931,#5933,#5935,#5937,#5939,#5941,#5943,#5945,#5947));
#5949=FACE_OUTER_BOUND('',#5948,.F.);
#5950=ADVANCED_FACE('',(#5949),#5904,.T.);
#5951=CARTESIAN_POINT('',(4.825E0,-8.E-1,-4.4E0));
#5952=DIRECTION('',(0.E0,1.E0,0.E0));
#5953=DIRECTION('',(1.E0,0.E0,0.E0));
#5954=AXIS2_PLACEMENT_3D('',#5951,#5952,#5953);
#5955=PLANE('',#5954);
#5956=ORIENTED_EDGE('',*,*,#5859,.F.);
#5957=ORIENTED_EDGE('',*,*,#5829,.F.);
#5959=ORIENTED_EDGE('',*,*,#5958,.T.);
#5961=ORIENTED_EDGE('',*,*,#5960,.T.);
#5963=ORIENTED_EDGE('',*,*,#5962,.F.);
#5964=EDGE_LOOP('',(#5956,#5957,#5959,#5961,#5963));
#5965=FACE_OUTER_BOUND('',#5964,.F.);
#5966=ADVANCED_FACE('',(#5965),#5955,.F.);
#5967=CARTESIAN_POINT('',(4.825E0,-9.E-1,-4.4E0));
#5968=DIRECTION('',(-1.E0,0.E0,0.E0));
#5969=DIRECTION('',(0.E0,1.E0,0.E0));
#5970=AXIS2_PLACEMENT_3D('',#5967,#5968,#5969);
#5971=PLANE('',#5970);
#5972=ORIENTED_EDGE('',*,*,#5596,.F.);
#5974=ORIENTED_EDGE('',*,*,#5973,.T.);
#5976=ORIENTED_EDGE('',*,*,#5975,.T.);
#5977=ORIENTED_EDGE('',*,*,#5958,.F.);
#5978=EDGE_LOOP('',(#5972,#5974,#5976,#5977));
#5979=FACE_OUTER_BOUND('',#5978,.F.);
#5980=ADVANCED_FACE('',(#5979),#5971,.F.);
#5981=CARTESIAN_POINT('',(6.45E0,-9.E-1,-4.4E0));
#5982=DIRECTION('',(0.E0,-1.E0,0.E0));
#5983=DIRECTION('',(-1.E0,0.E0,0.E0));
#5984=AXIS2_PLACEMENT_3D('',#5981,#5982,#5983);
#5985=PLANE('',#5984);
#5986=ORIENTED_EDGE('',*,*,#5871,.F.);
#5988=ORIENTED_EDGE('',*,*,#5987,.T.);
#5990=ORIENTED_EDGE('',*,*,#5989,.T.);
#5991=ORIENTED_EDGE('',*,*,#5973,.F.);
#5992=ORIENTED_EDGE('',*,*,#5804,.T.);
#5993=EDGE_LOOP('',(#5986,#5988,#5990,#5991,#5992));
#5994=FACE_OUTER_BOUND('',#5993,.F.);
#5995=ADVANCED_FACE('',(#5994),#5985,.F.);
#5996=CARTESIAN_POINT('',(6.45E0,-7.E-1,-4.4E0));
#5997=DIRECTION('',(0.E0,0.E0,-1.E0));
#5998=DIRECTION('',(1.E0,0.E0,0.E0));
#5999=AXIS2_PLACEMENT_3D('',#5996,#5997,#5998);
#6000=CYLINDRICAL_SURFACE('',#5999,2.E-1);
#6001=ORIENTED_EDGE('',*,*,#5869,.F.);
#6003=ORIENTED_EDGE('',*,*,#6002,.T.);
#6005=ORIENTED_EDGE('',*,*,#6004,.T.);
#6006=ORIENTED_EDGE('',*,*,#5987,.F.);
#6007=EDGE_LOOP('',(#6001,#6003,#6005,#6006));
#6008=FACE_OUTER_BOUND('',#6007,.F.);
#6009=ADVANCED_FACE('',(#6008),#6000,.F.);
#6010=CARTESIAN_POINT('',(6.65E0,-1.894566627610E-1,-4.4E0));
#6011=DIRECTION('',(1.E0,0.E0,0.E0));
#6012=DIRECTION('',(0.E0,-1.E0,0.E0));
#6013=AXIS2_PLACEMENT_3D('',#6010,#6011,#6012);
#6014=PLANE('',#6013);
#6015=ORIENTED_EDGE('',*,*,#5867,.F.);
#6017=ORIENTED_EDGE('',*,*,#6016,.T.);
#6019=ORIENTED_EDGE('',*,*,#6018,.T.);
#6020=ORIENTED_EDGE('',*,*,#6002,.F.);
#6021=EDGE_LOOP('',(#6015,#6017,#6019,#6020));
#6022=FACE_OUTER_BOUND('',#6021,.F.);
#6023=ADVANCED_FACE('',(#6022),#6014,.F.);
#6024=CARTESIAN_POINT('',(6.55E0,-1.894566627610E-1,-4.4E0));
#6025=DIRECTION('',(0.E0,1.E0,0.E0));
#6026=DIRECTION('',(1.E0,0.E0,0.E0));
#6027=AXIS2_PLACEMENT_3D('',#6024,#6025,#6026);
#6028=PLANE('',#6027);
#6029=ORIENTED_EDGE('',*,*,#5865,.F.);
#6031=ORIENTED_EDGE('',*,*,#6030,.T.);
#6033=ORIENTED_EDGE('',*,*,#6032,.T.);
#6034=ORIENTED_EDGE('',*,*,#6016,.F.);
#6035=EDGE_LOOP('',(#6029,#6031,#6033,#6034));
#6036=FACE_OUTER_BOUND('',#6035,.F.);
#6037=ADVANCED_FACE('',(#6036),#6028,.F.);
#6038=CARTESIAN_POINT('',(6.55E0,-7.E-1,-4.4E0));
#6039=DIRECTION('',(-1.E0,0.E0,0.E0));
#6040=DIRECTION('',(0.E0,1.E0,0.E0));
#6041=AXIS2_PLACEMENT_3D('',#6038,#6039,#6040);
#6042=PLANE('',#6041);
#6043=ORIENTED_EDGE('',*,*,#5863,.F.);
#6045=ORIENTED_EDGE('',*,*,#6044,.T.);
#6047=ORIENTED_EDGE('',*,*,#6046,.T.);
#6048=ORIENTED_EDGE('',*,*,#6030,.F.);
#6049=EDGE_LOOP('',(#6043,#6045,#6047,#6048));
#6050=FACE_OUTER_BOUND('',#6049,.F.);
#6051=ADVANCED_FACE('',(#6050),#6042,.F.);
#6052=CARTESIAN_POINT('',(6.45E0,-7.E-1,-4.4E0));
#6053=DIRECTION('',(0.E0,0.E0,-1.E0));
#6054=DIRECTION('',(1.E0,0.E0,0.E0));
#6055=AXIS2_PLACEMENT_3D('',#6052,#6053,#6054);
#6056=CYLINDRICAL_SURFACE('',#6055,1.E-1);
#6057=ORIENTED_EDGE('',*,*,#5861,.T.);
#6058=ORIENTED_EDGE('',*,*,#5962,.T.);
#6060=ORIENTED_EDGE('',*,*,#6059,.F.);
#6061=ORIENTED_EDGE('',*,*,#6044,.F.);
#6062=EDGE_LOOP('',(#6057,#6058,#6060,#6061));
#6063=FACE_OUTER_BOUND('',#6062,.F.);
#6064=ADVANCED_FACE('',(#6063),#6056,.T.);
#6065=CARTESIAN_POINT('',(6.75E0,1.E0,-1.25E0));
#6066=DIRECTION('',(0.E0,0.E0,-1.E0));
#6067=DIRECTION('',(-1.E0,0.E0,0.E0));
#6068=AXIS2_PLACEMENT_3D('',#6065,#6066,#6067);
#6069=PLANE('',#6068);
#6071=ORIENTED_EDGE('',*,*,#6070,.F.);
#6073=ORIENTED_EDGE('',*,*,#6072,.F.);
#6075=ORIENTED_EDGE('',*,*,#6074,.F.);
#6077=ORIENTED_EDGE('',*,*,#6076,.F.);
#6078=ORIENTED_EDGE('',*,*,#5846,.F.);
#6080=ORIENTED_EDGE('',*,*,#6079,.F.);
#6082=ORIENTED_EDGE('',*,*,#6081,.F.);
#6084=ORIENTED_EDGE('',*,*,#6083,.F.);
#6086=ORIENTED_EDGE('',*,*,#6085,.F.);
#6088=ORIENTED_EDGE('',*,*,#6087,.F.);
#6089=ORIENTED_EDGE('',*,*,#5442,.T.);
#6090=ORIENTED_EDGE('',*,*,#5473,.T.);
#6092=ORIENTED_EDGE('',*,*,#6091,.F.);
#6094=ORIENTED_EDGE('',*,*,#6093,.F.);
#6096=ORIENTED_EDGE('',*,*,#6095,.T.);
#6098=ORIENTED_EDGE('',*,*,#6097,.F.);
#6100=ORIENTED_EDGE('',*,*,#6099,.T.);
#6102=ORIENTED_EDGE('',*,*,#6101,.T.);
#6104=ORIENTED_EDGE('',*,*,#6103,.F.);
#6106=ORIENTED_EDGE('',*,*,#6105,.F.);
#6108=ORIENTED_EDGE('',*,*,#6107,.F.);
#6110=ORIENTED_EDGE('',*,*,#6109,.T.);
#6111=EDGE_LOOP('',(#6071,#6073,#6075,#6077,#6078,#6080,#6082,#6084,#6086,#6088,
#6089,#6090,#6092,#6094,#6096,#6098,#6100,#6102,#6104,#6106,#6108,#6110));
#6112=FACE_OUTER_BOUND('',#6111,.F.);
#6113=ORIENTED_EDGE('',*,*,#5960,.F.);
#6114=ORIENTED_EDGE('',*,*,#5975,.F.);
#6115=ORIENTED_EDGE('',*,*,#5989,.F.);
#6116=ORIENTED_EDGE('',*,*,#6004,.F.);
#6117=ORIENTED_EDGE('',*,*,#6018,.F.);
#6118=ORIENTED_EDGE('',*,*,#6032,.F.);
#6119=ORIENTED_EDGE('',*,*,#6046,.F.);
#6120=ORIENTED_EDGE('',*,*,#6059,.T.);
#6121=EDGE_LOOP('',(#6113,#6114,#6115,#6116,#6117,#6118,#6119,#6120));
#6122=FACE_BOUND('',#6121,.F.);
#6123=ADVANCED_FACE('',(#6112,#6122),#6069,.F.);
#6124=CARTESIAN_POINT('',(6.55E0,1.894566627610E-1,-4.4E0));
#6125=DIRECTION('',(-1.E0,0.E0,0.E0));
#6126=DIRECTION('',(0.E0,1.E0,0.E0));
#6127=AXIS2_PLACEMENT_3D('',#6124,#6125,#6126);
#6128=PLANE('',#6127);
#6129=ORIENTED_EDGE('',*,*,#5891,.F.);
#6131=ORIENTED_EDGE('',*,*,#6130,.T.);
#6132=ORIENTED_EDGE('',*,*,#6070,.T.);
#6134=ORIENTED_EDGE('',*,*,#6133,.F.);
#6135=EDGE_LOOP('',(#6129,#6131,#6132,#6134));
#6136=FACE_OUTER_BOUND('',#6135,.F.);
#6137=ADVANCED_FACE('',(#6136),#6128,.F.);
#6138=CARTESIAN_POINT('',(6.65E0,1.894566627610E-1,-4.4E0));
#6139=DIRECTION('',(0.E0,-1.E0,0.E0));
#6140=DIRECTION('',(-1.E0,0.E0,0.E0));
#6141=AXIS2_PLACEMENT_3D('',#6138,#6139,#6140);
#6142=PLANE('',#6141);
#6143=ORIENTED_EDGE('',*,*,#5889,.F.);
#6145=ORIENTED_EDGE('',*,*,#6144,.T.);
#6146=ORIENTED_EDGE('',*,*,#6072,.T.);
#6147=ORIENTED_EDGE('',*,*,#6130,.F.);
#6148=EDGE_LOOP('',(#6143,#6145,#6146,#6147));
#6149=FACE_OUTER_BOUND('',#6148,.F.);
#6150=ADVANCED_FACE('',(#6149),#6142,.F.);
#6151=CARTESIAN_POINT('',(6.65E0,7.E-1,-4.4E0));
#6152=DIRECTION('',(1.E0,0.E0,0.E0));
#6153=DIRECTION('',(0.E0,-1.E0,0.E0));
#6154=AXIS2_PLACEMENT_3D('',#6151,#6152,#6153);
#6155=PLANE('',#6154);
#6156=ORIENTED_EDGE('',*,*,#5887,.F.);
#6158=ORIENTED_EDGE('',*,*,#6157,.T.);
#6159=ORIENTED_EDGE('',*,*,#6074,.T.);
#6160=ORIENTED_EDGE('',*,*,#6144,.F.);
#6161=EDGE_LOOP('',(#6156,#6158,#6159,#6160));
#6162=FACE_OUTER_BOUND('',#6161,.F.);
#6163=ADVANCED_FACE('',(#6162),#6155,.F.);
#6164=CARTESIAN_POINT('',(6.45E0,7.E-1,-4.4E0));
#6165=DIRECTION('',(0.E0,0.E0,-1.E0));
#6166=DIRECTION('',(1.E0,0.E0,0.E0));
#6167=AXIS2_PLACEMENT_3D('',#6164,#6165,#6166);
#6168=CYLINDRICAL_SURFACE('',#6167,2.E-1);
#6169=ORIENTED_EDGE('',*,*,#5885,.F.);
#6170=ORIENTED_EDGE('',*,*,#5848,.T.);
#6171=ORIENTED_EDGE('',*,*,#6076,.T.);
#6172=ORIENTED_EDGE('',*,*,#6157,.F.);
#6173=EDGE_LOOP('',(#6169,#6170,#6171,#6172));
#6174=FACE_OUTER_BOUND('',#6173,.F.);
#6175=ADVANCED_FACE('',(#6174),#6168,.F.);
#6176=CARTESIAN_POINT('',(6.45E0,7.E-1,-4.4E0));
#6177=DIRECTION('',(0.E0,0.E0,-1.E0));
#6178=DIRECTION('',(1.E0,0.E0,0.E0));
#6179=AXIS2_PLACEMENT_3D('',#6176,#6177,#6178);
#6180=CYLINDRICAL_SURFACE('',#6179,1.E-1);
#6181=ORIENTED_EDGE('',*,*,#5893,.T.);
#6182=ORIENTED_EDGE('',*,*,#6133,.T.);
#6183=ORIENTED_EDGE('',*,*,#6109,.F.);
#6185=ORIENTED_EDGE('',*,*,#6184,.F.);
#6186=EDGE_LOOP('',(#6181,#6182,#6183,#6185));
#6187=FACE_OUTER_BOUND('',#6186,.F.);
#6188=ADVANCED_FACE('',(#6187),#6180,.T.);
#6189=CARTESIAN_POINT('',(6.45E0,8.E-1,-4.4E0));
#6190=DIRECTION('',(0.E0,-1.E0,0.E0));
#6191=DIRECTION('',(-1.E0,0.E0,0.E0));
#6192=AXIS2_PLACEMENT_3D('',#6189,#6190,#6191);
#6193=PLANE('',#6192);
#6194=ORIENTED_EDGE('',*,*,#5895,.F.);
#6195=ORIENTED_EDGE('',*,*,#6184,.T.);
#6196=ORIENTED_EDGE('',*,*,#6107,.T.);
#6198=ORIENTED_EDGE('',*,*,#6197,.T.);
#6200=ORIENTED_EDGE('',*,*,#6199,.T.);
#6201=ORIENTED_EDGE('',*,*,#5818,.T.);
#6202=EDGE_LOOP('',(#6194,#6195,#6196,#6198,#6200,#6201));
#6203=FACE_OUTER_BOUND('',#6202,.F.);
#6204=ADVANCED_FACE('',(#6203),#6193,.F.);
#6205=CARTESIAN_POINT('',(4.85E0,1.E0,-1.2E0));
#6206=DIRECTION('',(1.E0,0.E0,0.E0));
#6207=DIRECTION('',(0.E0,0.E0,-1.E0));
#6208=AXIS2_PLACEMENT_3D('',#6205,#6206,#6207);
#6209=PLANE('',#6208);
#6210=ORIENTED_EDGE('',*,*,#6197,.F.);
#6211=ORIENTED_EDGE('',*,*,#6105,.T.);
#6213=ORIENTED_EDGE('',*,*,#6212,.T.);
#6215=ORIENTED_EDGE('',*,*,#6214,.F.);
#6217=ORIENTED_EDGE('',*,*,#6216,.T.);
#6219=ORIENTED_EDGE('',*,*,#6218,.F.);
#6220=EDGE_LOOP('',(#6210,#6211,#6213,#6215,#6217,#6219));
#6221=FACE_OUTER_BOUND('',#6220,.F.);
#6222=ADVANCED_FACE('',(#6221),#6209,.F.);
#6223=CARTESIAN_POINT('',(4.85E0,1.E0,-1.2E0));
#6224=DIRECTION('',(1.E0,0.E0,0.E0));
#6225=DIRECTION('',(0.E0,0.E0,-1.E0));
#6226=AXIS2_PLACEMENT_3D('',#6223,#6224,#6225);
#6227=PLANE('',#6226);
#6228=ORIENTED_EDGE('',*,*,#5844,.T.);
#6230=ORIENTED_EDGE('',*,*,#6229,.F.);
#6232=ORIENTED_EDGE('',*,*,#6231,.F.);
#6233=ORIENTED_EDGE('',*,*,#6079,.T.);
#6234=EDGE_LOOP('',(#6228,#6230,#6232,#6233));
#6235=FACE_OUTER_BOUND('',#6234,.F.);
#6236=ADVANCED_FACE('',(#6235),#6227,.F.);
#6237=CARTESIAN_POINT('',(0.E0,5.E-1,0.E0));
#6238=DIRECTION('',(0.E0,1.E0,0.E0));
#6239=DIRECTION('',(0.E0,0.E0,-1.E0));
#6240=AXIS2_PLACEMENT_3D('',#6237,#6238,#6239);
#6241=PLANE('',#6240);
#6242=ORIENTED_EDGE('',*,*,#5826,.T.);
#6244=ORIENTED_EDGE('',*,*,#6243,.F.);
#6245=ORIENTED_EDGE('',*,*,#6212,.F.);
#6246=ORIENTED_EDGE('',*,*,#6103,.T.);
#6248=ORIENTED_EDGE('',*,*,#6247,.F.);
#6249=ORIENTED_EDGE('',*,*,#5565,.T.);
#6250=EDGE_LOOP('',(#6242,#6244,#6245,#6246,#6248,#6249));
#6251=FACE_OUTER_BOUND('',#6250,.F.);
#6252=ADVANCED_FACE('',(#6251),#6241,.T.);
#6253=CARTESIAN_POINT('',(0.E0,5.E-1,0.E0));
#6254=DIRECTION('',(0.E0,1.E0,0.E0));
#6255=DIRECTION('',(0.E0,0.E0,-1.E0));
#6256=AXIS2_PLACEMENT_3D('',#6253,#6254,#6255);
#6257=PLANE('',#6256);
#6259=ORIENTED_EDGE('',*,*,#6258,.T.);
#6260=ORIENTED_EDGE('',*,*,#5573,.T.);
#6262=ORIENTED_EDGE('',*,*,#6261,.F.);
#6263=ORIENTED_EDGE('',*,*,#6095,.F.);
#6265=ORIENTED_EDGE('',*,*,#6264,.T.);
#6266=ORIENTED_EDGE('',*,*,#5528,.F.);
#6268=ORIENTED_EDGE('',*,*,#6267,.F.);
#6270=ORIENTED_EDGE('',*,*,#6269,.F.);
#6271=EDGE_LOOP('',(#6259,#6260,#6262,#6263,#6265,#6266,#6268,#6270));
#6272=FACE_OUTER_BOUND('',#6271,.F.);
#6273=ADVANCED_FACE('',(#6272),#6257,.T.);
#6274=CARTESIAN_POINT('',(4.85E0,1.E0,-4.15E0));
#6275=DIRECTION('',(0.E0,0.E0,-1.E0));
#6276=DIRECTION('',(-1.E0,0.E0,0.E0));
#6277=AXIS2_PLACEMENT_3D('',#6274,#6275,#6276);
#6278=PLANE('',#6277);
#6279=ORIENTED_EDGE('',*,*,#5824,.T.);
#6281=ORIENTED_EDGE('',*,*,#6280,.F.);
#6282=ORIENTED_EDGE('',*,*,#6214,.T.);
#6283=ORIENTED_EDGE('',*,*,#6243,.T.);
#6284=EDGE_LOOP('',(#6279,#6281,#6282,#6283));
#6285=FACE_OUTER_BOUND('',#6284,.F.);
#6286=ADVANCED_FACE('',(#6285),#6278,.F.);
#6287=CARTESIAN_POINT('',(4.85E0,1.E0,-4.15E0));
#6288=DIRECTION('',(0.E0,0.E0,-1.E0));
#6289=DIRECTION('',(-1.E0,0.E0,0.E0));
#6290=AXIS2_PLACEMENT_3D('',#6287,#6288,#6289);
#6291=PLANE('',#6290);
#6293=ORIENTED_EDGE('',*,*,#6292,.F.);
#6294=ORIENTED_EDGE('',*,*,#6269,.T.);
#6296=ORIENTED_EDGE('',*,*,#6295,.F.);
#6298=ORIENTED_EDGE('',*,*,#6297,.F.);
#6299=EDGE_LOOP('',(#6293,#6294,#6296,#6298));
#6300=FACE_OUTER_BOUND('',#6299,.F.);
#6301=ADVANCED_FACE('',(#6300),#6291,.F.);
#6302=CARTESIAN_POINT('',(-8.25E0,6.8E-1,-4.4E0));
#6303=DIRECTION('',(0.E0,1.E0,0.E0));
#6304=DIRECTION('',(0.E0,0.E0,1.E0));
#6305=AXIS2_PLACEMENT_3D('',#6302,#6303,#6304);
#6306=PLANE('',#6305);
#6307=ORIENTED_EDGE('',*,*,#6280,.T.);
#6308=ORIENTED_EDGE('',*,*,#5822,.F.);
#6310=ORIENTED_EDGE('',*,*,#6309,.F.);
#6311=ORIENTED_EDGE('',*,*,#6216,.F.);
#6312=EDGE_LOOP('',(#6307,#6308,#6310,#6311));
#6313=FACE_OUTER_BOUND('',#6312,.F.);
#6314=ADVANCED_FACE('',(#6313),#6306,.F.);
#6315=CARTESIAN_POINT('',(-8.25E0,6.8E-1,-4.4E0));
#6316=DIRECTION('',(0.E0,1.E0,0.E0));
#6317=DIRECTION('',(0.E0,0.E0,1.E0));
#6318=AXIS2_PLACEMENT_3D('',#6315,#6316,#6317);
#6319=PLANE('',#6318);
#6320=ORIENTED_EDGE('',*,*,#6297,.T.);
#6322=ORIENTED_EDGE('',*,*,#6321,.T.);
#6324=ORIENTED_EDGE('',*,*,#6323,.F.);
#6326=ORIENTED_EDGE('',*,*,#6325,.F.);
#6327=EDGE_LOOP('',(#6320,#6322,#6324,#6326));
#6328=FACE_OUTER_BOUND('',#6327,.F.);
#6329=ADVANCED_FACE('',(#6328),#6319,.F.);
#6330=CARTESIAN_POINT('',(6.75E0,1.E0,-4.1E0));
#6331=DIRECTION('',(0.E0,0.E0,-1.E0));
#6332=DIRECTION('',(-1.E0,0.E0,0.E0));
#6333=AXIS2_PLACEMENT_3D('',#6330,#6331,#6332);
#6334=PLANE('',#6333);
#6335=ORIENTED_EDGE('',*,*,#6199,.F.);
#6336=ORIENTED_EDGE('',*,*,#6218,.T.);
#6337=ORIENTED_EDGE('',*,*,#6309,.T.);
#6338=ORIENTED_EDGE('',*,*,#5820,.F.);
#6339=EDGE_LOOP('',(#6335,#6336,#6337,#6338));
#6340=FACE_OUTER_BOUND('',#6339,.F.);
#6341=ADVANCED_FACE('',(#6340),#6334,.F.);
#6342=CARTESIAN_POINT('',(6.75E0,1.E0,-4.1E0));
#6343=DIRECTION('',(0.E0,0.E0,-1.E0));
#6344=DIRECTION('',(-1.E0,0.E0,0.E0));
#6345=AXIS2_PLACEMENT_3D('',#6342,#6343,#6344);
#6346=PLANE('',#6345);
#6347=ORIENTED_EDGE('',*,*,#5842,.T.);
#6348=ORIENTED_EDGE('',*,*,#5792,.F.);
#6350=ORIENTED_EDGE('',*,*,#6349,.F.);
#6351=ORIENTED_EDGE('',*,*,#6229,.T.);
#6352=EDGE_LOOP('',(#6347,#6348,#6350,#6351));
#6353=FACE_OUTER_BOUND('',#6352,.F.);
#6354=ADVANCED_FACE('',(#6353),#6346,.F.);
#6355=CARTESIAN_POINT('',(0.E0,1.E0,0.E0));
#6356=DIRECTION('',(0.E0,1.E0,0.E0));
#6357=DIRECTION('',(1.E0,0.E0,0.E0));
#6358=AXIS2_PLACEMENT_3D('',#6355,#6356,#6357);
#6359=PLANE('',#6358);
#6361=ORIENTED_EDGE('',*,*,#6360,.F.);
#6362=ORIENTED_EDGE('',*,*,#5923,.T.);
#6364=ORIENTED_EDGE('',*,*,#6363,.T.);
#6366=ORIENTED_EDGE('',*,*,#6365,.T.);
#6368=ORIENTED_EDGE('',*,*,#6367,.T.);
#6369=ORIENTED_EDGE('',*,*,#5538,.F.);
#6371=ORIENTED_EDGE('',*,*,#6370,.F.);
#6373=ORIENTED_EDGE('',*,*,#6372,.F.);
#6375=ORIENTED_EDGE('',*,*,#6374,.F.);
#6377=ORIENTED_EDGE('',*,*,#6376,.F.);
#6378=EDGE_LOOP('',(#6361,#6362,#6364,#6366,#6368,#6369,#6371,#6373,#6375,
#6377));
#6379=FACE_OUTER_BOUND('',#6378,.F.);
#6380=ADVANCED_FACE('',(#6379),#6359,.T.);
#6381=CARTESIAN_POINT('',(0.E0,1.E0,0.E0));
#6382=DIRECTION('',(0.E0,1.E0,0.E0));
#6383=DIRECTION('',(1.E0,0.E0,0.E0));
#6384=AXIS2_PLACEMENT_3D('',#6381,#6382,#6383);
#6385=PLANE('',#6384);
#6387=ORIENTED_EDGE('',*,*,#6386,.F.);
#6388=ORIENTED_EDGE('',*,*,#6081,.T.);
#6389=ORIENTED_EDGE('',*,*,#6231,.T.);
#6390=ORIENTED_EDGE('',*,*,#6349,.T.);
#6391=ORIENTED_EDGE('',*,*,#5790,.T.);
#6392=ORIENTED_EDGE('',*,*,#5881,.T.);
#6393=EDGE_LOOP('',(#6387,#6388,#6389,#6390,#6391,#6392));
#6394=FACE_OUTER_BOUND('',#6393,.F.);
#6395=ADVANCED_FACE('',(#6394),#6385,.T.);
#6396=CARTESIAN_POINT('',(0.E0,1.E0,0.E0));
#6397=DIRECTION('',(0.E0,1.E0,0.E0));
#6398=DIRECTION('',(1.E0,0.E0,0.E0));
#6399=AXIS2_PLACEMENT_3D('',#6396,#6397,#6398);
#6400=PLANE('',#6399);
#6401=ORIENTED_EDGE('',*,*,#5569,.T.);
#6403=ORIENTED_EDGE('',*,*,#6402,.T.);
#6404=ORIENTED_EDGE('',*,*,#6099,.F.);
#6406=ORIENTED_EDGE('',*,*,#6405,.T.);
#6407=EDGE_LOOP('',(#6401,#6403,#6404,#6406));
#6408=FACE_OUTER_BOUND('',#6407,.F.);
#6409=ADVANCED_FACE('',(#6408),#6400,.T.);
#6410=CARTESIAN_POINT('',(-6.45E0,7.E-1,-1.013584E1));
#6411=DIRECTION('',(0.E0,0.E0,1.E0));
#6412=DIRECTION('',(0.E0,1.E0,0.E0));
#6413=AXIS2_PLACEMENT_3D('',#6410,#6411,#6412);
#6414=CYLINDRICAL_SURFACE('',#6413,3.E-1);
#6416=ORIENTED_EDGE('',*,*,#6415,.T.);
#6417=ORIENTED_EDGE('',*,*,#5925,.T.);
#6418=ORIENTED_EDGE('',*,*,#6360,.T.);
#6420=ORIENTED_EDGE('',*,*,#6419,.T.);
#6421=EDGE_LOOP('',(#6416,#6417,#6418,#6420));
#6422=FACE_OUTER_BOUND('',#6421,.F.);
#6423=ADVANCED_FACE('',(#6422),#6414,.T.);
#6424=CARTESIAN_POINT('',(-6.75E0,-1.E0,-4.4E0));
#6425=DIRECTION('',(-1.E0,0.E0,0.E0));
#6426=DIRECTION('',(0.E0,0.E0,1.E0));
#6427=AXIS2_PLACEMENT_3D('',#6424,#6425,#6426);
#6428=PLANE('',#6427);
#6429=ORIENTED_EDGE('',*,*,#6415,.F.);
#6431=ORIENTED_EDGE('',*,*,#6430,.F.);
#6433=ORIENTED_EDGE('',*,*,#6432,.F.);
#6434=ORIENTED_EDGE('',*,*,#5927,.F.);
#6435=EDGE_LOOP('',(#6429,#6431,#6433,#6434));
#6436=FACE_OUTER_BOUND('',#6435,.F.);
#6437=ADVANCED_FACE('',(#6436),#6428,.T.);
#6438=CARTESIAN_POINT('',(-6.75E0,-1.E0,-1.2E0));
#6439=DIRECTION('',(0.E0,0.E0,-1.E0));
#6440=DIRECTION('',(-1.E0,0.E0,0.E0));
#6441=AXIS2_PLACEMENT_3D('',#6438,#6439,#6440);
#6442=PLANE('',#6441);
#6443=ORIENTED_EDGE('',*,*,#6430,.T.);
#6444=ORIENTED_EDGE('',*,*,#6419,.F.);
#6445=ORIENTED_EDGE('',*,*,#6376,.T.);
#6447=ORIENTED_EDGE('',*,*,#6446,.F.);
#6448=ORIENTED_EDGE('',*,*,#5404,.T.);
#6450=ORIENTED_EDGE('',*,*,#6449,.F.);
#6451=EDGE_LOOP('',(#6443,#6444,#6445,#6447,#6448,#6450));
#6452=FACE_OUTER_BOUND('',#6451,.F.);
#6453=ADVANCED_FACE('',(#6452),#6442,.T.);
#6454=CARTESIAN_POINT('',(-7.3E0,-1.E0,-1.2E0));
#6455=DIRECTION('',(-1.E0,0.E0,0.E0));
#6456=DIRECTION('',(0.E0,0.E0,1.E0));
#6457=AXIS2_PLACEMENT_3D('',#6454,#6455,#6456);
#6458=PLANE('',#6457);
#6459=ORIENTED_EDGE('',*,*,#5406,.F.);
#6460=ORIENTED_EDGE('',*,*,#6446,.T.);
#6461=ORIENTED_EDGE('',*,*,#6374,.T.);
#6463=ORIENTED_EDGE('',*,*,#6462,.F.);
#6464=EDGE_LOOP('',(#6459,#6460,#6461,#6463));
#6465=FACE_OUTER_BOUND('',#6464,.F.);
#6466=ADVANCED_FACE('',(#6465),#6458,.T.);
#6467=CARTESIAN_POINT('',(-7.3E0,-1.E0,0.E0));
#6468=DIRECTION('',(0.E0,0.E0,1.E0));
#6469=DIRECTION('',(1.E0,0.E0,0.E0));
#6470=AXIS2_PLACEMENT_3D('',#6467,#6468,#6469);
#6471=PLANE('',#6470);
#6472=ORIENTED_EDGE('',*,*,#5460,.F.);
#6474=ORIENTED_EDGE('',*,*,#6473,.T.);
#6476=ORIENTED_EDGE('',*,*,#6475,.F.);
#6477=ORIENTED_EDGE('',*,*,#5408,.F.);
#6478=ORIENTED_EDGE('',*,*,#6462,.T.);
#6479=ORIENTED_EDGE('',*,*,#6372,.T.);
#6481=ORIENTED_EDGE('',*,*,#6480,.F.);
#6482=ORIENTED_EDGE('',*,*,#5382,.F.);
#6483=EDGE_LOOP('',(#6472,#6474,#6476,#6477,#6478,#6479,#6481,#6482));
#6484=FACE_OUTER_BOUND('',#6483,.F.);
#6485=ADVANCED_FACE('',(#6484),#6471,.T.);
#6486=CARTESIAN_POINT('',(4.8E0,-1.685886316883E-1,0.E0));
#6487=DIRECTION('',(0.E0,1.E0,0.E0));
#6488=DIRECTION('',(-1.E0,0.E0,0.E0));
#6489=AXIS2_PLACEMENT_3D('',#6486,#6487,#6488);
#6490=PLANE('',#6489);
#6491=ORIENTED_EDGE('',*,*,#6473,.F.);
#6492=ORIENTED_EDGE('',*,*,#5458,.T.);
#6493=ORIENTED_EDGE('',*,*,#5532,.F.);
#6495=ORIENTED_EDGE('',*,*,#6494,.T.);
#6497=ORIENTED_EDGE('',*,*,#6496,.F.);
#6498=EDGE_LOOP('',(#6491,#6492,#6493,#6495,#6497));
#6499=FACE_OUTER_BOUND('',#6498,.F.);
#6500=ADVANCED_FACE('',(#6499),#6490,.F.);
#6501=CARTESIAN_POINT('',(-6.75E0,-1.E0,-1.2E0));
#6502=DIRECTION('',(0.E0,0.E0,-1.E0));
#6503=DIRECTION('',(-1.E0,0.E0,0.E0));
#6504=AXIS2_PLACEMENT_3D('',#6501,#6502,#6503);
#6505=PLANE('',#6504);
#6507=ORIENTED_EDGE('',*,*,#6506,.T.);
#6509=ORIENTED_EDGE('',*,*,#6508,.T.);
#6511=ORIENTED_EDGE('',*,*,#6510,.F.);
#6513=ORIENTED_EDGE('',*,*,#6512,.F.);
#6515=ORIENTED_EDGE('',*,*,#6514,.F.);
#6517=ORIENTED_EDGE('',*,*,#6516,.T.);
#6519=ORIENTED_EDGE('',*,*,#6518,.F.);
#6520=ORIENTED_EDGE('',*,*,#6494,.F.);
#6522=ORIENTED_EDGE('',*,*,#6521,.F.);
#6524=ORIENTED_EDGE('',*,*,#6523,.F.);
#6526=ORIENTED_EDGE('',*,*,#6525,.T.);
#6528=ORIENTED_EDGE('',*,*,#6527,.T.);
#6530=ORIENTED_EDGE('',*,*,#6529,.F.);
#6532=ORIENTED_EDGE('',*,*,#6531,.F.);
#6534=ORIENTED_EDGE('',*,*,#6533,.T.);
#6536=ORIENTED_EDGE('',*,*,#6535,.T.);
#6538=ORIENTED_EDGE('',*,*,#6537,.F.);
#6540=ORIENTED_EDGE('',*,*,#6539,.F.);
#6542=ORIENTED_EDGE('',*,*,#6541,.T.);
#6544=ORIENTED_EDGE('',*,*,#6543,.T.);
#6546=ORIENTED_EDGE('',*,*,#6545,.F.);
#6548=ORIENTED_EDGE('',*,*,#6547,.F.);
#6550=ORIENTED_EDGE('',*,*,#6549,.T.);
#6552=ORIENTED_EDGE('',*,*,#6551,.T.);
#6554=ORIENTED_EDGE('',*,*,#6553,.F.);
#6556=ORIENTED_EDGE('',*,*,#6555,.F.);
#6558=ORIENTED_EDGE('',*,*,#6557,.T.);
#6560=ORIENTED_EDGE('',*,*,#6559,.T.);
#6562=ORIENTED_EDGE('',*,*,#6561,.F.);
#6564=ORIENTED_EDGE('',*,*,#6563,.F.);
#6566=ORIENTED_EDGE('',*,*,#6565,.T.);
#6568=ORIENTED_EDGE('',*,*,#6567,.T.);
#6570=ORIENTED_EDGE('',*,*,#6569,.F.);
#6572=ORIENTED_EDGE('',*,*,#6571,.F.);
#6574=ORIENTED_EDGE('',*,*,#6573,.T.);
#6576=ORIENTED_EDGE('',*,*,#6575,.T.);
#6578=ORIENTED_EDGE('',*,*,#6577,.F.);
#6580=ORIENTED_EDGE('',*,*,#6579,.F.);
#6582=ORIENTED_EDGE('',*,*,#6581,.T.);
#6584=ORIENTED_EDGE('',*,*,#6583,.T.);
#6586=ORIENTED_EDGE('',*,*,#6585,.F.);
#6588=ORIENTED_EDGE('',*,*,#6587,.F.);
#6590=ORIENTED_EDGE('',*,*,#6589,.T.);
#6592=ORIENTED_EDGE('',*,*,#6591,.T.);
#6594=ORIENTED_EDGE('',*,*,#6593,.F.);
#6596=ORIENTED_EDGE('',*,*,#6595,.F.);
#6598=ORIENTED_EDGE('',*,*,#6597,.T.);
#6600=ORIENTED_EDGE('',*,*,#6599,.T.);
#6602=ORIENTED_EDGE('',*,*,#6601,.F.);
#6604=ORIENTED_EDGE('',*,*,#6603,.F.);
#6606=ORIENTED_EDGE('',*,*,#6605,.T.);
#6608=ORIENTED_EDGE('',*,*,#6607,.T.);
#6610=ORIENTED_EDGE('',*,*,#6609,.F.);
#6612=ORIENTED_EDGE('',*,*,#6611,.F.);
#6614=ORIENTED_EDGE('',*,*,#6613,.T.);
#6616=ORIENTED_EDGE('',*,*,#6615,.T.);
#6618=ORIENTED_EDGE('',*,*,#6617,.F.);
#6620=ORIENTED_EDGE('',*,*,#6619,.F.);
#6622=ORIENTED_EDGE('',*,*,#6621,.T.);
#6624=ORIENTED_EDGE('',*,*,#6623,.T.);
#6626=ORIENTED_EDGE('',*,*,#6625,.F.);
#6628=ORIENTED_EDGE('',*,*,#6627,.F.);
#6630=ORIENTED_EDGE('',*,*,#6629,.T.);
#6632=ORIENTED_EDGE('',*,*,#6631,.T.);
#6634=ORIENTED_EDGE('',*,*,#6633,.F.);
#6636=ORIENTED_EDGE('',*,*,#6635,.F.);
#6638=ORIENTED_EDGE('',*,*,#6637,.T.);
#6640=ORIENTED_EDGE('',*,*,#6639,.T.);
#6642=ORIENTED_EDGE('',*,*,#6641,.F.);
#6644=ORIENTED_EDGE('',*,*,#6643,.F.);
#6646=ORIENTED_EDGE('',*,*,#6645,.T.);
#6648=ORIENTED_EDGE('',*,*,#6647,.T.);
#6650=ORIENTED_EDGE('',*,*,#6649,.F.);
#6652=ORIENTED_EDGE('',*,*,#6651,.F.);
#6654=ORIENTED_EDGE('',*,*,#6653,.T.);
#6656=ORIENTED_EDGE('',*,*,#6655,.T.);
#6658=ORIENTED_EDGE('',*,*,#6657,.F.);
#6660=ORIENTED_EDGE('',*,*,#6659,.F.);
#6661=EDGE_LOOP('',(#6507,#6509,#6511,#6513,#6515,#6517,#6519,#6520,#6522,#6524,
#6526,#6528,#6530,#6532,#6534,#6536,#6538,#6540,#6542,#6544,#6546,#6548,#6550,
#6552,#6554,#6556,#6558,#6560,#6562,#6564,#6566,#6568,#6570,#6572,#6574,#6576,
#6578,#6580,#6582,#6584,#6586,#6588,#6590,#6592,#6594,#6596,#6598,#6600,#6602,
#6604,#6606,#6608,#6610,#6612,#6614,#6616,#6618,#6620,#6622,#6624,#6626,#6628,
#6630,#6632,#6634,#6636,#6638,#6640,#6642,#6644,#6646,#6648,#6650,#6652,#6654,
#6656,#6658,#6660));
#6662=FACE_OUTER_BOUND('',#6661,.F.);
#6663=ADVANCED_FACE('',(#6662),#6505,.F.);
#6664=CARTESIAN_POINT('',(-4.15E0,0.E0,0.E0));
#6665=DIRECTION('',(-1.E0,0.E0,0.E0));
#6666=DIRECTION('',(0.E0,1.E0,0.E0));
#6667=AXIS2_PLACEMENT_3D('',#6664,#6665,#6666);
#6668=PLANE('',#6667);
#6669=ORIENTED_EDGE('',*,*,#6506,.F.);
#6671=ORIENTED_EDGE('',*,*,#6670,.T.);
#6673=ORIENTED_EDGE('',*,*,#6672,.T.);
#6675=ORIENTED_EDGE('',*,*,#6674,.T.);
#6676=EDGE_LOOP('',(#6669,#6671,#6673,#6675));
#6677=FACE_OUTER_BOUND('',#6676,.F.);
#6678=ADVANCED_FACE('',(#6677),#6668,.F.);
#6679=CARTESIAN_POINT('',(-4.8E0,-6.201223561365E-1,0.E0));
#6680=DIRECTION('',(0.E0,-1.E0,0.E0));
#6681=DIRECTION('',(1.E0,0.E0,0.E0));
#6682=AXIS2_PLACEMENT_3D('',#6679,#6680,#6681);
#6683=PLANE('',#6682);
#6685=ORIENTED_EDGE('',*,*,#6684,.T.);
#6687=ORIENTED_EDGE('',*,*,#6686,.T.);
#6689=ORIENTED_EDGE('',*,*,#6688,.F.);
#6690=ORIENTED_EDGE('',*,*,#6587,.T.);
#6691=EDGE_LOOP('',(#6685,#6687,#6689,#6690));
#6692=FACE_OUTER_BOUND('',#6691,.F.);
#6693=ADVANCED_FACE('',(#6692),#6683,.F.);
#6694=CARTESIAN_POINT('',(-4.8E0,-6.201223561365E-1,0.E0));
#6695=DIRECTION('',(0.E0,-1.E0,0.E0));
#6696=DIRECTION('',(1.E0,0.E0,0.E0));
#6697=AXIS2_PLACEMENT_3D('',#6694,#6695,#6696);
#6698=PLANE('',#6697);
#6700=ORIENTED_EDGE('',*,*,#6699,.T.);
#6702=ORIENTED_EDGE('',*,*,#6701,.T.);
#6704=ORIENTED_EDGE('',*,*,#6703,.F.);
#6705=ORIENTED_EDGE('',*,*,#6579,.T.);
#6706=EDGE_LOOP('',(#6700,#6702,#6704,#6705));
#6707=FACE_OUTER_BOUND('',#6706,.F.);
#6708=ADVANCED_FACE('',(#6707),#6698,.F.);
#6709=CARTESIAN_POINT('',(-4.8E0,-6.201223561365E-1,0.E0));
#6710=DIRECTION('',(0.E0,-1.E0,0.E0));
#6711=DIRECTION('',(1.E0,0.E0,0.E0));
#6712=AXIS2_PLACEMENT_3D('',#6709,#6710,#6711);
#6713=PLANE('',#6712);
#6715=ORIENTED_EDGE('',*,*,#6714,.T.);
#6717=ORIENTED_EDGE('',*,*,#6716,.T.);
#6719=ORIENTED_EDGE('',*,*,#6718,.F.);
#6720=ORIENTED_EDGE('',*,*,#6571,.T.);
#6721=EDGE_LOOP('',(#6715,#6717,#6719,#6720));
#6722=FACE_OUTER_BOUND('',#6721,.F.);
#6723=ADVANCED_FACE('',(#6722),#6713,.F.);
#6724=CARTESIAN_POINT('',(-4.8E0,-6.201223561365E-1,0.E0));
#6725=DIRECTION('',(0.E0,-1.E0,0.E0));
#6726=DIRECTION('',(1.E0,0.E0,0.E0));
#6727=AXIS2_PLACEMENT_3D('',#6724,#6725,#6726);
#6728=PLANE('',#6727);
#6730=ORIENTED_EDGE('',*,*,#6729,.T.);
#6732=ORIENTED_EDGE('',*,*,#6731,.T.);
#6734=ORIENTED_EDGE('',*,*,#6733,.F.);
#6735=ORIENTED_EDGE('',*,*,#6563,.T.);
#6736=EDGE_LOOP('',(#6730,#6732,#6734,#6735));
#6737=FACE_OUTER_BOUND('',#6736,.F.);
#6738=ADVANCED_FACE('',(#6737),#6728,.F.);
#6739=CARTESIAN_POINT('',(-4.8E0,-6.201223561365E-1,0.E0));
#6740=DIRECTION('',(0.E0,-1.E0,0.E0));
#6741=DIRECTION('',(1.E0,0.E0,0.E0));
#6742=AXIS2_PLACEMENT_3D('',#6739,#6740,#6741);
#6743=PLANE('',#6742);
#6745=ORIENTED_EDGE('',*,*,#6744,.T.);
#6747=ORIENTED_EDGE('',*,*,#6746,.T.);
#6749=ORIENTED_EDGE('',*,*,#6748,.F.);
#6750=ORIENTED_EDGE('',*,*,#6555,.T.);
#6751=EDGE_LOOP('',(#6745,#6747,#6749,#6750));
#6752=FACE_OUTER_BOUND('',#6751,.F.);
#6753=ADVANCED_FACE('',(#6752),#6743,.F.);
#6754=CARTESIAN_POINT('',(-4.8E0,-6.201223561365E-1,0.E0));
#6755=DIRECTION('',(0.E0,-1.E0,0.E0));
#6756=DIRECTION('',(1.E0,0.E0,0.E0));
#6757=AXIS2_PLACEMENT_3D('',#6754,#6755,#6756);
#6758=PLANE('',#6757);
#6760=ORIENTED_EDGE('',*,*,#6759,.T.);
#6762=ORIENTED_EDGE('',*,*,#6761,.T.);
#6764=ORIENTED_EDGE('',*,*,#6763,.F.);
#6765=ORIENTED_EDGE('',*,*,#6547,.T.);
#6766=EDGE_LOOP('',(#6760,#6762,#6764,#6765));
#6767=FACE_OUTER_BOUND('',#6766,.F.);
#6768=ADVANCED_FACE('',(#6767),#6758,.F.);
#6769=CARTESIAN_POINT('',(-4.8E0,-6.201223561365E-1,0.E0));
#6770=DIRECTION('',(0.E0,-1.E0,0.E0));
#6771=DIRECTION('',(1.E0,0.E0,0.E0));
#6772=AXIS2_PLACEMENT_3D('',#6769,#6770,#6771);
#6773=PLANE('',#6772);
#6775=ORIENTED_EDGE('',*,*,#6774,.T.);
#6777=ORIENTED_EDGE('',*,*,#6776,.T.);
#6779=ORIENTED_EDGE('',*,*,#6778,.F.);
#6780=ORIENTED_EDGE('',*,*,#6539,.T.);
#6781=EDGE_LOOP('',(#6775,#6777,#6779,#6780));
#6782=FACE_OUTER_BOUND('',#6781,.F.);
#6783=ADVANCED_FACE('',(#6782),#6773,.F.);
#6784=CARTESIAN_POINT('',(-4.8E0,-6.201223561365E-1,0.E0));
#6785=DIRECTION('',(0.E0,-1.E0,0.E0));
#6786=DIRECTION('',(1.E0,0.E0,0.E0));
#6787=AXIS2_PLACEMENT_3D('',#6784,#6785,#6786);
#6788=PLANE('',#6787);
#6790=ORIENTED_EDGE('',*,*,#6789,.F.);
#6791=ORIENTED_EDGE('',*,*,#6523,.T.);
#6793=ORIENTED_EDGE('',*,*,#6792,.F.);
#6795=ORIENTED_EDGE('',*,*,#6794,.T.);
#6796=EDGE_LOOP('',(#6790,#6791,#6793,#6795));
#6797=FACE_OUTER_BOUND('',#6796,.F.);
#6798=ADVANCED_FACE('',(#6797),#6788,.F.);
#6799=CARTESIAN_POINT('',(-4.8E0,-6.201223561365E-1,0.E0));
#6800=DIRECTION('',(0.E0,-1.E0,0.E0));
#6801=DIRECTION('',(1.E0,0.E0,0.E0));
#6802=AXIS2_PLACEMENT_3D('',#6799,#6800,#6801);
#6803=PLANE('',#6802);
#6805=ORIENTED_EDGE('',*,*,#6804,.T.);
#6807=ORIENTED_EDGE('',*,*,#6806,.T.);
#6809=ORIENTED_EDGE('',*,*,#6808,.F.);
#6810=ORIENTED_EDGE('',*,*,#6531,.T.);
#6811=EDGE_LOOP('',(#6805,#6807,#6809,#6810));
#6812=FACE_OUTER_BOUND('',#6811,.F.);
#6813=ADVANCED_FACE('',(#6812),#6803,.F.);
#6814=CARTESIAN_POINT('',(-4.8E0,-6.201223561365E-1,0.E0));
#6815=DIRECTION('',(0.E0,-1.E0,0.E0));
#6816=DIRECTION('',(1.E0,0.E0,0.E0));
#6817=AXIS2_PLACEMENT_3D('',#6814,#6815,#6816);
#6818=PLANE('',#6817);
#6820=ORIENTED_EDGE('',*,*,#6819,.F.);
#6821=ORIENTED_EDGE('',*,*,#6595,.T.);
#6823=ORIENTED_EDGE('',*,*,#6822,.T.);
#6825=ORIENTED_EDGE('',*,*,#6824,.T.);
#6826=EDGE_LOOP('',(#6820,#6821,#6823,#6825));
#6827=FACE_OUTER_BOUND('',#6826,.F.);
#6828=ADVANCED_FACE('',(#6827),#6818,.F.);
#6829=CARTESIAN_POINT('',(-4.8E0,-6.201223561365E-1,0.E0));
#6830=DIRECTION('',(0.E0,-1.E0,0.E0));
#6831=DIRECTION('',(1.E0,0.E0,0.E0));
#6832=AXIS2_PLACEMENT_3D('',#6829,#6830,#6831);
#6833=PLANE('',#6832);
#6835=ORIENTED_EDGE('',*,*,#6834,.F.);
#6836=ORIENTED_EDGE('',*,*,#6603,.T.);
#6838=ORIENTED_EDGE('',*,*,#6837,.T.);
#6840=ORIENTED_EDGE('',*,*,#6839,.T.);
#6841=EDGE_LOOP('',(#6835,#6836,#6838,#6840));
#6842=FACE_OUTER_BOUND('',#6841,.F.);
#6843=ADVANCED_FACE('',(#6842),#6833,.F.);
#6844=CARTESIAN_POINT('',(-4.8E0,-6.201223561365E-1,0.E0));
#6845=DIRECTION('',(0.E0,-1.E0,0.E0));
#6846=DIRECTION('',(1.E0,0.E0,0.E0));
#6847=AXIS2_PLACEMENT_3D('',#6844,#6845,#6846);
#6848=PLANE('',#6847);
#6850=ORIENTED_EDGE('',*,*,#6849,.F.);
#6851=ORIENTED_EDGE('',*,*,#6611,.T.);
#6853=ORIENTED_EDGE('',*,*,#6852,.T.);
#6855=ORIENTED_EDGE('',*,*,#6854,.T.);
#6856=EDGE_LOOP('',(#6850,#6851,#6853,#6855));
#6857=FACE_OUTER_BOUND('',#6856,.F.);
#6858=ADVANCED_FACE('',(#6857),#6848,.F.);
#6859=CARTESIAN_POINT('',(-4.8E0,-6.201223561365E-1,0.E0));
#6860=DIRECTION('',(0.E0,-1.E0,0.E0));
#6861=DIRECTION('',(1.E0,0.E0,0.E0));
#6862=AXIS2_PLACEMENT_3D('',#6859,#6860,#6861);
#6863=PLANE('',#6862);
#6865=ORIENTED_EDGE('',*,*,#6864,.F.);
#6866=ORIENTED_EDGE('',*,*,#6619,.T.);
#6868=ORIENTED_EDGE('',*,*,#6867,.T.);
#6870=ORIENTED_EDGE('',*,*,#6869,.T.);
#6871=EDGE_LOOP('',(#6865,#6866,#6868,#6870));
#6872=FACE_OUTER_BOUND('',#6871,.F.);
#6873=ADVANCED_FACE('',(#6872),#6863,.F.);
#6874=CARTESIAN_POINT('',(-4.8E0,-6.201223561365E-1,0.E0));
#6875=DIRECTION('',(0.E0,-1.E0,0.E0));
#6876=DIRECTION('',(1.E0,0.E0,0.E0));
#6877=AXIS2_PLACEMENT_3D('',#6874,#6875,#6876);
#6878=PLANE('',#6877);
#6880=ORIENTED_EDGE('',*,*,#6879,.F.);
#6881=ORIENTED_EDGE('',*,*,#6627,.T.);
#6883=ORIENTED_EDGE('',*,*,#6882,.T.);
#6885=ORIENTED_EDGE('',*,*,#6884,.T.);
#6886=EDGE_LOOP('',(#6880,#6881,#6883,#6885));
#6887=FACE_OUTER_BOUND('',#6886,.F.);
#6888=ADVANCED_FACE('',(#6887),#6878,.F.);
#6889=CARTESIAN_POINT('',(-4.8E0,-6.201223561365E-1,0.E0));
#6890=DIRECTION('',(0.E0,-1.E0,0.E0));
#6891=DIRECTION('',(1.E0,0.E0,0.E0));
#6892=AXIS2_PLACEMENT_3D('',#6889,#6890,#6891);
#6893=PLANE('',#6892);
#6895=ORIENTED_EDGE('',*,*,#6894,.F.);
#6896=ORIENTED_EDGE('',*,*,#6635,.T.);
#6898=ORIENTED_EDGE('',*,*,#6897,.T.);
#6900=ORIENTED_EDGE('',*,*,#6899,.T.);
#6901=EDGE_LOOP('',(#6895,#6896,#6898,#6900));
#6902=FACE_OUTER_BOUND('',#6901,.F.);
#6903=ADVANCED_FACE('',(#6902),#6893,.F.);
#6904=CARTESIAN_POINT('',(-4.8E0,-6.201223561365E-1,0.E0));
#6905=DIRECTION('',(0.E0,-1.E0,0.E0));
#6906=DIRECTION('',(1.E0,0.E0,0.E0));
#6907=AXIS2_PLACEMENT_3D('',#6904,#6905,#6906);
#6908=PLANE('',#6907);
#6910=ORIENTED_EDGE('',*,*,#6909,.F.);
#6911=ORIENTED_EDGE('',*,*,#6643,.T.);
#6913=ORIENTED_EDGE('',*,*,#6912,.T.);
#6915=ORIENTED_EDGE('',*,*,#6914,.T.);
#6916=EDGE_LOOP('',(#6910,#6911,#6913,#6915));
#6917=FACE_OUTER_BOUND('',#6916,.F.);
#6918=ADVANCED_FACE('',(#6917),#6908,.F.);
#6919=CARTESIAN_POINT('',(-4.8E0,-6.201223561365E-1,0.E0));
#6920=DIRECTION('',(0.E0,-1.E0,0.E0));
#6921=DIRECTION('',(1.E0,0.E0,0.E0));
#6922=AXIS2_PLACEMENT_3D('',#6919,#6920,#6921);
#6923=PLANE('',#6922);
#6925=ORIENTED_EDGE('',*,*,#6924,.F.);
#6926=ORIENTED_EDGE('',*,*,#6651,.T.);
#6928=ORIENTED_EDGE('',*,*,#6927,.T.);
#6930=ORIENTED_EDGE('',*,*,#6929,.T.);
#6931=EDGE_LOOP('',(#6925,#6926,#6928,#6930));
#6932=FACE_OUTER_BOUND('',#6931,.F.);
#6933=ADVANCED_FACE('',(#6932),#6923,.F.);
#6934=CARTESIAN_POINT('',(-4.8E0,-6.201223561365E-1,0.E0));
#6935=DIRECTION('',(0.E0,-1.E0,0.E0));
#6936=DIRECTION('',(1.E0,0.E0,0.E0));
#6937=AXIS2_PLACEMENT_3D('',#6934,#6935,#6936);
#6938=PLANE('',#6937);
#6939=ORIENTED_EDGE('',*,*,#6670,.F.);
#6940=ORIENTED_EDGE('',*,*,#6659,.T.);
#6942=ORIENTED_EDGE('',*,*,#6941,.T.);
#6944=ORIENTED_EDGE('',*,*,#6943,.T.);
#6945=EDGE_LOOP('',(#6939,#6940,#6942,#6944));
#6946=FACE_OUTER_BOUND('',#6945,.F.);
#6947=ADVANCED_FACE('',(#6946),#6938,.F.);
#6948=CARTESIAN_POINT('',(-4.8E0,-6.201223561365E-1,0.E0));
#6949=DIRECTION('',(0.E0,-1.E0,0.E0));
#6950=DIRECTION('',(1.E0,0.E0,0.E0));
#6951=AXIS2_PLACEMENT_3D('',#6948,#6949,#6950);
#6952=PLANE('',#6951);
#6954=ORIENTED_EDGE('',*,*,#6953,.T.);
#6956=ORIENTED_EDGE('',*,*,#6955,.T.);
#6958=ORIENTED_EDGE('',*,*,#6957,.T.);
#6959=ORIENTED_EDGE('',*,*,#6512,.T.);
#6960=EDGE_LOOP('',(#6954,#6956,#6958,#6959));
#6961=FACE_OUTER_BOUND('',#6960,.F.);
#6962=ADVANCED_FACE('',(#6961),#6952,.F.);
#6963=CARTESIAN_POINT('',(6.5E-1,0.E0,0.E0));
#6964=DIRECTION('',(-1.E0,0.E0,0.E0));
#6965=DIRECTION('',(0.E0,1.E0,0.E0));
#6966=AXIS2_PLACEMENT_3D('',#6963,#6964,#6965);
#6967=PLANE('',#6966);
#6968=ORIENTED_EDGE('',*,*,#6585,.T.);
#6970=ORIENTED_EDGE('',*,*,#6969,.F.);
#6972=ORIENTED_EDGE('',*,*,#6971,.F.);
#6973=ORIENTED_EDGE('',*,*,#6684,.F.);
#6974=EDGE_LOOP('',(#6968,#6970,#6972,#6973));
#6975=FACE_OUTER_BOUND('',#6974,.F.);
#6976=ADVANCED_FACE('',(#6975),#6967,.T.);
#6977=CARTESIAN_POINT('',(8.5E-1,-5.701223561365E-1,-3.3E-1));
#6978=DIRECTION('',(0.E0,1.E0,0.E0));
#6979=DIRECTION('',(0.E0,0.E0,-1.E0));
#6980=AXIS2_PLACEMENT_3D('',#6977,#6978,#6979);
#6981=PLANE('',#6980);
#6982=ORIENTED_EDGE('',*,*,#6583,.F.);
#6984=ORIENTED_EDGE('',*,*,#6983,.F.);
#6986=ORIENTED_EDGE('',*,*,#6985,.T.);
#6987=ORIENTED_EDGE('',*,*,#6969,.T.);
#6988=EDGE_LOOP('',(#6982,#6984,#6986,#6987));
#6989=FACE_OUTER_BOUND('',#6988,.F.);
#6990=ADVANCED_FACE('',(#6989),#6981,.T.);
#6991=CARTESIAN_POINT('',(8.5E-1,0.E0,0.E0));
#6992=DIRECTION('',(-1.E0,0.E0,0.E0));
#6993=DIRECTION('',(0.E0,1.E0,0.E0));
#6994=AXIS2_PLACEMENT_3D('',#6991,#6992,#6993);
#6995=PLANE('',#6994);
#6996=ORIENTED_EDGE('',*,*,#6581,.F.);
#6997=ORIENTED_EDGE('',*,*,#6703,.T.);
#6999=ORIENTED_EDGE('',*,*,#6998,.T.);
#7000=ORIENTED_EDGE('',*,*,#6983,.T.);
#7001=EDGE_LOOP('',(#6996,#6997,#6999,#7000));
#7002=FACE_OUTER_BOUND('',#7001,.F.);
#7003=ADVANCED_FACE('',(#7002),#6995,.F.);
#7004=CARTESIAN_POINT('',(8.5E-1,-6.201223561365E-1,-3.3E-1));
#7005=DIRECTION('',(0.E0,0.E0,1.E0));
#7006=DIRECTION('',(0.E0,1.E0,0.E0));
#7007=AXIS2_PLACEMENT_3D('',#7004,#7005,#7006);
#7008=PLANE('',#7007);
#7010=ORIENTED_EDGE('',*,*,#7009,.T.);
#7011=ORIENTED_EDGE('',*,*,#6971,.T.);
#7012=ORIENTED_EDGE('',*,*,#6985,.F.);
#7013=ORIENTED_EDGE('',*,*,#6998,.F.);
#7014=EDGE_LOOP('',(#7010,#7011,#7012,#7013));
#7015=FACE_OUTER_BOUND('',#7014,.F.);
#7016=ADVANCED_FACE('',(#7015),#7008,.T.);
#7017=CARTESIAN_POINT('',(0.E0,-7.701223561365E-1,-1.8E-1));
#7018=DIRECTION('',(0.E0,7.071067811865E-1,7.071067811865E-1));
#7019=DIRECTION('',(0.E0,7.071067811865E-1,-7.071067811865E-1));
#7020=AXIS2_PLACEMENT_3D('',#7017,#7018,#7019);
#7021=PLANE('',#7020);
#7023=ORIENTED_EDGE('',*,*,#7022,.F.);
#7024=ORIENTED_EDGE('',*,*,#6943,.F.);
#7026=ORIENTED_EDGE('',*,*,#7025,.F.);
#7027=ORIENTED_EDGE('',*,*,#6929,.F.);
#7029=ORIENTED_EDGE('',*,*,#7028,.F.);
#7030=ORIENTED_EDGE('',*,*,#6914,.F.);
#7032=ORIENTED_EDGE('',*,*,#7031,.F.);
#7033=ORIENTED_EDGE('',*,*,#6899,.F.);
#7035=ORIENTED_EDGE('',*,*,#7034,.F.);
#7036=ORIENTED_EDGE('',*,*,#6884,.F.);
#7038=ORIENTED_EDGE('',*,*,#7037,.F.);
#7039=ORIENTED_EDGE('',*,*,#6869,.F.);
#7041=ORIENTED_EDGE('',*,*,#7040,.F.);
#7042=ORIENTED_EDGE('',*,*,#6854,.F.);
#7044=ORIENTED_EDGE('',*,*,#7043,.F.);
#7045=ORIENTED_EDGE('',*,*,#6839,.F.);
#7047=ORIENTED_EDGE('',*,*,#7046,.F.);
#7048=ORIENTED_EDGE('',*,*,#6824,.F.);
#7050=ORIENTED_EDGE('',*,*,#7049,.F.);
#7051=ORIENTED_EDGE('',*,*,#6686,.F.);
#7052=ORIENTED_EDGE('',*,*,#7009,.F.);
#7053=ORIENTED_EDGE('',*,*,#6701,.F.);
#7055=ORIENTED_EDGE('',*,*,#7054,.F.);
#7056=ORIENTED_EDGE('',*,*,#6716,.F.);
#7058=ORIENTED_EDGE('',*,*,#7057,.F.);
#7059=ORIENTED_EDGE('',*,*,#6731,.F.);
#7061=ORIENTED_EDGE('',*,*,#7060,.F.);
#7062=ORIENTED_EDGE('',*,*,#6746,.F.);
#7064=ORIENTED_EDGE('',*,*,#7063,.F.);
#7065=ORIENTED_EDGE('',*,*,#6761,.F.);
#7067=ORIENTED_EDGE('',*,*,#7066,.F.);
#7068=ORIENTED_EDGE('',*,*,#6776,.F.);
#7070=ORIENTED_EDGE('',*,*,#7069,.F.);
#7071=ORIENTED_EDGE('',*,*,#6806,.F.);
#7073=ORIENTED_EDGE('',*,*,#7072,.F.);
#7074=ORIENTED_EDGE('',*,*,#6794,.F.);
#7076=ORIENTED_EDGE('',*,*,#7075,.T.);
#7078=ORIENTED_EDGE('',*,*,#7077,.T.);
#7080=ORIENTED_EDGE('',*,*,#7079,.T.);
#7081=ORIENTED_EDGE('',*,*,#6955,.F.);
#7082=EDGE_LOOP('',(#7023,#7024,#7026,#7027,#7029,#7030,#7032,#7033,#7035,#7036,
#7038,#7039,#7041,#7042,#7044,#7045,#7047,#7048,#7050,#7051,#7052,#7053,#7055,
#7056,#7058,#7059,#7061,#7062,#7064,#7065,#7067,#7068,#7070,#7071,#7073,#7074,
#7076,#7078,#7080,#7081));
#7083=FACE_OUTER_BOUND('',#7082,.F.);
#7084=ADVANCED_FACE('',(#7083),#7021,.T.);
#7085=CARTESIAN_POINT('',(-4.15E0,-6.201223561365E-1,-3.3E-1));
#7086=DIRECTION('',(0.E0,0.E0,1.E0));
#7087=DIRECTION('',(0.E0,1.E0,0.E0));
#7088=AXIS2_PLACEMENT_3D('',#7085,#7086,#7087);
#7089=PLANE('',#7088);
#7090=ORIENTED_EDGE('',*,*,#7022,.T.);
#7092=ORIENTED_EDGE('',*,*,#7091,.T.);
#7094=ORIENTED_EDGE('',*,*,#7093,.F.);
#7095=ORIENTED_EDGE('',*,*,#6672,.F.);
#7096=EDGE_LOOP('',(#7090,#7092,#7094,#7095));
#7097=FACE_OUTER_BOUND('',#7096,.F.);
#7098=ADVANCED_FACE('',(#7097),#7089,.T.);
#7099=CARTESIAN_POINT('',(-4.35E0,0.E0,0.E0));
#7100=DIRECTION('',(-1.E0,0.E0,0.E0));
#7101=DIRECTION('',(0.E0,1.E0,0.E0));
#7102=AXIS2_PLACEMENT_3D('',#7099,#7100,#7101);
#7103=PLANE('',#7102);
#7104=ORIENTED_EDGE('',*,*,#6510,.T.);
#7106=ORIENTED_EDGE('',*,*,#7105,.F.);
#7107=ORIENTED_EDGE('',*,*,#7091,.F.);
#7108=ORIENTED_EDGE('',*,*,#6953,.F.);
#7109=EDGE_LOOP('',(#7104,#7106,#7107,#7108));
#7110=FACE_OUTER_BOUND('',#7109,.F.);
#7111=ADVANCED_FACE('',(#7110),#7103,.T.);
#7112=CARTESIAN_POINT('',(-4.15E0,-5.701223561365E-1,-3.3E-1));
#7113=DIRECTION('',(0.E0,1.E0,0.E0));
#7114=DIRECTION('',(0.E0,0.E0,-1.E0));
#7115=AXIS2_PLACEMENT_3D('',#7112,#7113,#7114);
#7116=PLANE('',#7115);
#7117=ORIENTED_EDGE('',*,*,#6508,.F.);
#7118=ORIENTED_EDGE('',*,*,#6674,.F.);
#7119=ORIENTED_EDGE('',*,*,#7093,.T.);
#7120=ORIENTED_EDGE('',*,*,#7105,.T.);
#7121=EDGE_LOOP('',(#7117,#7118,#7119,#7120));
#7122=FACE_OUTER_BOUND('',#7121,.F.);
#7123=ADVANCED_FACE('',(#7122),#7116,.T.);
#7124=CARTESIAN_POINT('',(-3.65E0,-6.201223561365E-1,-3.3E-1));
#7125=DIRECTION('',(0.E0,0.E0,1.E0));
#7126=DIRECTION('',(0.E0,1.E0,0.E0));
#7127=AXIS2_PLACEMENT_3D('',#7124,#7125,#7126);
#7128=PLANE('',#7127);
#7129=ORIENTED_EDGE('',*,*,#7025,.T.);
#7131=ORIENTED_EDGE('',*,*,#7130,.T.);
#7133=ORIENTED_EDGE('',*,*,#7132,.F.);
#7135=ORIENTED_EDGE('',*,*,#7134,.F.);
#7136=EDGE_LOOP('',(#7129,#7131,#7133,#7135));
#7137=FACE_OUTER_BOUND('',#7136,.F.);
#7138=ADVANCED_FACE('',(#7137),#7128,.T.);
#7139=CARTESIAN_POINT('',(-3.85E0,0.E0,0.E0));
#7140=DIRECTION('',(-1.E0,0.E0,0.E0));
#7141=DIRECTION('',(0.E0,1.E0,0.E0));
#7142=AXIS2_PLACEMENT_3D('',#7139,#7140,#7141);
#7143=PLANE('',#7142);
#7144=ORIENTED_EDGE('',*,*,#6657,.T.);
#7146=ORIENTED_EDGE('',*,*,#7145,.F.);
#7147=ORIENTED_EDGE('',*,*,#7130,.F.);
#7148=ORIENTED_EDGE('',*,*,#6941,.F.);
#7149=EDGE_LOOP('',(#7144,#7146,#7147,#7148));
#7150=FACE_OUTER_BOUND('',#7149,.F.);
#7151=ADVANCED_FACE('',(#7150),#7143,.T.);
#7152=CARTESIAN_POINT('',(-3.65E0,-5.701223561365E-1,-3.3E-1));
#7153=DIRECTION('',(0.E0,1.E0,0.E0));
#7154=DIRECTION('',(0.E0,0.E0,-1.E0));
#7155=AXIS2_PLACEMENT_3D('',#7152,#7153,#7154);
#7156=PLANE('',#7155);
#7157=ORIENTED_EDGE('',*,*,#6655,.F.);
#7159=ORIENTED_EDGE('',*,*,#7158,.F.);
#7160=ORIENTED_EDGE('',*,*,#7132,.T.);
#7161=ORIENTED_EDGE('',*,*,#7145,.T.);
#7162=EDGE_LOOP('',(#7157,#7159,#7160,#7161));
#7163=FACE_OUTER_BOUND('',#7162,.F.);
#7164=ADVANCED_FACE('',(#7163),#7156,.T.);
#7165=CARTESIAN_POINT('',(-3.65E0,0.E0,0.E0));
#7166=DIRECTION('',(-1.E0,0.E0,0.E0));
#7167=DIRECTION('',(0.E0,1.E0,0.E0));
#7168=AXIS2_PLACEMENT_3D('',#7165,#7166,#7167);
#7169=PLANE('',#7168);
#7170=ORIENTED_EDGE('',*,*,#6653,.F.);
#7171=ORIENTED_EDGE('',*,*,#6924,.T.);
#7172=ORIENTED_EDGE('',*,*,#7134,.T.);
#7173=ORIENTED_EDGE('',*,*,#7158,.T.);
#7174=EDGE_LOOP('',(#7170,#7171,#7172,#7173));
#7175=FACE_OUTER_BOUND('',#7174,.F.);
#7176=ADVANCED_FACE('',(#7175),#7169,.F.);
#7177=CARTESIAN_POINT('',(-3.15E0,-6.201223561365E-1,-3.3E-1));
#7178=DIRECTION('',(0.E0,0.E0,1.E0));
#7179=DIRECTION('',(0.E0,1.E0,0.E0));
#7180=AXIS2_PLACEMENT_3D('',#7177,#7178,#7179);
#7181=PLANE('',#7180);
#7182=ORIENTED_EDGE('',*,*,#7028,.T.);
#7184=ORIENTED_EDGE('',*,*,#7183,.T.);
#7186=ORIENTED_EDGE('',*,*,#7185,.F.);
#7188=ORIENTED_EDGE('',*,*,#7187,.F.);
#7189=EDGE_LOOP('',(#7182,#7184,#7186,#7188));
#7190=FACE_OUTER_BOUND('',#7189,.F.);
#7191=ADVANCED_FACE('',(#7190),#7181,.T.);
#7192=CARTESIAN_POINT('',(-3.35E0,0.E0,0.E0));
#7193=DIRECTION('',(-1.E0,0.E0,0.E0));
#7194=DIRECTION('',(0.E0,1.E0,0.E0));
#7195=AXIS2_PLACEMENT_3D('',#7192,#7193,#7194);
#7196=PLANE('',#7195);
#7197=ORIENTED_EDGE('',*,*,#6649,.T.);
#7199=ORIENTED_EDGE('',*,*,#7198,.F.);
#7200=ORIENTED_EDGE('',*,*,#7183,.F.);
#7201=ORIENTED_EDGE('',*,*,#6927,.F.);
#7202=EDGE_LOOP('',(#7197,#7199,#7200,#7201));
#7203=FACE_OUTER_BOUND('',#7202,.F.);
#7204=ADVANCED_FACE('',(#7203),#7196,.T.);
#7205=CARTESIAN_POINT('',(-3.15E0,-5.701223561365E-1,-3.3E-1));
#7206=DIRECTION('',(0.E0,1.E0,0.E0));
#7207=DIRECTION('',(0.E0,0.E0,-1.E0));
#7208=AXIS2_PLACEMENT_3D('',#7205,#7206,#7207);
#7209=PLANE('',#7208);
#7210=ORIENTED_EDGE('',*,*,#6647,.F.);
#7212=ORIENTED_EDGE('',*,*,#7211,.F.);
#7213=ORIENTED_EDGE('',*,*,#7185,.T.);
#7214=ORIENTED_EDGE('',*,*,#7198,.T.);
#7215=EDGE_LOOP('',(#7210,#7212,#7213,#7214));
#7216=FACE_OUTER_BOUND('',#7215,.F.);
#7217=ADVANCED_FACE('',(#7216),#7209,.T.);
#7218=CARTESIAN_POINT('',(-3.15E0,0.E0,0.E0));
#7219=DIRECTION('',(-1.E0,0.E0,0.E0));
#7220=DIRECTION('',(0.E0,1.E0,0.E0));
#7221=AXIS2_PLACEMENT_3D('',#7218,#7219,#7220);
#7222=PLANE('',#7221);
#7223=ORIENTED_EDGE('',*,*,#6645,.F.);
#7224=ORIENTED_EDGE('',*,*,#6909,.T.);
#7225=ORIENTED_EDGE('',*,*,#7187,.T.);
#7226=ORIENTED_EDGE('',*,*,#7211,.T.);
#7227=EDGE_LOOP('',(#7223,#7224,#7225,#7226));
#7228=FACE_OUTER_BOUND('',#7227,.F.);
#7229=ADVANCED_FACE('',(#7228),#7222,.F.);
#7230=CARTESIAN_POINT('',(-2.65E0,-6.201223561365E-1,-3.3E-1));
#7231=DIRECTION('',(0.E0,0.E0,1.E0));
#7232=DIRECTION('',(0.E0,1.E0,0.E0));
#7233=AXIS2_PLACEMENT_3D('',#7230,#7231,#7232);
#7234=PLANE('',#7233);
#7235=ORIENTED_EDGE('',*,*,#7031,.T.);
#7237=ORIENTED_EDGE('',*,*,#7236,.T.);
#7239=ORIENTED_EDGE('',*,*,#7238,.F.);
#7241=ORIENTED_EDGE('',*,*,#7240,.F.);
#7242=EDGE_LOOP('',(#7235,#7237,#7239,#7241));
#7243=FACE_OUTER_BOUND('',#7242,.F.);
#7244=ADVANCED_FACE('',(#7243),#7234,.T.);
#7245=CARTESIAN_POINT('',(-2.85E0,0.E0,0.E0));
#7246=DIRECTION('',(-1.E0,0.E0,0.E0));
#7247=DIRECTION('',(0.E0,1.E0,0.E0));
#7248=AXIS2_PLACEMENT_3D('',#7245,#7246,#7247);
#7249=PLANE('',#7248);
#7250=ORIENTED_EDGE('',*,*,#6641,.T.);
#7252=ORIENTED_EDGE('',*,*,#7251,.F.);
#7253=ORIENTED_EDGE('',*,*,#7236,.F.);
#7254=ORIENTED_EDGE('',*,*,#6912,.F.);
#7255=EDGE_LOOP('',(#7250,#7252,#7253,#7254));
#7256=FACE_OUTER_BOUND('',#7255,.F.);
#7257=ADVANCED_FACE('',(#7256),#7249,.T.);
#7258=CARTESIAN_POINT('',(-2.65E0,-5.701223561365E-1,-3.3E-1));
#7259=DIRECTION('',(0.E0,1.E0,0.E0));
#7260=DIRECTION('',(0.E0,0.E0,-1.E0));
#7261=AXIS2_PLACEMENT_3D('',#7258,#7259,#7260);
#7262=PLANE('',#7261);
#7263=ORIENTED_EDGE('',*,*,#6639,.F.);
#7265=ORIENTED_EDGE('',*,*,#7264,.F.);
#7266=ORIENTED_EDGE('',*,*,#7238,.T.);
#7267=ORIENTED_EDGE('',*,*,#7251,.T.);
#7268=EDGE_LOOP('',(#7263,#7265,#7266,#7267));
#7269=FACE_OUTER_BOUND('',#7268,.F.);
#7270=ADVANCED_FACE('',(#7269),#7262,.T.);
#7271=CARTESIAN_POINT('',(-2.65E0,0.E0,0.E0));
#7272=DIRECTION('',(-1.E0,0.E0,0.E0));
#7273=DIRECTION('',(0.E0,1.E0,0.E0));
#7274=AXIS2_PLACEMENT_3D('',#7271,#7272,#7273);
#7275=PLANE('',#7274);
#7276=ORIENTED_EDGE('',*,*,#6637,.F.);
#7277=ORIENTED_EDGE('',*,*,#6894,.T.);
#7278=ORIENTED_EDGE('',*,*,#7240,.T.);
#7279=ORIENTED_EDGE('',*,*,#7264,.T.);
#7280=EDGE_LOOP('',(#7276,#7277,#7278,#7279));
#7281=FACE_OUTER_BOUND('',#7280,.F.);
#7282=ADVANCED_FACE('',(#7281),#7275,.F.);
#7283=CARTESIAN_POINT('',(-2.15E0,-6.201223561365E-1,-3.3E-1));
#7284=DIRECTION('',(0.E0,0.E0,1.E0));
#7285=DIRECTION('',(0.E0,1.E0,0.E0));
#7286=AXIS2_PLACEMENT_3D('',#7283,#7284,#7285);
#7287=PLANE('',#7286);
#7288=ORIENTED_EDGE('',*,*,#7034,.T.);
#7290=ORIENTED_EDGE('',*,*,#7289,.T.);
#7292=ORIENTED_EDGE('',*,*,#7291,.F.);
#7294=ORIENTED_EDGE('',*,*,#7293,.F.);
#7295=EDGE_LOOP('',(#7288,#7290,#7292,#7294));
#7296=FACE_OUTER_BOUND('',#7295,.F.);
#7297=ADVANCED_FACE('',(#7296),#7287,.T.);
#7298=CARTESIAN_POINT('',(-2.35E0,0.E0,0.E0));
#7299=DIRECTION('',(-1.E0,0.E0,0.E0));
#7300=DIRECTION('',(0.E0,1.E0,0.E0));
#7301=AXIS2_PLACEMENT_3D('',#7298,#7299,#7300);
#7302=PLANE('',#7301);
#7303=ORIENTED_EDGE('',*,*,#6633,.T.);
#7305=ORIENTED_EDGE('',*,*,#7304,.F.);
#7306=ORIENTED_EDGE('',*,*,#7289,.F.);
#7307=ORIENTED_EDGE('',*,*,#6897,.F.);
#7308=EDGE_LOOP('',(#7303,#7305,#7306,#7307));
#7309=FACE_OUTER_BOUND('',#7308,.F.);
#7310=ADVANCED_FACE('',(#7309),#7302,.T.);
#7311=CARTESIAN_POINT('',(-2.15E0,-5.701223561365E-1,-3.3E-1));
#7312=DIRECTION('',(0.E0,1.E0,0.E0));
#7313=DIRECTION('',(0.E0,0.E0,-1.E0));
#7314=AXIS2_PLACEMENT_3D('',#7311,#7312,#7313);
#7315=PLANE('',#7314);
#7316=ORIENTED_EDGE('',*,*,#6631,.F.);
#7318=ORIENTED_EDGE('',*,*,#7317,.F.);
#7319=ORIENTED_EDGE('',*,*,#7291,.T.);
#7320=ORIENTED_EDGE('',*,*,#7304,.T.);
#7321=EDGE_LOOP('',(#7316,#7318,#7319,#7320));
#7322=FACE_OUTER_BOUND('',#7321,.F.);
#7323=ADVANCED_FACE('',(#7322),#7315,.T.);
#7324=CARTESIAN_POINT('',(-2.15E0,0.E0,0.E0));
#7325=DIRECTION('',(-1.E0,0.E0,0.E0));
#7326=DIRECTION('',(0.E0,1.E0,0.E0));
#7327=AXIS2_PLACEMENT_3D('',#7324,#7325,#7326);
#7328=PLANE('',#7327);
#7329=ORIENTED_EDGE('',*,*,#6629,.F.);
#7330=ORIENTED_EDGE('',*,*,#6879,.T.);
#7331=ORIENTED_EDGE('',*,*,#7293,.T.);
#7332=ORIENTED_EDGE('',*,*,#7317,.T.);
#7333=EDGE_LOOP('',(#7329,#7330,#7331,#7332));
#7334=FACE_OUTER_BOUND('',#7333,.F.);
#7335=ADVANCED_FACE('',(#7334),#7328,.F.);
#7336=CARTESIAN_POINT('',(-1.65E0,-6.201223561365E-1,-3.3E-1));
#7337=DIRECTION('',(0.E0,0.E0,1.E0));
#7338=DIRECTION('',(0.E0,1.E0,0.E0));
#7339=AXIS2_PLACEMENT_3D('',#7336,#7337,#7338);
#7340=PLANE('',#7339);
#7341=ORIENTED_EDGE('',*,*,#7037,.T.);
#7343=ORIENTED_EDGE('',*,*,#7342,.T.);
#7345=ORIENTED_EDGE('',*,*,#7344,.F.);
#7347=ORIENTED_EDGE('',*,*,#7346,.F.);
#7348=EDGE_LOOP('',(#7341,#7343,#7345,#7347));
#7349=FACE_OUTER_BOUND('',#7348,.F.);
#7350=ADVANCED_FACE('',(#7349),#7340,.T.);
#7351=CARTESIAN_POINT('',(-1.85E0,0.E0,0.E0));
#7352=DIRECTION('',(-1.E0,0.E0,0.E0));
#7353=DIRECTION('',(0.E0,1.E0,0.E0));
#7354=AXIS2_PLACEMENT_3D('',#7351,#7352,#7353);
#7355=PLANE('',#7354);
#7356=ORIENTED_EDGE('',*,*,#6625,.T.);
#7358=ORIENTED_EDGE('',*,*,#7357,.F.);
#7359=ORIENTED_EDGE('',*,*,#7342,.F.);
#7360=ORIENTED_EDGE('',*,*,#6882,.F.);
#7361=EDGE_LOOP('',(#7356,#7358,#7359,#7360));
#7362=FACE_OUTER_BOUND('',#7361,.F.);
#7363=ADVANCED_FACE('',(#7362),#7355,.T.);
#7364=CARTESIAN_POINT('',(-1.65E0,-5.701223561365E-1,-3.3E-1));
#7365=DIRECTION('',(0.E0,1.E0,0.E0));
#7366=DIRECTION('',(0.E0,0.E0,-1.E0));
#7367=AXIS2_PLACEMENT_3D('',#7364,#7365,#7366);
#7368=PLANE('',#7367);
#7369=ORIENTED_EDGE('',*,*,#6623,.F.);
#7371=ORIENTED_EDGE('',*,*,#7370,.F.);
#7372=ORIENTED_EDGE('',*,*,#7344,.T.);
#7373=ORIENTED_EDGE('',*,*,#7357,.T.);
#7374=EDGE_LOOP('',(#7369,#7371,#7372,#7373));
#7375=FACE_OUTER_BOUND('',#7374,.F.);
#7376=ADVANCED_FACE('',(#7375),#7368,.T.);
#7377=CARTESIAN_POINT('',(-1.65E0,0.E0,0.E0));
#7378=DIRECTION('',(-1.E0,0.E0,0.E0));
#7379=DIRECTION('',(0.E0,1.E0,0.E0));
#7380=AXIS2_PLACEMENT_3D('',#7377,#7378,#7379);
#7381=PLANE('',#7380);
#7382=ORIENTED_EDGE('',*,*,#6621,.F.);
#7383=ORIENTED_EDGE('',*,*,#6864,.T.);
#7384=ORIENTED_EDGE('',*,*,#7346,.T.);
#7385=ORIENTED_EDGE('',*,*,#7370,.T.);
#7386=EDGE_LOOP('',(#7382,#7383,#7384,#7385));
#7387=FACE_OUTER_BOUND('',#7386,.F.);
#7388=ADVANCED_FACE('',(#7387),#7381,.F.);
#7389=CARTESIAN_POINT('',(-1.15E0,-6.201223561365E-1,-3.3E-1));
#7390=DIRECTION('',(0.E0,0.E0,1.E0));
#7391=DIRECTION('',(0.E0,1.E0,0.E0));
#7392=AXIS2_PLACEMENT_3D('',#7389,#7390,#7391);
#7393=PLANE('',#7392);
#7394=ORIENTED_EDGE('',*,*,#7040,.T.);
#7396=ORIENTED_EDGE('',*,*,#7395,.T.);
#7398=ORIENTED_EDGE('',*,*,#7397,.F.);
#7400=ORIENTED_EDGE('',*,*,#7399,.F.);
#7401=EDGE_LOOP('',(#7394,#7396,#7398,#7400));
#7402=FACE_OUTER_BOUND('',#7401,.F.);
#7403=ADVANCED_FACE('',(#7402),#7393,.T.);
#7404=CARTESIAN_POINT('',(-1.35E0,0.E0,0.E0));
#7405=DIRECTION('',(-1.E0,0.E0,0.E0));
#7406=DIRECTION('',(0.E0,1.E0,0.E0));
#7407=AXIS2_PLACEMENT_3D('',#7404,#7405,#7406);
#7408=PLANE('',#7407);
#7409=ORIENTED_EDGE('',*,*,#6617,.T.);
#7411=ORIENTED_EDGE('',*,*,#7410,.F.);
#7412=ORIENTED_EDGE('',*,*,#7395,.F.);
#7413=ORIENTED_EDGE('',*,*,#6867,.F.);
#7414=EDGE_LOOP('',(#7409,#7411,#7412,#7413));
#7415=FACE_OUTER_BOUND('',#7414,.F.);
#7416=ADVANCED_FACE('',(#7415),#7408,.T.);
#7417=CARTESIAN_POINT('',(-1.15E0,-5.701223561365E-1,-3.3E-1));
#7418=DIRECTION('',(0.E0,1.E0,0.E0));
#7419=DIRECTION('',(0.E0,0.E0,-1.E0));
#7420=AXIS2_PLACEMENT_3D('',#7417,#7418,#7419);
#7421=PLANE('',#7420);
#7422=ORIENTED_EDGE('',*,*,#6615,.F.);
#7424=ORIENTED_EDGE('',*,*,#7423,.F.);
#7425=ORIENTED_EDGE('',*,*,#7397,.T.);
#7426=ORIENTED_EDGE('',*,*,#7410,.T.);
#7427=EDGE_LOOP('',(#7422,#7424,#7425,#7426));
#7428=FACE_OUTER_BOUND('',#7427,.F.);
#7429=ADVANCED_FACE('',(#7428),#7421,.T.);
#7430=CARTESIAN_POINT('',(-1.15E0,0.E0,0.E0));
#7431=DIRECTION('',(-1.E0,0.E0,0.E0));
#7432=DIRECTION('',(0.E0,1.E0,0.E0));
#7433=AXIS2_PLACEMENT_3D('',#7430,#7431,#7432);
#7434=PLANE('',#7433);
#7435=ORIENTED_EDGE('',*,*,#6613,.F.);
#7436=ORIENTED_EDGE('',*,*,#6849,.T.);
#7437=ORIENTED_EDGE('',*,*,#7399,.T.);
#7438=ORIENTED_EDGE('',*,*,#7423,.T.);
#7439=EDGE_LOOP('',(#7435,#7436,#7437,#7438));
#7440=FACE_OUTER_BOUND('',#7439,.F.);
#7441=ADVANCED_FACE('',(#7440),#7434,.F.);
#7442=CARTESIAN_POINT('',(-6.5E-1,-6.201223561365E-1,-3.3E-1));
#7443=DIRECTION('',(0.E0,0.E0,1.E0));
#7444=DIRECTION('',(0.E0,1.E0,0.E0));
#7445=AXIS2_PLACEMENT_3D('',#7442,#7443,#7444);
#7446=PLANE('',#7445);
#7447=ORIENTED_EDGE('',*,*,#7043,.T.);
#7449=ORIENTED_EDGE('',*,*,#7448,.T.);
#7451=ORIENTED_EDGE('',*,*,#7450,.F.);
#7453=ORIENTED_EDGE('',*,*,#7452,.F.);
#7454=EDGE_LOOP('',(#7447,#7449,#7451,#7453));
#7455=FACE_OUTER_BOUND('',#7454,.F.);
#7456=ADVANCED_FACE('',(#7455),#7446,.T.);
#7457=CARTESIAN_POINT('',(-8.5E-1,0.E0,0.E0));
#7458=DIRECTION('',(-1.E0,0.E0,0.E0));
#7459=DIRECTION('',(0.E0,1.E0,0.E0));
#7460=AXIS2_PLACEMENT_3D('',#7457,#7458,#7459);
#7461=PLANE('',#7460);
#7462=ORIENTED_EDGE('',*,*,#6609,.T.);
#7464=ORIENTED_EDGE('',*,*,#7463,.F.);
#7465=ORIENTED_EDGE('',*,*,#7448,.F.);
#7466=ORIENTED_EDGE('',*,*,#6852,.F.);
#7467=EDGE_LOOP('',(#7462,#7464,#7465,#7466));
#7468=FACE_OUTER_BOUND('',#7467,.F.);
#7469=ADVANCED_FACE('',(#7468),#7461,.T.);
#7470=CARTESIAN_POINT('',(-6.5E-1,-5.701223561365E-1,-3.3E-1));
#7471=DIRECTION('',(0.E0,1.E0,0.E0));
#7472=DIRECTION('',(0.E0,0.E0,-1.E0));
#7473=AXIS2_PLACEMENT_3D('',#7470,#7471,#7472);
#7474=PLANE('',#7473);
#7475=ORIENTED_EDGE('',*,*,#6607,.F.);
#7477=ORIENTED_EDGE('',*,*,#7476,.F.);
#7478=ORIENTED_EDGE('',*,*,#7450,.T.);
#7479=ORIENTED_EDGE('',*,*,#7463,.T.);
#7480=EDGE_LOOP('',(#7475,#7477,#7478,#7479));
#7481=FACE_OUTER_BOUND('',#7480,.F.);
#7482=ADVANCED_FACE('',(#7481),#7474,.T.);
#7483=CARTESIAN_POINT('',(-6.5E-1,0.E0,0.E0));
#7484=DIRECTION('',(-1.E0,0.E0,0.E0));
#7485=DIRECTION('',(0.E0,1.E0,0.E0));
#7486=AXIS2_PLACEMENT_3D('',#7483,#7484,#7485);
#7487=PLANE('',#7486);
#7488=ORIENTED_EDGE('',*,*,#6605,.F.);
#7489=ORIENTED_EDGE('',*,*,#6834,.T.);
#7490=ORIENTED_EDGE('',*,*,#7452,.T.);
#7491=ORIENTED_EDGE('',*,*,#7476,.T.);
#7492=EDGE_LOOP('',(#7488,#7489,#7490,#7491));
#7493=FACE_OUTER_BOUND('',#7492,.F.);
#7494=ADVANCED_FACE('',(#7493),#7487,.F.);
#7495=CARTESIAN_POINT('',(-1.5E-1,-6.201223561365E-1,-3.3E-1));
#7496=DIRECTION('',(0.E0,0.E0,1.E0));
#7497=DIRECTION('',(0.E0,1.E0,0.E0));
#7498=AXIS2_PLACEMENT_3D('',#7495,#7496,#7497);
#7499=PLANE('',#7498);
#7500=ORIENTED_EDGE('',*,*,#7046,.T.);
#7502=ORIENTED_EDGE('',*,*,#7501,.T.);
#7504=ORIENTED_EDGE('',*,*,#7503,.F.);
#7506=ORIENTED_EDGE('',*,*,#7505,.F.);
#7507=EDGE_LOOP('',(#7500,#7502,#7504,#7506));
#7508=FACE_OUTER_BOUND('',#7507,.F.);
#7509=ADVANCED_FACE('',(#7508),#7499,.T.);
#7510=CARTESIAN_POINT('',(-3.5E-1,0.E0,0.E0));
#7511=DIRECTION('',(-1.E0,0.E0,0.E0));
#7512=DIRECTION('',(0.E0,1.E0,0.E0));
#7513=AXIS2_PLACEMENT_3D('',#7510,#7511,#7512);
#7514=PLANE('',#7513);
#7515=ORIENTED_EDGE('',*,*,#6601,.T.);
#7517=ORIENTED_EDGE('',*,*,#7516,.F.);
#7518=ORIENTED_EDGE('',*,*,#7501,.F.);
#7519=ORIENTED_EDGE('',*,*,#6837,.F.);
#7520=EDGE_LOOP('',(#7515,#7517,#7518,#7519));
#7521=FACE_OUTER_BOUND('',#7520,.F.);
#7522=ADVANCED_FACE('',(#7521),#7514,.T.);
#7523=CARTESIAN_POINT('',(-1.5E-1,-5.701223561365E-1,-3.3E-1));
#7524=DIRECTION('',(0.E0,1.E0,0.E0));
#7525=DIRECTION('',(0.E0,0.E0,-1.E0));
#7526=AXIS2_PLACEMENT_3D('',#7523,#7524,#7525);
#7527=PLANE('',#7526);
#7528=ORIENTED_EDGE('',*,*,#6599,.F.);
#7530=ORIENTED_EDGE('',*,*,#7529,.F.);
#7531=ORIENTED_EDGE('',*,*,#7503,.T.);
#7532=ORIENTED_EDGE('',*,*,#7516,.T.);
#7533=EDGE_LOOP('',(#7528,#7530,#7531,#7532));
#7534=FACE_OUTER_BOUND('',#7533,.F.);
#7535=ADVANCED_FACE('',(#7534),#7527,.T.);
#7536=CARTESIAN_POINT('',(-1.5E-1,0.E0,0.E0));
#7537=DIRECTION('',(-1.E0,0.E0,0.E0));
#7538=DIRECTION('',(0.E0,1.E0,0.E0));
#7539=AXIS2_PLACEMENT_3D('',#7536,#7537,#7538);
#7540=PLANE('',#7539);
#7541=ORIENTED_EDGE('',*,*,#6597,.F.);
#7542=ORIENTED_EDGE('',*,*,#6819,.T.);
#7543=ORIENTED_EDGE('',*,*,#7505,.T.);
#7544=ORIENTED_EDGE('',*,*,#7529,.T.);
#7545=EDGE_LOOP('',(#7541,#7542,#7543,#7544));
#7546=FACE_OUTER_BOUND('',#7545,.F.);
#7547=ADVANCED_FACE('',(#7546),#7540,.F.);
#7548=CARTESIAN_POINT('',(3.5E-1,-6.201223561365E-1,-3.3E-1));
#7549=DIRECTION('',(0.E0,0.E0,1.E0));
#7550=DIRECTION('',(0.E0,1.E0,0.E0));
#7551=AXIS2_PLACEMENT_3D('',#7548,#7549,#7550);
#7552=PLANE('',#7551);
#7553=ORIENTED_EDGE('',*,*,#7049,.T.);
#7555=ORIENTED_EDGE('',*,*,#7554,.T.);
#7557=ORIENTED_EDGE('',*,*,#7556,.F.);
#7559=ORIENTED_EDGE('',*,*,#7558,.F.);
#7560=EDGE_LOOP('',(#7553,#7555,#7557,#7559));
#7561=FACE_OUTER_BOUND('',#7560,.F.);
#7562=ADVANCED_FACE('',(#7561),#7552,.T.);
#7563=CARTESIAN_POINT('',(1.5E-1,0.E0,0.E0));
#7564=DIRECTION('',(-1.E0,0.E0,0.E0));
#7565=DIRECTION('',(0.E0,1.E0,0.E0));
#7566=AXIS2_PLACEMENT_3D('',#7563,#7564,#7565);
#7567=PLANE('',#7566);
#7568=ORIENTED_EDGE('',*,*,#6593,.T.);
#7570=ORIENTED_EDGE('',*,*,#7569,.F.);
#7571=ORIENTED_EDGE('',*,*,#7554,.F.);
#7572=ORIENTED_EDGE('',*,*,#6822,.F.);
#7573=EDGE_LOOP('',(#7568,#7570,#7571,#7572));
#7574=FACE_OUTER_BOUND('',#7573,.F.);
#7575=ADVANCED_FACE('',(#7574),#7567,.T.);
#7576=CARTESIAN_POINT('',(3.5E-1,-5.701223561365E-1,-3.3E-1));
#7577=DIRECTION('',(0.E0,1.E0,0.E0));
#7578=DIRECTION('',(0.E0,0.E0,-1.E0));
#7579=AXIS2_PLACEMENT_3D('',#7576,#7577,#7578);
#7580=PLANE('',#7579);
#7581=ORIENTED_EDGE('',*,*,#6591,.F.);
#7583=ORIENTED_EDGE('',*,*,#7582,.F.);
#7584=ORIENTED_EDGE('',*,*,#7556,.T.);
#7585=ORIENTED_EDGE('',*,*,#7569,.T.);
#7586=EDGE_LOOP('',(#7581,#7583,#7584,#7585));
#7587=FACE_OUTER_BOUND('',#7586,.F.);
#7588=ADVANCED_FACE('',(#7587),#7580,.T.);
#7589=CARTESIAN_POINT('',(3.5E-1,0.E0,0.E0));
#7590=DIRECTION('',(-1.E0,0.E0,0.E0));
#7591=DIRECTION('',(0.E0,1.E0,0.E0));
#7592=AXIS2_PLACEMENT_3D('',#7589,#7590,#7591);
#7593=PLANE('',#7592);
#7594=ORIENTED_EDGE('',*,*,#6589,.F.);
#7595=ORIENTED_EDGE('',*,*,#6688,.T.);
#7596=ORIENTED_EDGE('',*,*,#7558,.T.);
#7597=ORIENTED_EDGE('',*,*,#7582,.T.);
#7598=EDGE_LOOP('',(#7594,#7595,#7596,#7597));
#7599=FACE_OUTER_BOUND('',#7598,.F.);
#7600=ADVANCED_FACE('',(#7599),#7593,.F.);
#7601=CARTESIAN_POINT('',(1.35E0,-6.201223561365E-1,-3.3E-1));
#7602=DIRECTION('',(0.E0,0.E0,1.E0));
#7603=DIRECTION('',(0.E0,1.E0,0.E0));
#7604=AXIS2_PLACEMENT_3D('',#7601,#7602,#7603);
#7605=PLANE('',#7604);
#7606=ORIENTED_EDGE('',*,*,#7054,.T.);
#7608=ORIENTED_EDGE('',*,*,#7607,.T.);
#7610=ORIENTED_EDGE('',*,*,#7609,.F.);
#7612=ORIENTED_EDGE('',*,*,#7611,.F.);
#7613=EDGE_LOOP('',(#7606,#7608,#7610,#7612));
#7614=FACE_OUTER_BOUND('',#7613,.F.);
#7615=ADVANCED_FACE('',(#7614),#7605,.T.);
#7616=CARTESIAN_POINT('',(1.15E0,0.E0,0.E0));
#7617=DIRECTION('',(-1.E0,0.E0,0.E0));
#7618=DIRECTION('',(0.E0,1.E0,0.E0));
#7619=AXIS2_PLACEMENT_3D('',#7616,#7617,#7618);
#7620=PLANE('',#7619);
#7621=ORIENTED_EDGE('',*,*,#6577,.T.);
#7623=ORIENTED_EDGE('',*,*,#7622,.F.);
#7624=ORIENTED_EDGE('',*,*,#7607,.F.);
#7625=ORIENTED_EDGE('',*,*,#6699,.F.);
#7626=EDGE_LOOP('',(#7621,#7623,#7624,#7625));
#7627=FACE_OUTER_BOUND('',#7626,.F.);
#7628=ADVANCED_FACE('',(#7627),#7620,.T.);
#7629=CARTESIAN_POINT('',(1.35E0,-5.701223561365E-1,-3.3E-1));
#7630=DIRECTION('',(0.E0,1.E0,0.E0));
#7631=DIRECTION('',(0.E0,0.E0,-1.E0));
#7632=AXIS2_PLACEMENT_3D('',#7629,#7630,#7631);
#7633=PLANE('',#7632);
#7634=ORIENTED_EDGE('',*,*,#6575,.F.);
#7636=ORIENTED_EDGE('',*,*,#7635,.F.);
#7637=ORIENTED_EDGE('',*,*,#7609,.T.);
#7638=ORIENTED_EDGE('',*,*,#7622,.T.);
#7639=EDGE_LOOP('',(#7634,#7636,#7637,#7638));
#7640=FACE_OUTER_BOUND('',#7639,.F.);
#7641=ADVANCED_FACE('',(#7640),#7633,.T.);
#7642=CARTESIAN_POINT('',(1.35E0,0.E0,0.E0));
#7643=DIRECTION('',(-1.E0,0.E0,0.E0));
#7644=DIRECTION('',(0.E0,1.E0,0.E0));
#7645=AXIS2_PLACEMENT_3D('',#7642,#7643,#7644);
#7646=PLANE('',#7645);
#7647=ORIENTED_EDGE('',*,*,#6573,.F.);
#7648=ORIENTED_EDGE('',*,*,#6718,.T.);
#7649=ORIENTED_EDGE('',*,*,#7611,.T.);
#7650=ORIENTED_EDGE('',*,*,#7635,.T.);
#7651=EDGE_LOOP('',(#7647,#7648,#7649,#7650));
#7652=FACE_OUTER_BOUND('',#7651,.F.);
#7653=ADVANCED_FACE('',(#7652),#7646,.F.);
#7654=CARTESIAN_POINT('',(1.85E0,-6.201223561365E-1,-3.3E-1));
#7655=DIRECTION('',(0.E0,0.E0,1.E0));
#7656=DIRECTION('',(0.E0,1.E0,0.E0));
#7657=AXIS2_PLACEMENT_3D('',#7654,#7655,#7656);
#7658=PLANE('',#7657);
#7659=ORIENTED_EDGE('',*,*,#7057,.T.);
#7661=ORIENTED_EDGE('',*,*,#7660,.T.);
#7663=ORIENTED_EDGE('',*,*,#7662,.F.);
#7665=ORIENTED_EDGE('',*,*,#7664,.F.);
#7666=EDGE_LOOP('',(#7659,#7661,#7663,#7665));
#7667=FACE_OUTER_BOUND('',#7666,.F.);
#7668=ADVANCED_FACE('',(#7667),#7658,.T.);
#7669=CARTESIAN_POINT('',(1.65E0,0.E0,0.E0));
#7670=DIRECTION('',(-1.E0,0.E0,0.E0));
#7671=DIRECTION('',(0.E0,1.E0,0.E0));
#7672=AXIS2_PLACEMENT_3D('',#7669,#7670,#7671);
#7673=PLANE('',#7672);
#7674=ORIENTED_EDGE('',*,*,#6569,.T.);
#7676=ORIENTED_EDGE('',*,*,#7675,.F.);
#7677=ORIENTED_EDGE('',*,*,#7660,.F.);
#7678=ORIENTED_EDGE('',*,*,#6714,.F.);
#7679=EDGE_LOOP('',(#7674,#7676,#7677,#7678));
#7680=FACE_OUTER_BOUND('',#7679,.F.);
#7681=ADVANCED_FACE('',(#7680),#7673,.T.);
#7682=CARTESIAN_POINT('',(1.85E0,-5.701223561365E-1,-3.3E-1));
#7683=DIRECTION('',(0.E0,1.E0,0.E0));
#7684=DIRECTION('',(0.E0,0.E0,-1.E0));
#7685=AXIS2_PLACEMENT_3D('',#7682,#7683,#7684);
#7686=PLANE('',#7685);
#7687=ORIENTED_EDGE('',*,*,#6567,.F.);
#7689=ORIENTED_EDGE('',*,*,#7688,.F.);
#7690=ORIENTED_EDGE('',*,*,#7662,.T.);
#7691=ORIENTED_EDGE('',*,*,#7675,.T.);
#7692=EDGE_LOOP('',(#7687,#7689,#7690,#7691));
#7693=FACE_OUTER_BOUND('',#7692,.F.);
#7694=ADVANCED_FACE('',(#7693),#7686,.T.);
#7695=CARTESIAN_POINT('',(1.85E0,0.E0,0.E0));
#7696=DIRECTION('',(-1.E0,0.E0,0.E0));
#7697=DIRECTION('',(0.E0,1.E0,0.E0));
#7698=AXIS2_PLACEMENT_3D('',#7695,#7696,#7697);
#7699=PLANE('',#7698);
#7700=ORIENTED_EDGE('',*,*,#6565,.F.);
#7701=ORIENTED_EDGE('',*,*,#6733,.T.);
#7702=ORIENTED_EDGE('',*,*,#7664,.T.);
#7703=ORIENTED_EDGE('',*,*,#7688,.T.);
#7704=EDGE_LOOP('',(#7700,#7701,#7702,#7703));
#7705=FACE_OUTER_BOUND('',#7704,.F.);
#7706=ADVANCED_FACE('',(#7705),#7699,.F.);
#7707=CARTESIAN_POINT('',(2.35E0,-6.201223561365E-1,-3.3E-1));
#7708=DIRECTION('',(0.E0,0.E0,1.E0));
#7709=DIRECTION('',(0.E0,1.E0,0.E0));
#7710=AXIS2_PLACEMENT_3D('',#7707,#7708,#7709);
#7711=PLANE('',#7710);
#7712=ORIENTED_EDGE('',*,*,#7060,.T.);
#7714=ORIENTED_EDGE('',*,*,#7713,.T.);
#7716=ORIENTED_EDGE('',*,*,#7715,.F.);
#7718=ORIENTED_EDGE('',*,*,#7717,.F.);
#7719=EDGE_LOOP('',(#7712,#7714,#7716,#7718));
#7720=FACE_OUTER_BOUND('',#7719,.F.);
#7721=ADVANCED_FACE('',(#7720),#7711,.T.);
#7722=CARTESIAN_POINT('',(2.15E0,0.E0,0.E0));
#7723=DIRECTION('',(-1.E0,0.E0,0.E0));
#7724=DIRECTION('',(0.E0,1.E0,0.E0));
#7725=AXIS2_PLACEMENT_3D('',#7722,#7723,#7724);
#7726=PLANE('',#7725);
#7727=ORIENTED_EDGE('',*,*,#6561,.T.);
#7729=ORIENTED_EDGE('',*,*,#7728,.F.);
#7730=ORIENTED_EDGE('',*,*,#7713,.F.);
#7731=ORIENTED_EDGE('',*,*,#6729,.F.);
#7732=EDGE_LOOP('',(#7727,#7729,#7730,#7731));
#7733=FACE_OUTER_BOUND('',#7732,.F.);
#7734=ADVANCED_FACE('',(#7733),#7726,.T.);
#7735=CARTESIAN_POINT('',(2.35E0,-5.701223561365E-1,-3.3E-1));
#7736=DIRECTION('',(0.E0,1.E0,0.E0));
#7737=DIRECTION('',(0.E0,0.E0,-1.E0));
#7738=AXIS2_PLACEMENT_3D('',#7735,#7736,#7737);
#7739=PLANE('',#7738);
#7740=ORIENTED_EDGE('',*,*,#6559,.F.);
#7742=ORIENTED_EDGE('',*,*,#7741,.F.);
#7743=ORIENTED_EDGE('',*,*,#7715,.T.);
#7744=ORIENTED_EDGE('',*,*,#7728,.T.);
#7745=EDGE_LOOP('',(#7740,#7742,#7743,#7744));
#7746=FACE_OUTER_BOUND('',#7745,.F.);
#7747=ADVANCED_FACE('',(#7746),#7739,.T.);
#7748=CARTESIAN_POINT('',(2.35E0,0.E0,0.E0));
#7749=DIRECTION('',(-1.E0,0.E0,0.E0));
#7750=DIRECTION('',(0.E0,1.E0,0.E0));
#7751=AXIS2_PLACEMENT_3D('',#7748,#7749,#7750);
#7752=PLANE('',#7751);
#7753=ORIENTED_EDGE('',*,*,#6557,.F.);
#7754=ORIENTED_EDGE('',*,*,#6748,.T.);
#7755=ORIENTED_EDGE('',*,*,#7717,.T.);
#7756=ORIENTED_EDGE('',*,*,#7741,.T.);
#7757=EDGE_LOOP('',(#7753,#7754,#7755,#7756));
#7758=FACE_OUTER_BOUND('',#7757,.F.);
#7759=ADVANCED_FACE('',(#7758),#7752,.F.);
#7760=CARTESIAN_POINT('',(2.85E0,-6.201223561365E-1,-3.3E-1));
#7761=DIRECTION('',(0.E0,0.E0,1.E0));
#7762=DIRECTION('',(0.E0,1.E0,0.E0));
#7763=AXIS2_PLACEMENT_3D('',#7760,#7761,#7762);
#7764=PLANE('',#7763);
#7765=ORIENTED_EDGE('',*,*,#7063,.T.);
#7767=ORIENTED_EDGE('',*,*,#7766,.T.);
#7769=ORIENTED_EDGE('',*,*,#7768,.F.);
#7771=ORIENTED_EDGE('',*,*,#7770,.F.);
#7772=EDGE_LOOP('',(#7765,#7767,#7769,#7771));
#7773=FACE_OUTER_BOUND('',#7772,.F.);
#7774=ADVANCED_FACE('',(#7773),#7764,.T.);
#7775=CARTESIAN_POINT('',(2.65E0,0.E0,0.E0));
#7776=DIRECTION('',(-1.E0,0.E0,0.E0));
#7777=DIRECTION('',(0.E0,1.E0,0.E0));
#7778=AXIS2_PLACEMENT_3D('',#7775,#7776,#7777);
#7779=PLANE('',#7778);
#7780=ORIENTED_EDGE('',*,*,#6553,.T.);
#7782=ORIENTED_EDGE('',*,*,#7781,.F.);
#7783=ORIENTED_EDGE('',*,*,#7766,.F.);
#7784=ORIENTED_EDGE('',*,*,#6744,.F.);
#7785=EDGE_LOOP('',(#7780,#7782,#7783,#7784));
#7786=FACE_OUTER_BOUND('',#7785,.F.);
#7787=ADVANCED_FACE('',(#7786),#7779,.T.);
#7788=CARTESIAN_POINT('',(2.85E0,-5.701223561365E-1,-3.3E-1));
#7789=DIRECTION('',(0.E0,1.E0,0.E0));
#7790=DIRECTION('',(0.E0,0.E0,-1.E0));
#7791=AXIS2_PLACEMENT_3D('',#7788,#7789,#7790);
#7792=PLANE('',#7791);
#7793=ORIENTED_EDGE('',*,*,#6551,.F.);
#7795=ORIENTED_EDGE('',*,*,#7794,.F.);
#7796=ORIENTED_EDGE('',*,*,#7768,.T.);
#7797=ORIENTED_EDGE('',*,*,#7781,.T.);
#7798=EDGE_LOOP('',(#7793,#7795,#7796,#7797));
#7799=FACE_OUTER_BOUND('',#7798,.F.);
#7800=ADVANCED_FACE('',(#7799),#7792,.T.);
#7801=CARTESIAN_POINT('',(2.85E0,0.E0,0.E0));
#7802=DIRECTION('',(-1.E0,0.E0,0.E0));
#7803=DIRECTION('',(0.E0,1.E0,0.E0));
#7804=AXIS2_PLACEMENT_3D('',#7801,#7802,#7803);
#7805=PLANE('',#7804);
#7806=ORIENTED_EDGE('',*,*,#6549,.F.);
#7807=ORIENTED_EDGE('',*,*,#6763,.T.);
#7808=ORIENTED_EDGE('',*,*,#7770,.T.);
#7809=ORIENTED_EDGE('',*,*,#7794,.T.);
#7810=EDGE_LOOP('',(#7806,#7807,#7808,#7809));
#7811=FACE_OUTER_BOUND('',#7810,.F.);
#7812=ADVANCED_FACE('',(#7811),#7805,.F.);
#7813=CARTESIAN_POINT('',(3.35E0,-6.201223561365E-1,-3.3E-1));
#7814=DIRECTION('',(0.E0,0.E0,1.E0));
#7815=DIRECTION('',(0.E0,1.E0,0.E0));
#7816=AXIS2_PLACEMENT_3D('',#7813,#7814,#7815);
#7817=PLANE('',#7816);
#7818=ORIENTED_EDGE('',*,*,#7066,.T.);
#7820=ORIENTED_EDGE('',*,*,#7819,.T.);
#7822=ORIENTED_EDGE('',*,*,#7821,.F.);
#7824=ORIENTED_EDGE('',*,*,#7823,.F.);
#7825=EDGE_LOOP('',(#7818,#7820,#7822,#7824));
#7826=FACE_OUTER_BOUND('',#7825,.F.);
#7827=ADVANCED_FACE('',(#7826),#7817,.T.);
#7828=CARTESIAN_POINT('',(3.15E0,0.E0,0.E0));
#7829=DIRECTION('',(-1.E0,0.E0,0.E0));
#7830=DIRECTION('',(0.E0,1.E0,0.E0));
#7831=AXIS2_PLACEMENT_3D('',#7828,#7829,#7830);
#7832=PLANE('',#7831);
#7833=ORIENTED_EDGE('',*,*,#6545,.T.);
#7835=ORIENTED_EDGE('',*,*,#7834,.F.);
#7836=ORIENTED_EDGE('',*,*,#7819,.F.);
#7837=ORIENTED_EDGE('',*,*,#6759,.F.);
#7838=EDGE_LOOP('',(#7833,#7835,#7836,#7837));
#7839=FACE_OUTER_BOUND('',#7838,.F.);
#7840=ADVANCED_FACE('',(#7839),#7832,.T.);
#7841=CARTESIAN_POINT('',(3.35E0,-5.701223561365E-1,-3.3E-1));
#7842=DIRECTION('',(0.E0,1.E0,0.E0));
#7843=DIRECTION('',(0.E0,0.E0,-1.E0));
#7844=AXIS2_PLACEMENT_3D('',#7841,#7842,#7843);
#7845=PLANE('',#7844);
#7846=ORIENTED_EDGE('',*,*,#6543,.F.);
#7848=ORIENTED_EDGE('',*,*,#7847,.F.);
#7849=ORIENTED_EDGE('',*,*,#7821,.T.);
#7850=ORIENTED_EDGE('',*,*,#7834,.T.);
#7851=EDGE_LOOP('',(#7846,#7848,#7849,#7850));
#7852=FACE_OUTER_BOUND('',#7851,.F.);
#7853=ADVANCED_FACE('',(#7852),#7845,.T.);
#7854=CARTESIAN_POINT('',(3.35E0,0.E0,0.E0));
#7855=DIRECTION('',(-1.E0,0.E0,0.E0));
#7856=DIRECTION('',(0.E0,1.E0,0.E0));
#7857=AXIS2_PLACEMENT_3D('',#7854,#7855,#7856);
#7858=PLANE('',#7857);
#7859=ORIENTED_EDGE('',*,*,#6541,.F.);
#7860=ORIENTED_EDGE('',*,*,#6778,.T.);
#7861=ORIENTED_EDGE('',*,*,#7823,.T.);
#7862=ORIENTED_EDGE('',*,*,#7847,.T.);
#7863=EDGE_LOOP('',(#7859,#7860,#7861,#7862));
#7864=FACE_OUTER_BOUND('',#7863,.F.);
#7865=ADVANCED_FACE('',(#7864),#7858,.F.);
#7866=CARTESIAN_POINT('',(3.85E0,-6.201223561365E-1,-3.3E-1));
#7867=DIRECTION('',(0.E0,0.E0,1.E0));
#7868=DIRECTION('',(0.E0,1.E0,0.E0));
#7869=AXIS2_PLACEMENT_3D('',#7866,#7867,#7868);
#7870=PLANE('',#7869);
#7871=ORIENTED_EDGE('',*,*,#7069,.T.);
#7873=ORIENTED_EDGE('',*,*,#7872,.T.);
#7875=ORIENTED_EDGE('',*,*,#7874,.F.);
#7877=ORIENTED_EDGE('',*,*,#7876,.F.);
#7878=EDGE_LOOP('',(#7871,#7873,#7875,#7877));
#7879=FACE_OUTER_BOUND('',#7878,.F.);
#7880=ADVANCED_FACE('',(#7879),#7870,.T.);
#7881=CARTESIAN_POINT('',(3.65E0,0.E0,0.E0));
#7882=DIRECTION('',(-1.E0,0.E0,0.E0));
#7883=DIRECTION('',(0.E0,1.E0,0.E0));
#7884=AXIS2_PLACEMENT_3D('',#7881,#7882,#7883);
#7885=PLANE('',#7884);
#7886=ORIENTED_EDGE('',*,*,#6537,.T.);
#7888=ORIENTED_EDGE('',*,*,#7887,.F.);
#7889=ORIENTED_EDGE('',*,*,#7872,.F.);
#7890=ORIENTED_EDGE('',*,*,#6774,.F.);
#7891=EDGE_LOOP('',(#7886,#7888,#7889,#7890));
#7892=FACE_OUTER_BOUND('',#7891,.F.);
#7893=ADVANCED_FACE('',(#7892),#7885,.T.);
#7894=CARTESIAN_POINT('',(3.85E0,-5.701223561365E-1,-3.3E-1));
#7895=DIRECTION('',(0.E0,1.E0,0.E0));
#7896=DIRECTION('',(0.E0,0.E0,-1.E0));
#7897=AXIS2_PLACEMENT_3D('',#7894,#7895,#7896);
#7898=PLANE('',#7897);
#7899=ORIENTED_EDGE('',*,*,#6535,.F.);
#7901=ORIENTED_EDGE('',*,*,#7900,.F.);
#7902=ORIENTED_EDGE('',*,*,#7874,.T.);
#7903=ORIENTED_EDGE('',*,*,#7887,.T.);
#7904=EDGE_LOOP('',(#7899,#7901,#7902,#7903));
#7905=FACE_OUTER_BOUND('',#7904,.F.);
#7906=ADVANCED_FACE('',(#7905),#7898,.T.);
#7907=CARTESIAN_POINT('',(3.85E0,0.E0,0.E0));
#7908=DIRECTION('',(-1.E0,0.E0,0.E0));
#7909=DIRECTION('',(0.E0,1.E0,0.E0));
#7910=AXIS2_PLACEMENT_3D('',#7907,#7908,#7909);
#7911=PLANE('',#7910);
#7912=ORIENTED_EDGE('',*,*,#6533,.F.);
#7913=ORIENTED_EDGE('',*,*,#6808,.T.);
#7914=ORIENTED_EDGE('',*,*,#7876,.T.);
#7915=ORIENTED_EDGE('',*,*,#7900,.T.);
#7916=EDGE_LOOP('',(#7912,#7913,#7914,#7915));
#7917=FACE_OUTER_BOUND('',#7916,.F.);
#7918=ADVANCED_FACE('',(#7917),#7911,.F.);
#7919=CARTESIAN_POINT('',(4.35E0,-6.201223561365E-1,-3.3E-1));
#7920=DIRECTION('',(0.E0,0.E0,1.E0));
#7921=DIRECTION('',(0.E0,1.E0,0.E0));
#7922=AXIS2_PLACEMENT_3D('',#7919,#7920,#7921);
#7923=PLANE('',#7922);
#7924=ORIENTED_EDGE('',*,*,#7072,.T.);
#7926=ORIENTED_EDGE('',*,*,#7925,.T.);
#7928=ORIENTED_EDGE('',*,*,#7927,.F.);
#7930=ORIENTED_EDGE('',*,*,#7929,.F.);
#7931=EDGE_LOOP('',(#7924,#7926,#7928,#7930));
#7932=FACE_OUTER_BOUND('',#7931,.F.);
#7933=ADVANCED_FACE('',(#7932),#7923,.T.);
#7934=CARTESIAN_POINT('',(4.15E0,0.E0,0.E0));
#7935=DIRECTION('',(-1.E0,0.E0,0.E0));
#7936=DIRECTION('',(0.E0,1.E0,0.E0));
#7937=AXIS2_PLACEMENT_3D('',#7934,#7935,#7936);
#7938=PLANE('',#7937);
#7939=ORIENTED_EDGE('',*,*,#6529,.T.);
#7941=ORIENTED_EDGE('',*,*,#7940,.F.);
#7942=ORIENTED_EDGE('',*,*,#7925,.F.);
#7943=ORIENTED_EDGE('',*,*,#6804,.F.);
#7944=EDGE_LOOP('',(#7939,#7941,#7942,#7943));
#7945=FACE_OUTER_BOUND('',#7944,.F.);
#7946=ADVANCED_FACE('',(#7945),#7938,.T.);
#7947=CARTESIAN_POINT('',(4.35E0,-5.701223561365E-1,-3.3E-1));
#7948=DIRECTION('',(0.E0,1.E0,0.E0));
#7949=DIRECTION('',(0.E0,0.E0,-1.E0));
#7950=AXIS2_PLACEMENT_3D('',#7947,#7948,#7949);
#7951=PLANE('',#7950);
#7952=ORIENTED_EDGE('',*,*,#6527,.F.);
#7954=ORIENTED_EDGE('',*,*,#7953,.F.);
#7955=ORIENTED_EDGE('',*,*,#7927,.T.);
#7956=ORIENTED_EDGE('',*,*,#7940,.T.);
#7957=EDGE_LOOP('',(#7952,#7954,#7955,#7956));
#7958=FACE_OUTER_BOUND('',#7957,.F.);
#7959=ADVANCED_FACE('',(#7958),#7951,.T.);
#7960=CARTESIAN_POINT('',(4.35E0,0.E0,0.E0));
#7961=DIRECTION('',(-1.E0,0.E0,0.E0));
#7962=DIRECTION('',(0.E0,1.E0,0.E0));
#7963=AXIS2_PLACEMENT_3D('',#7960,#7961,#7962);
#7964=PLANE('',#7963);
#7965=ORIENTED_EDGE('',*,*,#6525,.F.);
#7966=ORIENTED_EDGE('',*,*,#6789,.T.);
#7967=ORIENTED_EDGE('',*,*,#7929,.T.);
#7968=ORIENTED_EDGE('',*,*,#7953,.T.);
#7969=EDGE_LOOP('',(#7965,#7966,#7967,#7968));
#7970=FACE_OUTER_BOUND('',#7969,.F.);
#7971=ADVANCED_FACE('',(#7970),#7964,.F.);
#7972=CARTESIAN_POINT('',(4.77E0,-1.E0,-3.E-2));
#7973=DIRECTION('',(-1.E0,0.E0,0.E0));
#7974=DIRECTION('',(0.E0,0.E0,-1.E0));
#7975=AXIS2_PLACEMENT_3D('',#7972,#7973,#7974);
#7976=PLANE('',#7975);
#7977=ORIENTED_EDGE('',*,*,#5588,.T.);
#7978=ORIENTED_EDGE('',*,*,#5424,.T.);
#7980=ORIENTED_EDGE('',*,*,#7979,.T.);
#7981=ORIENTED_EDGE('',*,*,#7075,.F.);
#7982=ORIENTED_EDGE('',*,*,#6792,.T.);
#7983=ORIENTED_EDGE('',*,*,#6521,.T.);
#7984=ORIENTED_EDGE('',*,*,#5530,.F.);
#7985=ORIENTED_EDGE('',*,*,#6264,.F.);
#7986=ORIENTED_EDGE('',*,*,#6093,.T.);
#7988=ORIENTED_EDGE('',*,*,#7987,.T.);
#7989=EDGE_LOOP('',(#7977,#7978,#7980,#7981,#7982,#7983,#7984,#7985,#7986,
#7988));
#7990=FACE_OUTER_BOUND('',#7989,.F.);
#7991=ADVANCED_FACE('',(#7990),#7976,.F.);
#7992=CARTESIAN_POINT('',(-4.77E0,-1.E0,-3.E-2));
#7993=DIRECTION('',(0.E0,0.E0,-1.E0));
#7994=DIRECTION('',(1.E0,0.E0,0.E0));
#7995=AXIS2_PLACEMENT_3D('',#7992,#7993,#7994);
#7996=PLANE('',#7995);
#7997=ORIENTED_EDGE('',*,*,#7077,.F.);
#7998=ORIENTED_EDGE('',*,*,#7979,.F.);
#7999=ORIENTED_EDGE('',*,*,#5422,.F.);
#8001=ORIENTED_EDGE('',*,*,#8000,.T.);
#8002=EDGE_LOOP('',(#7997,#7998,#7999,#8001));
#8003=FACE_OUTER_BOUND('',#8002,.F.);
#8004=ADVANCED_FACE('',(#8003),#7996,.F.);
#8005=CARTESIAN_POINT('',(-4.77E0,-1.E0,-4.07E0));
#8006=DIRECTION('',(1.E0,0.E0,0.E0));
#8007=DIRECTION('',(0.E0,0.E0,1.E0));
#8008=AXIS2_PLACEMENT_3D('',#8005,#8006,#8007);
#8009=PLANE('',#8008);
#8010=ORIENTED_EDGE('',*,*,#5585,.F.);
#8012=ORIENTED_EDGE('',*,*,#8011,.T.);
#8013=ORIENTED_EDGE('',*,*,#6514,.T.);
#8014=ORIENTED_EDGE('',*,*,#6957,.F.);
#8015=ORIENTED_EDGE('',*,*,#7079,.F.);
#8016=ORIENTED_EDGE('',*,*,#8000,.F.);
#8017=ORIENTED_EDGE('',*,*,#5420,.F.);
#8018=EDGE_LOOP('',(#8010,#8012,#8013,#8014,#8015,#8016,#8017));
#8019=FACE_OUTER_BOUND('',#8018,.F.);
#8020=ADVANCED_FACE('',(#8019),#8009,.F.);
#8021=CARTESIAN_POINT('',(0.E0,-5.E-1,0.E0));
#8022=DIRECTION('',(0.E0,-1.E0,0.E0));
#8023=DIRECTION('',(0.E0,0.E0,-1.E0));
#8024=AXIS2_PLACEMENT_3D('',#8021,#8022,#8023);
#8025=PLANE('',#8024);
#8026=ORIENTED_EDGE('',*,*,#5583,.F.);
#8028=ORIENTED_EDGE('',*,*,#8027,.F.);
#8029=ORIENTED_EDGE('',*,*,#6516,.F.);
#8030=ORIENTED_EDGE('',*,*,#8011,.F.);
#8031=EDGE_LOOP('',(#8026,#8028,#8029,#8030));
#8032=FACE_OUTER_BOUND('',#8031,.F.);
#8033=ADVANCED_FACE('',(#8032),#8025,.T.);
#8034=CARTESIAN_POINT('',(0.E0,-5.E-1,0.E0));
#8035=DIRECTION('',(0.E0,-1.E0,0.E0));
#8036=DIRECTION('',(0.E0,0.E0,-1.E0));
#8037=AXIS2_PLACEMENT_3D('',#8034,#8035,#8036);
#8038=PLANE('',#8037);
#8039=ORIENTED_EDGE('',*,*,#5590,.F.);
#8040=ORIENTED_EDGE('',*,*,#7987,.F.);
#8041=ORIENTED_EDGE('',*,*,#6091,.T.);
#8042=ORIENTED_EDGE('',*,*,#5471,.F.);
#8043=EDGE_LOOP('',(#8039,#8040,#8041,#8042));
#8044=FACE_OUTER_BOUND('',#8043,.F.);
#8045=ADVANCED_FACE('',(#8044),#8038,.T.);
#8046=CARTESIAN_POINT('',(-4.8E0,-1.E0,0.E0));
#8047=DIRECTION('',(-1.E0,0.E0,0.E0));
#8048=DIRECTION('',(0.E0,0.E0,-1.E0));
#8049=AXIS2_PLACEMENT_3D('',#8046,#8047,#8048);
#8050=PLANE('',#8049);
#8051=ORIENTED_EDGE('',*,*,#8027,.T.);
#8052=ORIENTED_EDGE('',*,*,#5581,.T.);
#8053=ORIENTED_EDGE('',*,*,#5410,.F.);
#8054=ORIENTED_EDGE('',*,*,#6475,.T.);
#8055=ORIENTED_EDGE('',*,*,#6496,.T.);
#8056=ORIENTED_EDGE('',*,*,#6518,.T.);
#8057=EDGE_LOOP('',(#8051,#8052,#8053,#8054,#8055,#8056));
#8058=FACE_OUTER_BOUND('',#8057,.F.);
#8059=ADVANCED_FACE('',(#8058),#8050,.F.);
#8060=CARTESIAN_POINT('',(7.3E0,-1.E0,0.E0));
#8061=DIRECTION('',(1.E0,0.E0,0.E0));
#8062=DIRECTION('',(0.E0,0.E0,-1.E0));
#8063=AXIS2_PLACEMENT_3D('',#8060,#8061,#8062);
#8064=PLANE('',#8063);
#8065=ORIENTED_EDGE('',*,*,#5384,.F.);
#8066=ORIENTED_EDGE('',*,*,#6480,.T.);
#8067=ORIENTED_EDGE('',*,*,#6370,.T.);
#8068=ORIENTED_EDGE('',*,*,#5536,.F.);
#8069=EDGE_LOOP('',(#8065,#8066,#8067,#8068));
#8070=FACE_OUTER_BOUND('',#8069,.F.);
#8072=ORIENTED_EDGE('',*,*,#8071,.F.);
#8074=ORIENTED_EDGE('',*,*,#8073,.T.);
#8076=ORIENTED_EDGE('',*,*,#8075,.T.);
#8078=ORIENTED_EDGE('',*,*,#8077,.T.);
#8080=ORIENTED_EDGE('',*,*,#8079,.T.);
#8082=ORIENTED_EDGE('',*,*,#8081,.T.);
#8084=ORIENTED_EDGE('',*,*,#8083,.T.);
#8086=ORIENTED_EDGE('',*,*,#8085,.T.);
#8088=ORIENTED_EDGE('',*,*,#8087,.T.);
#8090=ORIENTED_EDGE('',*,*,#8089,.T.);
#8092=ORIENTED_EDGE('',*,*,#8091,.T.);
#8094=ORIENTED_EDGE('',*,*,#8093,.T.);
#8096=ORIENTED_EDGE('',*,*,#8095,.T.);
#8098=ORIENTED_EDGE('',*,*,#8097,.T.);
#8100=ORIENTED_EDGE('',*,*,#8099,.T.);
#8102=ORIENTED_EDGE('',*,*,#8101,.T.);
#8104=ORIENTED_EDGE('',*,*,#8103,.T.);
#8106=ORIENTED_EDGE('',*,*,#8105,.T.);
#8108=ORIENTED_EDGE('',*,*,#8107,.T.);
#8110=ORIENTED_EDGE('',*,*,#8109,.T.);
#8112=ORIENTED_EDGE('',*,*,#8111,.T.);
#8114=ORIENTED_EDGE('',*,*,#8113,.T.);
#8116=ORIENTED_EDGE('',*,*,#8115,.T.);
#8118=ORIENTED_EDGE('',*,*,#8117,.T.);
#8120=ORIENTED_EDGE('',*,*,#8119,.T.);
#8122=ORIENTED_EDGE('',*,*,#8121,.T.);
#8124=ORIENTED_EDGE('',*,*,#8123,.T.);
#8126=ORIENTED_EDGE('',*,*,#8125,.T.);
#8128=ORIENTED_EDGE('',*,*,#8127,.T.);
#8130=ORIENTED_EDGE('',*,*,#8129,.T.);
#8132=ORIENTED_EDGE('',*,*,#8131,.T.);
#8134=ORIENTED_EDGE('',*,*,#8133,.T.);
#8136=ORIENTED_EDGE('',*,*,#8135,.T.);
#8138=ORIENTED_EDGE('',*,*,#8137,.T.);
#8140=ORIENTED_EDGE('',*,*,#8139,.T.);
#8142=ORIENTED_EDGE('',*,*,#8141,.T.);
#8144=ORIENTED_EDGE('',*,*,#8143,.T.);
#8146=ORIENTED_EDGE('',*,*,#8145,.T.);
#8148=ORIENTED_EDGE('',*,*,#8147,.T.);
#8150=ORIENTED_EDGE('',*,*,#8149,.T.);
#8152=ORIENTED_EDGE('',*,*,#8151,.T.);
#8154=ORIENTED_EDGE('',*,*,#8153,.F.);
#8156=ORIENTED_EDGE('',*,*,#8155,.T.);
#8158=ORIENTED_EDGE('',*,*,#8157,.T.);
#8160=ORIENTED_EDGE('',*,*,#8159,.T.);
#8161=EDGE_LOOP('',(#8072,#8074,#8076,#8078,#8080,#8082,#8084,#8086,#8088,#8090,
#8092,#8094,#8096,#8098,#8100,#8102,#8104,#8106,#8108,#8110,#8112,#8114,#8116,
#8118,#8120,#8122,#8124,#8126,#8128,#8130,#8132,#8134,#8136,#8138,#8140,#8142,
#8144,#8146,#8148,#8150,#8152,#8154,#8156,#8158,#8160));
#8162=FACE_BOUND('',#8161,.F.);
#8163=ADVANCED_FACE('',(#8070,#8162),#8064,.T.);
#8164=CARTESIAN_POINT('',(7.3E0,4.911064026810E-1,-5.553258490313E-1));
#8165=DIRECTION('',(1.E0,0.E0,0.E0));
#8166=DIRECTION('',(0.E0,1.E0,0.E0));
#8167=AXIS2_PLACEMENT_3D('',#8164,#8165,#8166);
#8168=CYLINDRICAL_SURFACE('',#8167,1.89E-2);
#8169=ORIENTED_EDGE('',*,*,#8071,.T.);
#8171=ORIENTED_EDGE('',*,*,#8170,.T.);
#8173=ORIENTED_EDGE('',*,*,#8172,.T.);
#8175=ORIENTED_EDGE('',*,*,#8174,.F.);
#8176=EDGE_LOOP('',(#8169,#8171,#8173,#8175));
#8177=FACE_OUTER_BOUND('',#8176,.F.);
#8178=ADVANCED_FACE('',(#8177),#8168,.T.);
#8179=CARTESIAN_POINT('',(7.3E0,4.039315099285E-1,-5.364258490313E-1));
#8180=DIRECTION('',(0.E0,0.E0,-1.E0));
#8181=DIRECTION('',(0.E0,1.E0,0.E0));
#8182=AXIS2_PLACEMENT_3D('',#8179,#8180,#8181);
#8183=PLANE('',#8182);
#8184=ORIENTED_EDGE('',*,*,#8159,.F.);
#8186=ORIENTED_EDGE('',*,*,#8185,.T.);
#8188=ORIENTED_EDGE('',*,*,#8187,.T.);
#8189=ORIENTED_EDGE('',*,*,#8170,.F.);
#8190=EDGE_LOOP('',(#8184,#8186,#8188,#8189));
#8191=FACE_OUTER_BOUND('',#8190,.F.);
#8192=ADVANCED_FACE('',(#8191),#8183,.F.);
#8193=CARTESIAN_POINT('',(7.3E0,4.165467191003E-1,-4.713258490313E-1));
#8194=DIRECTION('',(0.E0,-9.817370361667E-1,1.902429809971E-1));
#8195=DIRECTION('',(0.E0,-1.902429809971E-1,-9.817370361667E-1));
#8196=AXIS2_PLACEMENT_3D('',#8193,#8194,#8195);
#8197=PLANE('',#8196);
#8198=ORIENTED_EDGE('',*,*,#8157,.F.);
#8200=ORIENTED_EDGE('',*,*,#8199,.T.);
#8202=ORIENTED_EDGE('',*,*,#8201,.T.);
#8203=ORIENTED_EDGE('',*,*,#8185,.F.);
#8204=EDGE_LOOP('',(#8198,#8200,#8202,#8203));
#8205=FACE_OUTER_BOUND('',#8204,.F.);
#8206=ADVANCED_FACE('',(#8205),#8197,.F.);
#8207=CARTESIAN_POINT('',(7.3E0,5.041180782258E-1,-4.713258490313E-1));
#8208=DIRECTION('',(0.E0,0.E0,1.E0));
#8209=DIRECTION('',(0.E0,-1.E0,0.E0));
#8210=AXIS2_PLACEMENT_3D('',#8207,#8208,#8209);
#8211=PLANE('',#8210);
#8212=ORIENTED_EDGE('',*,*,#8155,.F.);
#8214=ORIENTED_EDGE('',*,*,#8213,.T.);
#8216=ORIENTED_EDGE('',*,*,#8215,.T.);
#8217=ORIENTED_EDGE('',*,*,#8199,.F.);
#8218=EDGE_LOOP('',(#8212,#8214,#8216,#8217));
#8219=FACE_OUTER_BOUND('',#8218,.F.);
#8220=ADVANCED_FACE('',(#8219),#8211,.F.);
#8221=CARTESIAN_POINT('',(7.3E0,5.041180782258E-1,-4.440258490313E-1));
#8222=DIRECTION('',(1.E0,0.E0,0.E0));
#8223=DIRECTION('',(0.E0,1.E0,0.E0));
#8224=AXIS2_PLACEMENT_3D('',#8221,#8222,#8223);
#8225=CYLINDRICAL_SURFACE('',#8224,2.73E-2);
#8226=ORIENTED_EDGE('',*,*,#8153,.T.);
#8228=ORIENTED_EDGE('',*,*,#8227,.T.);
#8230=ORIENTED_EDGE('',*,*,#8229,.T.);
#8231=ORIENTED_EDGE('',*,*,#8213,.F.);
#8232=EDGE_LOOP('',(#8226,#8228,#8230,#8231));
#8233=FACE_OUTER_BOUND('',#8232,.F.);
#8234=ADVANCED_FACE('',(#8233),#8225,.T.);
#8235=CARTESIAN_POINT('',(7.3E0,5.429133723009E-1,-3.873258490313E-1));
#8236=DIRECTION('',(0.E0,-9.817370361667E-1,1.902429809971E-1));
#8237=DIRECTION('',(0.E0,-1.902429809971E-1,-9.817370361667E-1));
#8238=AXIS2_PLACEMENT_3D('',#8235,#8236,#8237);
#8239=PLANE('',#8238);
#8240=ORIENTED_EDGE('',*,*,#8151,.F.);
#8242=ORIENTED_EDGE('',*,*,#8241,.T.);
#8244=ORIENTED_EDGE('',*,*,#8243,.T.);
#8245=ORIENTED_EDGE('',*,*,#8227,.F.);
#8246=EDGE_LOOP('',(#8240,#8242,#8244,#8245));
#8247=FACE_OUTER_BOUND('',#8246,.F.);
#8248=ADVANCED_FACE('',(#8247),#8239,.F.);
#8249=CARTESIAN_POINT('',(7.3E0,4.328244083542E-1,-3.873258490313E-1));
#8250=DIRECTION('',(0.E0,0.E0,-1.E0));
#8251=DIRECTION('',(0.E0,1.E0,0.E0));
#8252=AXIS2_PLACEMENT_3D('',#8249,#8250,#8251);
#8253=PLANE('',#8252);
#8254=ORIENTED_EDGE('',*,*,#8149,.F.);
#8256=ORIENTED_EDGE('',*,*,#8255,.T.);
#8258=ORIENTED_EDGE('',*,*,#8257,.T.);
#8259=ORIENTED_EDGE('',*,*,#8241,.F.);
#8260=EDGE_LOOP('',(#8254,#8256,#8258,#8259));
#8261=FACE_OUTER_BOUND('',#8260,.F.);
#8262=ADVANCED_FACE('',(#8261),#8253,.F.);
#8263=CARTESIAN_POINT('',(7.3E0,4.454396175259E-1,-3.222258490313E-1));
#8264=DIRECTION('',(0.E0,-9.817370361667E-1,1.902429809971E-1));
#8265=DIRECTION('',(0.E0,-1.902429809971E-1,-9.817370361667E-1));
#8266=AXIS2_PLACEMENT_3D('',#8263,#8264,#8265);
#8267=PLANE('',#8266);
#8268=ORIENTED_EDGE('',*,*,#8147,.F.);
#8270=ORIENTED_EDGE('',*,*,#8269,.T.);
#8272=ORIENTED_EDGE('',*,*,#8271,.T.);
#8273=ORIENTED_EDGE('',*,*,#8255,.F.);
#8274=EDGE_LOOP('',(#8268,#8270,#8272,#8273));
#8275=FACE_OUTER_BOUND('',#8274,.F.);
#8276=ADVANCED_FACE('',(#8275),#8267,.F.);
#8277=CARTESIAN_POINT('',(7.3E0,5.734654672267E-1,-3.222258490313E-1));
#8278=DIRECTION('',(0.E0,0.E0,1.E0));
#8279=DIRECTION('',(0.E0,-1.E0,0.E0));
#8280=AXIS2_PLACEMENT_3D('',#8277,#8278,#8279);
#8281=PLANE('',#8280);
#8282=ORIENTED_EDGE('',*,*,#8145,.F.);
#8284=ORIENTED_EDGE('',*,*,#8283,.T.);
#8286=ORIENTED_EDGE('',*,*,#8285,.T.);
#8287=ORIENTED_EDGE('',*,*,#8269,.F.);
#8288=EDGE_LOOP('',(#8282,#8284,#8286,#8287));
#8289=FACE_OUTER_BOUND('',#8288,.F.);
#8290=ADVANCED_FACE('',(#8289),#8281,.F.);
#8291=CARTESIAN_POINT('',(7.3E0,5.734654672267E-1,-3.621258490313E-1));
#8292=DIRECTION('',(1.E0,0.E0,0.E0));
#8293=DIRECTION('',(0.E0,1.E0,0.E0));
#8294=AXIS2_PLACEMENT_3D('',#8291,#8292,#8293);
#8295=CYLINDRICAL_SURFACE('',#8294,3.99E-2);
#8296=ORIENTED_EDGE('',*,*,#8143,.F.);
#8298=ORIENTED_EDGE('',*,*,#8297,.T.);
#8300=ORIENTED_EDGE('',*,*,#8299,.T.);
#8301=ORIENTED_EDGE('',*,*,#8283,.F.);
#8302=EDGE_LOOP('',(#8296,#8298,#8300,#8301));
#8303=FACE_OUTER_BOUND('',#8302,.F.);
#8304=ADVANCED_FACE('',(#8303),#8295,.F.);
#8305=CARTESIAN_POINT('',(7.3E0,5.964567220427E-1,-4.532126977990E-1));
#8306=DIRECTION('',(0.E0,9.817370361667E-1,-1.902429809971E-1));
#8307=DIRECTION('',(0.E0,1.902429809971E-1,9.817370361667E-1));
#8308=AXIS2_PLACEMENT_3D('',#8305,#8306,#8307);
#8309=PLANE('',#8308);
#8310=ORIENTED_EDGE('',*,*,#8141,.F.);
#8312=ORIENTED_EDGE('',*,*,#8311,.T.);
#8314=ORIENTED_EDGE('',*,*,#8313,.T.);
#8315=ORIENTED_EDGE('',*,*,#8297,.F.);
#8316=EDGE_LOOP('',(#8310,#8312,#8314,#8315));
#8317=FACE_OUTER_BOUND('',#8316,.F.);
#8318=ADVANCED_FACE('',(#8317),#8309,.F.);
#8319=CARTESIAN_POINT('',(7.3E0,5.351086985682E-1,-5.028258490316E-1));
#8320=DIRECTION('',(0.E0,6.288188809351E-1,-7.775518085501E-1));
#8321=DIRECTION('',(0.E0,7.775518085501E-1,6.288188809351E-1));
#8322=AXIS2_PLACEMENT_3D('',#8319,#8320,#8321);
#8323=PLANE('',#8322);
#8324=ORIENTED_EDGE('',*,*,#8139,.F.);
#8326=ORIENTED_EDGE('',*,*,#8325,.T.);
#8328=ORIENTED_EDGE('',*,*,#8327,.T.);
#8329=ORIENTED_EDGE('',*,*,#8311,.F.);
#8330=EDGE_LOOP('',(#8324,#8326,#8328,#8329));
#8331=FACE_OUTER_BOUND('',#8330,.F.);
#8332=ADVANCED_FACE('',(#8331),#8323,.F.);
#8333=CARTESIAN_POINT('',(7.3E0,5.763674970139E-1,-5.568818904035E-1));
#8334=DIRECTION('',(0.E0,7.949122119128E-1,6.067244641119E-1));
#8335=DIRECTION('',(0.E0,-6.067244641119E-1,7.949122119128E-1));
#8336=AXIS2_PLACEMENT_3D('',#8333,#8334,#8335);
#8337=PLANE('',#8336);
#8338=ORIENTED_EDGE('',*,*,#8137,.F.);
#8340=ORIENTED_EDGE('',*,*,#8339,.T.);
#8342=ORIENTED_EDGE('',*,*,#8341,.T.);
#8343=ORIENTED_EDGE('',*,*,#8325,.F.);
#8344=EDGE_LOOP('',(#8338,#8340,#8342,#8343));
#8345=FACE_OUTER_BOUND('',#8344,.F.);
#8346=ADVANCED_FACE('',(#8345),#8337,.F.);
#8347=CARTESIAN_POINT('',(7.3E0,5.523696192996E-1,-6.807214413721E-1));
#8348=DIRECTION('',(0.E0,9.817370361667E-1,-1.902429809971E-1));
#8349=DIRECTION('',(0.E0,1.902429809971E-1,9.817370361667E-1));
#8350=AXIS2_PLACEMENT_3D('',#8347,#8348,#8349);
#8351=PLANE('',#8350);
#8352=ORIENTED_EDGE('',*,*,#8135,.F.);
#8354=ORIENTED_EDGE('',*,*,#8353,.T.);
#8356=ORIENTED_EDGE('',*,*,#8355,.T.);
#8357=ORIENTED_EDGE('',*,*,#8339,.F.);
#8358=EDGE_LOOP('',(#8352,#8354,#8356,#8357));
#8359=FACE_OUTER_BOUND('',#8358,.F.);
#8360=ADVANCED_FACE('',(#8359),#8351,.F.);
#8361=CARTESIAN_POINT('',(7.3E0,5.338147893160E-1,-6.771258490313E-1));
#8362=DIRECTION('',(1.E0,0.E0,0.E0));
#8363=DIRECTION('',(0.E0,1.E0,0.E0));
#8364=AXIS2_PLACEMENT_3D('',#8361,#8362,#8363);
#8365=CYLINDRICAL_SURFACE('',#8364,1.89E-2);
#8366=ORIENTED_EDGE('',*,*,#8133,.F.);
#8368=ORIENTED_EDGE('',*,*,#8367,.T.);
#8370=ORIENTED_EDGE('',*,*,#8369,.T.);
#8371=ORIENTED_EDGE('',*,*,#8353,.F.);
#8372=EDGE_LOOP('',(#8366,#8368,#8370,#8371));
#8373=FACE_OUTER_BOUND('',#8372,.F.);
#8374=ADVANCED_FACE('',(#8373),#8365,.F.);
#8375=CARTESIAN_POINT('',(7.3E0,1.328713466580E-1,-6.960258490313E-1));
#8376=DIRECTION('',(0.E0,0.E0,-1.E0));
#8377=DIRECTION('',(0.E0,1.E0,0.E0));
#8378=AXIS2_PLACEMENT_3D('',#8375,#8376,#8377);
#8379=PLANE('',#8378);
#8380=ORIENTED_EDGE('',*,*,#8131,.F.);
#8382=ORIENTED_EDGE('',*,*,#8381,.T.);
#8384=ORIENTED_EDGE('',*,*,#8383,.T.);
#8385=ORIENTED_EDGE('',*,*,#8367,.F.);
#8386=EDGE_LOOP('',(#8380,#8382,#8384,#8385));
#8387=FACE_OUTER_BOUND('',#8386,.F.);
#8388=ADVANCED_FACE('',(#8387),#8379,.F.);
#8389=CARTESIAN_POINT('',(7.3E0,4.327730522411E-2,-5.152229974229E-1));
#8390=DIRECTION('',(0.E0,-8.960219558486E-1,-4.440097461062E-1));
#8391=DIRECTION('',(0.E0,4.440097461062E-1,-8.960219558486E-1));
#8392=AXIS2_PLACEMENT_3D('',#8389,#8390,#8391);
#8393=PLANE('',#8392);
#8394=ORIENTED_EDGE('',*,*,#8129,.F.);
#8396=ORIENTED_EDGE('',*,*,#8395,.T.);
#8398=ORIENTED_EDGE('',*,*,#8397,.T.);
#8399=ORIENTED_EDGE('',*,*,#8381,.F.);
#8400=EDGE_LOOP('',(#8394,#8396,#8398,#8399));
#8401=FACE_OUTER_BOUND('',#8400,.F.);
#8402=ADVANCED_FACE('',(#8401),#8393,.F.);
#8403=CARTESIAN_POINT('',(7.3E0,7.667979876367E-3,-5.454432775371E-1));
#8404=DIRECTION('',(0.E0,6.470559615694E-1,-7.624425110114E-1));
#8405=DIRECTION('',(0.E0,7.624425110114E-1,6.470559615694E-1));
#8406=AXIS2_PLACEMENT_3D('',#8403,#8404,#8405);
#8407=PLANE('',#8406);
#8408=ORIENTED_EDGE('',*,*,#8127,.F.);
#8410=ORIENTED_EDGE('',*,*,#8409,.T.);
#8412=ORIENTED_EDGE('',*,*,#8411,.T.);
#8413=ORIENTED_EDGE('',*,*,#8395,.F.);
#8414=EDGE_LOOP('',(#8408,#8410,#8412,#8413));
#8415=FACE_OUTER_BOUND('',#8414,.F.);
#8416=ADVANCED_FACE('',(#8415),#8407,.F.);
#8417=CARTESIAN_POINT('',(7.3E0,-2.151221424071E-2,-6.960258490313E-1));
#8418=DIRECTION('',(0.E0,9.817370361667E-1,-1.902429809971E-1));
#8419=DIRECTION('',(0.E0,1.902429809971E-1,9.817370361667E-1));
#8420=AXIS2_PLACEMENT_3D('',#8417,#8418,#8419);
#8421=PLANE('',#8420);
#8422=ORIENTED_EDGE('',*,*,#8125,.F.);
#8424=ORIENTED_EDGE('',*,*,#8423,.T.);
#8426=ORIENTED_EDGE('',*,*,#8425,.T.);
#8427=ORIENTED_EDGE('',*,*,#8409,.F.);
#8428=EDGE_LOOP('',(#8422,#8424,#8426,#8427));
#8429=FACE_OUTER_BOUND('',#8428,.F.);
#8430=ADVANCED_FACE('',(#8429),#8421,.F.);
#8431=CARTESIAN_POINT('',(7.3E0,-8.661221424071E-2,-6.960258490313E-1));
#8432=DIRECTION('',(0.E0,0.E0,-1.E0));
#8433=DIRECTION('',(0.E0,1.E0,0.E0));
#8434=AXIS2_PLACEMENT_3D('',#8431,#8432,#8433);
#8435=PLANE('',#8434);
#8436=ORIENTED_EDGE('',*,*,#8123,.F.);
#8438=ORIENTED_EDGE('',*,*,#8437,.T.);
#8440=ORIENTED_EDGE('',*,*,#8439,.T.);
#8441=ORIENTED_EDGE('',*,*,#8423,.F.);
#8442=EDGE_LOOP('',(#8436,#8438,#8440,#8441));
#8443=FACE_OUTER_BOUND('',#8442,.F.);
#8444=ADVANCED_FACE('',(#8443),#8435,.F.);
#8445=CARTESIAN_POINT('',(7.3E0,-1.743203491169E-2,-3.390258490313E-1));
#8446=DIRECTION('',(0.E0,-9.817370361667E-1,1.902429809971E-1));
#8447=DIRECTION('',(0.E0,-1.902429809971E-1,-9.817370361667E-1));
#8448=AXIS2_PLACEMENT_3D('',#8445,#8446,#8447);
#8449=PLANE('',#8448);
#8450=ORIENTED_EDGE('',*,*,#8121,.F.);
#8452=ORIENTED_EDGE('',*,*,#8451,.T.);
#8454=ORIENTED_EDGE('',*,*,#8453,.T.);
#8455=ORIENTED_EDGE('',*,*,#8437,.F.);
#8456=EDGE_LOOP('',(#8450,#8452,#8454,#8455));
#8457=FACE_OUTER_BOUND('',#8456,.F.);
#8458=ADVANCED_FACE('',(#8457),#8449,.F.);
#8459=CARTESIAN_POINT('',(7.3E0,-1.161320349117E-1,-3.390258490313E-1));
#8460=DIRECTION('',(0.E0,0.E0,-1.E0));
#8461=DIRECTION('',(0.E0,1.E0,0.E0));
#8462=AXIS2_PLACEMENT_3D('',#8459,#8460,#8461);
#8463=PLANE('',#8462);
#8464=ORIENTED_EDGE('',*,*,#8119,.F.);
#8466=ORIENTED_EDGE('',*,*,#8465,.T.);
#8468=ORIENTED_EDGE('',*,*,#8467,.T.);
#8469=ORIENTED_EDGE('',*,*,#8451,.F.);
#8470=EDGE_LOOP('',(#8464,#8466,#8468,#8469));
#8471=FACE_OUTER_BOUND('',#8470,.F.);
#8472=ADVANCED_FACE('',(#8471),#8463,.F.);
#8473=CARTESIAN_POINT('',(7.3E0,-2.447779164932E-1,-4.961444462112E-1));
#8474=DIRECTION('',(0.E0,7.737296521243E-1,-6.335159235754E-1));
#8475=DIRECTION('',(0.E0,6.335159235754E-1,7.737296521243E-1));
#8476=AXIS2_PLACEMENT_3D('',#8473,#8474,#8475);
#8477=PLANE('',#8476);
#8478=ORIENTED_EDGE('',*,*,#8117,.F.);
#8480=ORIENTED_EDGE('',*,*,#8479,.T.);
#8482=ORIENTED_EDGE('',*,*,#8481,.T.);
#8483=ORIENTED_EDGE('',*,*,#8465,.F.);
#8484=EDGE_LOOP('',(#8478,#8480,#8482,#8483));
#8485=FACE_OUTER_BOUND('',#8484,.F.);
#8486=ADVANCED_FACE('',(#8485),#8477,.F.);
#8487=CARTESIAN_POINT('',(7.3E0,-1.103112189610E-1,-6.960258490313E-1));
#8488=DIRECTION('',(0.E0,8.297201366763E-1,5.581796259215E-1));
#8489=DIRECTION('',(0.E0,-5.581796259215E-1,8.297201366763E-1));
#8490=AXIS2_PLACEMENT_3D('',#8487,#8488,#8489);
#8491=PLANE('',#8490);
#8492=ORIENTED_EDGE('',*,*,#8115,.F.);
#8494=ORIENTED_EDGE('',*,*,#8493,.T.);
#8496=ORIENTED_EDGE('',*,*,#8495,.T.);
#8497=ORIENTED_EDGE('',*,*,#8479,.F.);
#8498=EDGE_LOOP('',(#8492,#8494,#8496,#8497));
#8499=FACE_OUTER_BOUND('',#8498,.F.);
#8500=ADVANCED_FACE('',(#8499),#8491,.F.);
#8501=CARTESIAN_POINT('',(7.3E0,-1.901112189610E-1,-6.960258490313E-1));
#8502=DIRECTION('',(0.E0,0.E0,-1.E0));
#8503=DIRECTION('',(0.E0,1.E0,0.E0));
#8504=AXIS2_PLACEMENT_3D('',#8501,#8502,#8503);
#8505=PLANE('',#8504);
#8506=ORIENTED_EDGE('',*,*,#8113,.F.);
#8508=ORIENTED_EDGE('',*,*,#8507,.T.);
#8510=ORIENTED_EDGE('',*,*,#8509,.T.);
#8511=ORIENTED_EDGE('',*,*,#8493,.F.);
#8512=EDGE_LOOP('',(#8506,#8508,#8510,#8511));
#8513=FACE_OUTER_BOUND('',#8512,.F.);
#8514=ADVANCED_FACE('',(#8513),#8505,.F.);
#8515=CARTESIAN_POINT('',(7.3E0,-2.885849382459E-1,-5.496471135317E-1));
#8516=DIRECTION('',(0.E0,-8.297201366763E-1,-5.581796259215E-1));
#8517=DIRECTION('',(0.E0,5.581796259215E-1,-8.297201366763E-1));
#8518=AXIS2_PLACEMENT_3D('',#8515,#8516,#8517);
#8519=PLANE('',#8518);
#8520=ORIENTED_EDGE('',*,*,#8111,.F.);
#8522=ORIENTED_EDGE('',*,*,#8521,.T.);
#8524=ORIENTED_EDGE('',*,*,#8523,.T.);
#8525=ORIENTED_EDGE('',*,*,#8507,.F.);
#8526=EDGE_LOOP('',(#8520,#8522,#8524,#8525));
#8527=FACE_OUTER_BOUND('',#8526,.F.);
#8528=ADVANCED_FACE('',(#8527),#8519,.F.);
#8529=CARTESIAN_POINT('',(7.3E0,-4.084372142407E-1,-6.960258490313E-1));
#8530=DIRECTION('',(0.E0,7.737296521243E-1,-6.335159235754E-1));
#8531=DIRECTION('',(0.E0,6.335159235754E-1,7.737296521243E-1));
#8532=AXIS2_PLACEMENT_3D('',#8529,#8530,#8531);
#8533=PLANE('',#8532);
#8534=ORIENTED_EDGE('',*,*,#8109,.F.);
#8536=ORIENTED_EDGE('',*,*,#8535,.T.);
#8538=ORIENTED_EDGE('',*,*,#8537,.T.);
#8539=ORIENTED_EDGE('',*,*,#8521,.F.);
#8540=EDGE_LOOP('',(#8534,#8536,#8538,#8539));
#8541=FACE_OUTER_BOUND('',#8540,.F.);
#8542=ADVANCED_FACE('',(#8541),#8533,.F.);
#8543=CARTESIAN_POINT('',(7.3E0,-4.924372142407E-1,-6.960258490313E-1));
#8544=DIRECTION('',(0.E0,0.E0,-1.E0));
#8545=DIRECTION('',(0.E0,1.E0,0.E0));
#8546=AXIS2_PLACEMENT_3D('',#8543,#8544,#8545);
#8547=PLANE('',#8546);
#8548=ORIENTED_EDGE('',*,*,#8107,.F.);
#8550=ORIENTED_EDGE('',*,*,#8549,.T.);
#8552=ORIENTED_EDGE('',*,*,#8551,.T.);
#8553=ORIENTED_EDGE('',*,*,#8535,.F.);
#8554=EDGE_LOOP('',(#8548,#8550,#8552,#8553));
#8555=FACE_OUTER_BOUND('',#8554,.F.);
#8556=ADVANCED_FACE('',(#8555),#8547,.F.);
#8557=CARTESIAN_POINT('',(7.3E0,-3.264722837694E-1,-4.933285163522E-1));
#8558=DIRECTION('',(0.E0,-7.737296521243E-1,6.335159235754E-1));
#8559=DIRECTION('',(0.E0,-6.335159235754E-1,-7.737296521243E-1));
#8560=AXIS2_PLACEMENT_3D('',#8557,#8558,#8559);
#8561=PLANE('',#8560);
#8562=ORIENTED_EDGE('',*,*,#8105,.F.);
#8564=ORIENTED_EDGE('',*,*,#8563,.T.);
#8566=ORIENTED_EDGE('',*,*,#8565,.T.);
#8567=ORIENTED_EDGE('',*,*,#8549,.F.);
#8568=EDGE_LOOP('',(#8562,#8564,#8566,#8567));
#8569=FACE_OUTER_BOUND('',#8568,.F.);
#8570=ADVANCED_FACE('',(#8569),#8561,.F.);
#8571=CARTESIAN_POINT('',(7.3E0,-4.415785932558E-1,-3.222258490313E-1));
#8572=DIRECTION('',(0.E0,-8.297201366763E-1,-5.581796259215E-1));
#8573=DIRECTION('',(0.E0,5.581796259215E-1,-8.297201366763E-1));
#8574=AXIS2_PLACEMENT_3D('',#8571,#8572,#8573);
#8575=PLANE('',#8574);
#8576=ORIENTED_EDGE('',*,*,#8103,.F.);
#8578=ORIENTED_EDGE('',*,*,#8577,.T.);
#8580=ORIENTED_EDGE('',*,*,#8579,.T.);
#8581=ORIENTED_EDGE('',*,*,#8563,.F.);
#8582=EDGE_LOOP('',(#8576,#8578,#8580,#8581));
#8583=FACE_OUTER_BOUND('',#8582,.F.);
#8584=ADVANCED_FACE('',(#8583),#8575,.F.);
#8585=CARTESIAN_POINT('',(7.3E0,-3.617785932558E-1,-3.222258490313E-1));
#8586=DIRECTION('',(0.E0,0.E0,1.E0));
#8587=DIRECTION('',(0.E0,-1.E0,0.E0));
#8588=AXIS2_PLACEMENT_3D('',#8585,#8586,#8587);
#8589=PLANE('',#8588);
#8590=ORIENTED_EDGE('',*,*,#8101,.F.);
#8592=ORIENTED_EDGE('',*,*,#8591,.T.);
#8594=ORIENTED_EDGE('',*,*,#8593,.T.);
#8595=ORIENTED_EDGE('',*,*,#8577,.F.);
#8596=EDGE_LOOP('',(#8590,#8592,#8594,#8595));
#8597=FACE_OUTER_BOUND('',#8596,.F.);
#8598=ADVANCED_FACE('',(#8597),#8589,.F.);
#8599=CARTESIAN_POINT('',(7.3E0,-2.826652620167E-1,-4.398258490317E-1));
#8600=DIRECTION('',(0.E0,8.297201366763E-1,5.581796259215E-1));
#8601=DIRECTION('',(0.E0,-5.581796259215E-1,8.297201366763E-1));
#8602=AXIS2_PLACEMENT_3D('',#8599,#8600,#8601);
#8603=PLANE('',#8602);
#8604=ORIENTED_EDGE('',*,*,#8099,.F.);
#8606=ORIENTED_EDGE('',*,*,#8605,.T.);
#8608=ORIENTED_EDGE('',*,*,#8607,.T.);
#8609=ORIENTED_EDGE('',*,*,#8591,.F.);
#8610=EDGE_LOOP('',(#8604,#8606,#8608,#8609));
#8611=FACE_OUTER_BOUND('',#8610,.F.);
#8612=ADVANCED_FACE('',(#8611),#8603,.F.);
#8613=CARTESIAN_POINT('',(7.3E0,-1.863764970609E-1,-3.222258490313E-1));
#8614=DIRECTION('',(0.E0,-7.737296521243E-1,6.335159235754E-1));
#8615=DIRECTION('',(0.E0,-6.335159235754E-1,-7.737296521243E-1));
#8616=AXIS2_PLACEMENT_3D('',#8613,#8614,#8615);
#8617=PLANE('',#8616);
#8618=ORIENTED_EDGE('',*,*,#8097,.F.);
#8620=ORIENTED_EDGE('',*,*,#8619,.T.);
#8622=ORIENTED_EDGE('',*,*,#8621,.T.);
#8623=ORIENTED_EDGE('',*,*,#8605,.F.);
#8624=EDGE_LOOP('',(#8618,#8620,#8622,#8623));
#8625=FACE_OUTER_BOUND('',#8624,.F.);
#8626=ADVANCED_FACE('',(#8625),#8617,.F.);
#8627=CARTESIAN_POINT('',(7.3E0,5.092350293909E-2,-3.222258490313E-1));
#8628=DIRECTION('',(0.E0,0.E0,1.E0));
#8629=DIRECTION('',(0.E0,-1.E0,0.E0));
#8630=AXIS2_PLACEMENT_3D('',#8627,#8628,#8629);
#8631=PLANE('',#8630);
#8632=ORIENTED_EDGE('',*,*,#8095,.F.);
#8634=ORIENTED_EDGE('',*,*,#8633,.T.);
#8636=ORIENTED_EDGE('',*,*,#8635,.T.);
#8637=ORIENTED_EDGE('',*,*,#8619,.F.);
#8638=EDGE_LOOP('',(#8632,#8634,#8636,#8637));
#8639=FACE_OUTER_BOUND('',#8638,.F.);
#8640=ADVANCED_FACE('',(#8639),#8631,.F.);
#8641=CARTESIAN_POINT('',(7.3E0,2.750786330724E-2,-4.430607966948E-1));
#8642=DIRECTION('',(0.E0,9.817370361667E-1,-1.902429809971E-1));
#8643=DIRECTION('',(0.E0,1.902429809971E-1,9.817370361667E-1));
#8644=AXIS2_PLACEMENT_3D('',#8641,#8642,#8643);
#8645=PLANE('',#8644);
#8646=ORIENTED_EDGE('',*,*,#8093,.F.);
#8648=ORIENTED_EDGE('',*,*,#8647,.T.);
#8650=ORIENTED_EDGE('',*,*,#8649,.T.);
#8651=ORIENTED_EDGE('',*,*,#8633,.F.);
#8652=EDGE_LOOP('',(#8646,#8648,#8650,#8651));
#8653=FACE_OUTER_BOUND('',#8652,.F.);
#8654=ADVANCED_FACE('',(#8653),#8645,.F.);
#8655=CARTESIAN_POINT('',(7.3E0,1.698907581205E-1,-3.222258490313E-1));
#8656=DIRECTION('',(0.E0,-6.470559615694E-1,7.624425110114E-1));
#8657=DIRECTION('',(0.E0,-7.624425110114E-1,-6.470559615694E-1));
#8658=AXIS2_PLACEMENT_3D('',#8655,#8656,#8657);
#8659=PLANE('',#8658);
#8660=ORIENTED_EDGE('',*,*,#8091,.F.);
#8662=ORIENTED_EDGE('',*,*,#8661,.T.);
#8664=ORIENTED_EDGE('',*,*,#8663,.T.);
#8665=ORIENTED_EDGE('',*,*,#8647,.F.);
#8666=EDGE_LOOP('',(#8660,#8662,#8664,#8665));
#8667=FACE_OUTER_BOUND('',#8666,.F.);
#8668=ADVANCED_FACE('',(#8667),#8659,.F.);
#8669=CARTESIAN_POINT('',(7.3E0,2.706907581205E-1,-3.222258490313E-1));
#8670=DIRECTION('',(0.E0,0.E0,1.E0));
#8671=DIRECTION('',(0.E0,-1.E0,0.E0));
#8672=AXIS2_PLACEMENT_3D('',#8669,#8670,#8671);
#8673=PLANE('',#8672);
#8674=ORIENTED_EDGE('',*,*,#8089,.F.);
#8676=ORIENTED_EDGE('',*,*,#8675,.T.);
#8678=ORIENTED_EDGE('',*,*,#8677,.T.);
#8679=ORIENTED_EDGE('',*,*,#8661,.F.);
#8680=EDGE_LOOP('',(#8674,#8676,#8678,#8679));
#8681=FACE_OUTER_BOUND('',#8680,.F.);
#8682=ADVANCED_FACE('',(#8681),#8673,.F.);
#8683=CARTESIAN_POINT('',(7.3E0,9.442293027596E-2,-4.718176506328E-1));
#8684=DIRECTION('',(0.E0,6.470559615694E-1,-7.624425110114E-1));
#8685=DIRECTION('',(0.E0,7.624425110114E-1,6.470559615694E-1));
#8686=AXIS2_PLACEMENT_3D('',#8683,#8684,#8685);
#8687=PLANE('',#8686);
#8688=ORIENTED_EDGE('',*,*,#8087,.F.);
#8690=ORIENTED_EDGE('',*,*,#8689,.T.);
#8692=ORIENTED_EDGE('',*,*,#8691,.T.);
#8693=ORIENTED_EDGE('',*,*,#8675,.F.);
#8694=EDGE_LOOP('',(#8688,#8690,#8692,#8693));
#8695=FACE_OUTER_BOUND('',#8694,.F.);
#8696=ADVANCED_FACE('',(#8695),#8687,.F.);
#8697=CARTESIAN_POINT('',(7.3E0,1.982414599123E-1,-6.813258490313E-1));
#8698=DIRECTION('',(0.E0,8.960219558486E-1,4.440097461062E-1));
#8699=DIRECTION('',(0.E0,-4.440097461062E-1,8.960219558486E-1));
#8700=AXIS2_PLACEMENT_3D('',#8697,#8698,#8699);
#8701=PLANE('',#8700);
#8702=ORIENTED_EDGE('',*,*,#8085,.F.);
#8704=ORIENTED_EDGE('',*,*,#8703,.T.);
#8706=ORIENTED_EDGE('',*,*,#8705,.T.);
#8707=ORIENTED_EDGE('',*,*,#8689,.F.);
#8708=EDGE_LOOP('',(#8702,#8704,#8706,#8707));
#8709=FACE_OUTER_BOUND('',#8708,.F.);
#8710=ADVANCED_FACE('',(#8709),#8701,.F.);
#8711=CARTESIAN_POINT('',(7.3E0,2.444414599123E-1,-6.813258490313E-1));
#8712=DIRECTION('',(0.E0,0.E0,1.E0));
#8713=DIRECTION('',(0.E0,-1.E0,0.E0));
#8714=AXIS2_PLACEMENT_3D('',#8711,#8712,#8713);
#8715=PLANE('',#8714);
#8716=ORIENTED_EDGE('',*,*,#8083,.F.);
#8718=ORIENTED_EDGE('',*,*,#8717,.T.);
#8720=ORIENTED_EDGE('',*,*,#8719,.T.);
#8721=ORIENTED_EDGE('',*,*,#8703,.F.);
#8722=EDGE_LOOP('',(#8716,#8718,#8720,#8721));
#8723=FACE_OUTER_BOUND('',#8722,.F.);
#8724=ADVANCED_FACE('',(#8723),#8715,.F.);
#8725=CARTESIAN_POINT('',(7.3E0,3.140285814727E-1,-3.222258490313E-1));
#8726=DIRECTION('',(0.E0,-9.817370361667E-1,1.902429809971E-1));
#8727=DIRECTION('',(0.E0,-1.902429809971E-1,-9.817370361667E-1));
#8728=AXIS2_PLACEMENT_3D('',#8725,#8726,#8727);
#8729=PLANE('',#8728);
#8730=ORIENTED_EDGE('',*,*,#8081,.F.);
#8732=ORIENTED_EDGE('',*,*,#8731,.T.);
#8734=ORIENTED_EDGE('',*,*,#8733,.T.);
#8735=ORIENTED_EDGE('',*,*,#8717,.F.);
#8736=EDGE_LOOP('',(#8730,#8732,#8734,#8735));
#8737=FACE_OUTER_BOUND('',#8736,.F.);
#8738=ADVANCED_FACE('',(#8737),#8729,.F.);
#8739=CARTESIAN_POINT('',(7.3E0,3.791285814727E-1,-3.222258490313E-1));
#8740=DIRECTION('',(0.E0,0.E0,1.E0));
#8741=DIRECTION('',(0.E0,-1.E0,0.E0));
#8742=AXIS2_PLACEMENT_3D('',#8739,#8740,#8741);
#8743=PLANE('',#8742);
#8744=ORIENTED_EDGE('',*,*,#8079,.F.);
#8746=ORIENTED_EDGE('',*,*,#8745,.T.);
#8748=ORIENTED_EDGE('',*,*,#8747,.T.);
#8749=ORIENTED_EDGE('',*,*,#8731,.F.);
#8750=EDGE_LOOP('',(#8744,#8746,#8748,#8749));
#8751=FACE_OUTER_BOUND('',#8750,.F.);
#8752=ADVANCED_FACE('',(#8751),#8743,.F.);
#8753=CARTESIAN_POINT('',(7.3E0,3.193080734647E-1,-6.309258490313E-1));
#8754=DIRECTION('',(0.E0,9.817370361667E-1,-1.902429809971E-1));
#8755=DIRECTION('',(0.E0,1.902429809971E-1,9.817370361667E-1));
#8756=AXIS2_PLACEMENT_3D('',#8753,#8754,#8755);
#8757=PLANE('',#8756);
#8758=ORIENTED_EDGE('',*,*,#8077,.F.);
#8760=ORIENTED_EDGE('',*,*,#8759,.T.);
#8762=ORIENTED_EDGE('',*,*,#8761,.T.);
#8763=ORIENTED_EDGE('',*,*,#8745,.F.);
#8764=EDGE_LOOP('',(#8758,#8760,#8762,#8763));
#8765=FACE_OUTER_BOUND('',#8764,.F.);
#8766=ADVANCED_FACE('',(#8765),#8757,.F.);
#8767=CARTESIAN_POINT('',(7.3E0,4.957080734647E-1,-6.309258490313E-1));
#8768=DIRECTION('',(0.E0,0.E0,1.E0));
#8769=DIRECTION('',(0.E0,-1.E0,0.E0));
#8770=AXIS2_PLACEMENT_3D('',#8767,#8768,#8769);
#8771=PLANE('',#8770);
#8772=ORIENTED_EDGE('',*,*,#8075,.F.);
#8774=ORIENTED_EDGE('',*,*,#8773,.T.);
#8776=ORIENTED_EDGE('',*,*,#8775,.T.);
#8777=ORIENTED_EDGE('',*,*,#8759,.F.);
#8778=EDGE_LOOP('',(#8772,#8774,#8776,#8777));
#8779=FACE_OUTER_BOUND('',#8778,.F.);
#8780=ADVANCED_FACE('',(#8779),#8771,.F.);
#8781=CARTESIAN_POINT('',(7.3E0,5.096612326645E-1,-5.589214413721E-1));
#8782=DIRECTION('',(0.E0,-9.817370361667E-1,1.902429809971E-1));
#8783=DIRECTION('',(0.E0,-1.902429809971E-1,-9.817370361667E-1));
#8784=AXIS2_PLACEMENT_3D('',#8781,#8782,#8783);
#8785=PLANE('',#8784);
#8786=ORIENTED_EDGE('',*,*,#8073,.F.);
#8787=ORIENTED_EDGE('',*,*,#8174,.T.);
#8789=ORIENTED_EDGE('',*,*,#8788,.T.);
#8790=ORIENTED_EDGE('',*,*,#8773,.F.);
#8791=EDGE_LOOP('',(#8786,#8787,#8789,#8790));
#8792=FACE_OUTER_BOUND('',#8791,.F.);
#8793=ADVANCED_FACE('',(#8792),#8785,.F.);
#8794=CARTESIAN_POINT('',(7.25E0,-1.E0,0.E0));
#8795=DIRECTION('',(1.E0,0.E0,0.E0));
#8796=DIRECTION('',(0.E0,1.E0,0.E0));
#8797=AXIS2_PLACEMENT_3D('',#8794,#8795,#8796);
#8798=PLANE('',#8797);
#8799=ORIENTED_EDGE('',*,*,#8172,.F.);
#8800=ORIENTED_EDGE('',*,*,#8187,.F.);
#8801=ORIENTED_EDGE('',*,*,#8201,.F.);
#8802=ORIENTED_EDGE('',*,*,#8215,.F.);
#8803=ORIENTED_EDGE('',*,*,#8229,.F.);
#8804=ORIENTED_EDGE('',*,*,#8243,.F.);
#8805=ORIENTED_EDGE('',*,*,#8257,.F.);
#8806=ORIENTED_EDGE('',*,*,#8271,.F.);
#8807=ORIENTED_EDGE('',*,*,#8285,.F.);
#8808=ORIENTED_EDGE('',*,*,#8299,.F.);
#8809=ORIENTED_EDGE('',*,*,#8313,.F.);
#8810=ORIENTED_EDGE('',*,*,#8327,.F.);
#8811=ORIENTED_EDGE('',*,*,#8341,.F.);
#8812=ORIENTED_EDGE('',*,*,#8355,.F.);
#8813=ORIENTED_EDGE('',*,*,#8369,.F.);
#8814=ORIENTED_EDGE('',*,*,#8383,.F.);
#8815=ORIENTED_EDGE('',*,*,#8397,.F.);
#8816=ORIENTED_EDGE('',*,*,#8411,.F.);
#8817=ORIENTED_EDGE('',*,*,#8425,.F.);
#8818=ORIENTED_EDGE('',*,*,#8439,.F.);
#8819=ORIENTED_EDGE('',*,*,#8453,.F.);
#8820=ORIENTED_EDGE('',*,*,#8467,.F.);
#8821=ORIENTED_EDGE('',*,*,#8481,.F.);
#8822=ORIENTED_EDGE('',*,*,#8495,.F.);
#8823=ORIENTED_EDGE('',*,*,#8509,.F.);
#8824=ORIENTED_EDGE('',*,*,#8523,.F.);
#8825=ORIENTED_EDGE('',*,*,#8537,.F.);
#8826=ORIENTED_EDGE('',*,*,#8551,.F.);
#8827=ORIENTED_EDGE('',*,*,#8565,.F.);
#8828=ORIENTED_EDGE('',*,*,#8579,.F.);
#8829=ORIENTED_EDGE('',*,*,#8593,.F.);
#8830=ORIENTED_EDGE('',*,*,#8607,.F.);
#8831=ORIENTED_EDGE('',*,*,#8621,.F.);
#8832=ORIENTED_EDGE('',*,*,#8635,.F.);
#8833=ORIENTED_EDGE('',*,*,#8649,.F.);
#8834=ORIENTED_EDGE('',*,*,#8663,.F.);
#8835=ORIENTED_EDGE('',*,*,#8677,.F.);
#8836=ORIENTED_EDGE('',*,*,#8691,.F.);
#8837=ORIENTED_EDGE('',*,*,#8705,.F.);
#8838=ORIENTED_EDGE('',*,*,#8719,.F.);
#8839=ORIENTED_EDGE('',*,*,#8733,.F.);
#8840=ORIENTED_EDGE('',*,*,#8747,.F.);
#8841=ORIENTED_EDGE('',*,*,#8761,.F.);
#8842=ORIENTED_EDGE('',*,*,#8775,.F.);
#8843=ORIENTED_EDGE('',*,*,#8788,.F.);
#8844=EDGE_LOOP('',(#8799,#8800,#8801,#8802,#8803,#8804,#8805,#8806,#8807,#8808,
#8809,#8810,#8811,#8812,#8813,#8814,#8815,#8816,#8817,#8818,#8819,#8820,#8821,
#8822,#8823,#8824,#8825,#8826,#8827,#8828,#8829,#8830,#8831,#8832,#8833,#8834,
#8835,#8836,#8837,#8838,#8839,#8840,#8841,#8842,#8843));
#8845=FACE_OUTER_BOUND('',#8844,.F.);
#8846=ADVANCED_FACE('',(#8845),#8798,.T.);
#8847=CARTESIAN_POINT('',(-6.45E0,-7.E-1,-1.013584E1));
#8848=DIRECTION('',(0.E0,0.E0,1.E0));
#8849=DIRECTION('',(-1.E0,0.E0,0.E0));
#8850=AXIS2_PLACEMENT_3D('',#8847,#8848,#8849);
#8851=CYLINDRICAL_SURFACE('',#8850,3.E-1);
#8852=ORIENTED_EDGE('',*,*,#5402,.F.);
#8853=ORIENTED_EDGE('',*,*,#5929,.T.);
#8854=ORIENTED_EDGE('',*,*,#6432,.T.);
#8855=ORIENTED_EDGE('',*,*,#6449,.T.);
#8856=EDGE_LOOP('',(#8852,#8853,#8854,#8855));
#8857=FACE_OUTER_BOUND('',#8856,.F.);
#8858=ADVANCED_FACE('',(#8857),#8851,.T.);
#8859=CARTESIAN_POINT('',(-4.825E0,-1.E0,-4.4E0));
#8860=DIRECTION('',(1.E0,0.E0,0.E0));
#8861=DIRECTION('',(0.E0,0.E0,1.E0));
#8862=AXIS2_PLACEMENT_3D('',#8859,#8860,#8861);
#8863=PLANE('',#8862);
#8865=ORIENTED_EDGE('',*,*,#8864,.T.);
#8867=ORIENTED_EDGE('',*,*,#8866,.F.);
#8868=ORIENTED_EDGE('',*,*,#6363,.F.);
#8869=ORIENTED_EDGE('',*,*,#5921,.T.);
#8870=EDGE_LOOP('',(#8865,#8867,#8868,#8869));
#8871=FACE_OUTER_BOUND('',#8870,.F.);
#8872=ADVANCED_FACE('',(#8871),#8863,.T.);
#8873=CARTESIAN_POINT('',(-4.825E0,-1.E0,-4.4E0));
#8874=DIRECTION('',(1.E0,0.E0,0.E0));
#8875=DIRECTION('',(0.E0,0.E0,1.E0));
#8876=AXIS2_PLACEMENT_3D('',#8873,#8874,#8875);
#8877=PLANE('',#8876);
#8878=ORIENTED_EDGE('',*,*,#5932,.T.);
#8879=ORIENTED_EDGE('',*,*,#5398,.T.);
#8880=ORIENTED_EDGE('',*,*,#5578,.T.);
#8882=ORIENTED_EDGE('',*,*,#8881,.F.);
#8883=EDGE_LOOP('',(#8878,#8879,#8880,#8882));
#8884=FACE_OUTER_BOUND('',#8883,.F.);
#8885=ADVANCED_FACE('',(#8884),#8877,.T.);
#8886=CARTESIAN_POINT('',(-4.825E0,-1.E0,-4.4E0));
#8887=DIRECTION('',(1.E0,0.E0,0.E0));
#8888=DIRECTION('',(0.E0,0.E0,1.E0));
#8889=AXIS2_PLACEMENT_3D('',#8886,#8887,#8888);
#8890=PLANE('',#8889);
#8891=ORIENTED_EDGE('',*,*,#5575,.F.);
#8892=ORIENTED_EDGE('',*,*,#6258,.F.);
#8893=ORIENTED_EDGE('',*,*,#6292,.T.);
#8894=ORIENTED_EDGE('',*,*,#6325,.T.);
#8896=ORIENTED_EDGE('',*,*,#8895,.F.);
#8898=ORIENTED_EDGE('',*,*,#8897,.F.);
#8899=ORIENTED_EDGE('',*,*,#5905,.T.);
#8901=ORIENTED_EDGE('',*,*,#8900,.T.);
#8902=EDGE_LOOP('',(#8891,#8892,#8893,#8894,#8896,#8898,#8899,#8901));
#8903=FACE_OUTER_BOUND('',#8902,.F.);
#8904=ADVANCED_FACE('',(#8903),#8890,.T.);
#8905=CARTESIAN_POINT('',(-4.825E0,9.E-1,-4.4E0));
#8906=DIRECTION('',(0.E0,-1.E0,0.E0));
#8907=DIRECTION('',(-1.E0,0.E0,0.E0));
#8908=AXIS2_PLACEMENT_3D('',#8905,#8906,#8907);
#8909=PLANE('',#8908);
#8911=ORIENTED_EDGE('',*,*,#8910,.T.);
#8912=ORIENTED_EDGE('',*,*,#5512,.F.);
#8914=ORIENTED_EDGE('',*,*,#8913,.F.);
#8916=ORIENTED_EDGE('',*,*,#8915,.F.);
#8917=ORIENTED_EDGE('',*,*,#8864,.F.);
#8918=ORIENTED_EDGE('',*,*,#5919,.T.);
#8919=EDGE_LOOP('',(#8911,#8912,#8914,#8916,#8917,#8918));
#8920=FACE_OUTER_BOUND('',#8919,.F.);
#8921=ADVANCED_FACE('',(#8920),#8909,.T.);
#8922=CARTESIAN_POINT('',(-6.45E0,7.E-1,-4.4E0));
#8923=DIRECTION('',(0.E0,0.E0,1.E0));
#8924=DIRECTION('',(-1.E0,0.E0,0.E0));
#8925=AXIS2_PLACEMENT_3D('',#8922,#8923,#8924);
#8926=CYLINDRICAL_SURFACE('',#8925,2.E-1);
#8927=ORIENTED_EDGE('',*,*,#8910,.F.);
#8928=ORIENTED_EDGE('',*,*,#5917,.T.);
#8930=ORIENTED_EDGE('',*,*,#8929,.T.);
#8931=ORIENTED_EDGE('',*,*,#5514,.F.);
#8932=EDGE_LOOP('',(#8927,#8928,#8930,#8931));
#8933=FACE_OUTER_BOUND('',#8932,.F.);
#8934=ADVANCED_FACE('',(#8933),#8926,.F.);
#8935=CARTESIAN_POINT('',(-6.65E0,7.E-1,-4.4E0));
#8936=DIRECTION('',(1.E0,0.E0,0.E0));
#8937=DIRECTION('',(0.E0,-1.E0,0.E0));
#8938=AXIS2_PLACEMENT_3D('',#8935,#8936,#8937);
#8939=PLANE('',#8938);
#8940=ORIENTED_EDGE('',*,*,#8929,.F.);
#8941=ORIENTED_EDGE('',*,*,#5915,.T.);
#8943=ORIENTED_EDGE('',*,*,#8942,.T.);
#8944=ORIENTED_EDGE('',*,*,#5516,.F.);
#8945=EDGE_LOOP('',(#8940,#8941,#8943,#8944));
#8946=FACE_OUTER_BOUND('',#8945,.F.);
#8947=ADVANCED_FACE('',(#8946),#8939,.T.);
#8948=CARTESIAN_POINT('',(-6.65E0,1.894566627610E-1,-4.4E0));
#8949=DIRECTION('',(0.E0,1.E0,0.E0));
#8950=DIRECTION('',(1.E0,0.E0,0.E0));
#8951=AXIS2_PLACEMENT_3D('',#8948,#8949,#8950);
#8952=PLANE('',#8951);
#8953=ORIENTED_EDGE('',*,*,#8942,.F.);
#8954=ORIENTED_EDGE('',*,*,#5913,.T.);
#8956=ORIENTED_EDGE('',*,*,#8955,.T.);
#8957=ORIENTED_EDGE('',*,*,#5518,.F.);
#8958=EDGE_LOOP('',(#8953,#8954,#8956,#8957));
#8959=FACE_OUTER_BOUND('',#8958,.F.);
#8960=ADVANCED_FACE('',(#8959),#8952,.T.);
#8961=CARTESIAN_POINT('',(-6.55E0,1.894566627610E-1,-4.4E0));
#8962=DIRECTION('',(-1.E0,0.E0,0.E0));
#8963=DIRECTION('',(0.E0,1.E0,0.E0));
#8964=AXIS2_PLACEMENT_3D('',#8961,#8962,#8963);
#8965=PLANE('',#8964);
#8967=ORIENTED_EDGE('',*,*,#8966,.T.);
#8968=ORIENTED_EDGE('',*,*,#5520,.F.);
#8969=ORIENTED_EDGE('',*,*,#8955,.F.);
#8970=ORIENTED_EDGE('',*,*,#5911,.T.);
#8971=EDGE_LOOP('',(#8967,#8968,#8969,#8970));
#8972=FACE_OUTER_BOUND('',#8971,.F.);
#8973=ADVANCED_FACE('',(#8972),#8965,.T.);
#8974=CARTESIAN_POINT('',(-6.45E0,7.E-1,-4.4E0));
#8975=DIRECTION('',(0.E0,0.E0,1.E0));
#8976=DIRECTION('',(-1.E0,0.E0,0.E0));
#8977=AXIS2_PLACEMENT_3D('',#8974,#8975,#8976);
#8978=CYLINDRICAL_SURFACE('',#8977,1.E-1);
#8979=ORIENTED_EDGE('',*,*,#8966,.F.);
#8980=ORIENTED_EDGE('',*,*,#5909,.F.);
#8982=ORIENTED_EDGE('',*,*,#8981,.T.);
#8983=ORIENTED_EDGE('',*,*,#5522,.F.);
#8984=EDGE_LOOP('',(#8979,#8980,#8982,#8983));
#8985=FACE_OUTER_BOUND('',#8984,.F.);
#8986=ADVANCED_FACE('',(#8985),#8978,.T.);
#8987=CARTESIAN_POINT('',(-6.45E0,8.E-1,-4.4E0));
#8988=DIRECTION('',(0.E0,1.E0,0.E0));
#8989=DIRECTION('',(1.E0,0.E0,0.E0));
#8990=AXIS2_PLACEMENT_3D('',#8987,#8988,#8989);
#8991=PLANE('',#8990);
#8992=ORIENTED_EDGE('',*,*,#8981,.F.);
#8993=ORIENTED_EDGE('',*,*,#5907,.T.);
#8994=ORIENTED_EDGE('',*,*,#8897,.T.);
#8996=ORIENTED_EDGE('',*,*,#8995,.T.);
#8998=ORIENTED_EDGE('',*,*,#8997,.T.);
#8999=ORIENTED_EDGE('',*,*,#5524,.F.);
#9000=EDGE_LOOP('',(#8992,#8993,#8994,#8996,#8998,#8999));
#9001=FACE_OUTER_BOUND('',#9000,.F.);
#9002=ADVANCED_FACE('',(#9001),#8991,.T.);
#9003=CARTESIAN_POINT('',(-4.825E0,1.E0,-4.1E0));
#9004=DIRECTION('',(0.E0,0.E0,-1.E0));
#9005=DIRECTION('',(-1.E0,0.E0,0.E0));
#9006=AXIS2_PLACEMENT_3D('',#9003,#9004,#9005);
#9007=PLANE('',#9006);
#9008=ORIENTED_EDGE('',*,*,#8995,.F.);
#9009=ORIENTED_EDGE('',*,*,#8895,.T.);
#9010=ORIENTED_EDGE('',*,*,#6323,.T.);
#9012=ORIENTED_EDGE('',*,*,#9011,.F.);
#9013=EDGE_LOOP('',(#9008,#9009,#9010,#9012));
#9014=FACE_OUTER_BOUND('',#9013,.F.);
#9015=ADVANCED_FACE('',(#9014),#9007,.F.);
#9016=CARTESIAN_POINT('',(-4.825E0,1.E0,-4.1E0));
#9017=DIRECTION('',(0.E0,0.E0,-1.E0));
#9018=DIRECTION('',(-1.E0,0.E0,0.E0));
#9019=AXIS2_PLACEMENT_3D('',#9016,#9017,#9018);
#9020=PLANE('',#9019);
#9021=ORIENTED_EDGE('',*,*,#8915,.T.);
#9023=ORIENTED_EDGE('',*,*,#9022,.F.);
#9024=ORIENTED_EDGE('',*,*,#6365,.F.);
#9025=ORIENTED_EDGE('',*,*,#8866,.T.);
#9026=EDGE_LOOP('',(#9021,#9023,#9024,#9025));
#9027=FACE_OUTER_BOUND('',#9026,.F.);
#9028=ADVANCED_FACE('',(#9027),#9020,.F.);
#9029=CARTESIAN_POINT('',(-4.85E0,1.E0,-4.15E0));
#9030=DIRECTION('',(-1.E0,0.E0,0.E0));
#9031=DIRECTION('',(0.E0,0.E0,1.E0));
#9032=AXIS2_PLACEMENT_3D('',#9029,#9030,#9031);
#9033=PLANE('',#9032);
#9034=ORIENTED_EDGE('',*,*,#8997,.F.);
#9035=ORIENTED_EDGE('',*,*,#9011,.T.);
#9036=ORIENTED_EDGE('',*,*,#6321,.F.);
#9037=ORIENTED_EDGE('',*,*,#6295,.T.);
#9038=ORIENTED_EDGE('',*,*,#6267,.T.);
#9039=ORIENTED_EDGE('',*,*,#5526,.F.);
#9040=EDGE_LOOP('',(#9034,#9035,#9036,#9037,#9038,#9039));
#9041=FACE_OUTER_BOUND('',#9040,.F.);
#9042=ADVANCED_FACE('',(#9041),#9033,.F.);
#9043=CARTESIAN_POINT('',(-4.85E0,1.E0,-4.15E0));
#9044=DIRECTION('',(-1.E0,0.E0,0.E0));
#9045=DIRECTION('',(0.E0,0.E0,1.E0));
#9046=AXIS2_PLACEMENT_3D('',#9043,#9044,#9045);
#9047=PLANE('',#9046);
#9048=ORIENTED_EDGE('',*,*,#8913,.T.);
#9049=ORIENTED_EDGE('',*,*,#5510,.F.);
#9050=ORIENTED_EDGE('',*,*,#6367,.F.);
#9051=ORIENTED_EDGE('',*,*,#9022,.T.);
#9052=EDGE_LOOP('',(#9048,#9049,#9050,#9051));
#9053=FACE_OUTER_BOUND('',#9052,.F.);
#9054=ADVANCED_FACE('',(#9053),#9047,.F.);
#9055=CARTESIAN_POINT('',(-6.45E0,-9.E-1,-4.4E0));
#9056=DIRECTION('',(0.E0,1.E0,0.E0));
#9057=DIRECTION('',(1.E0,0.E0,0.E0));
#9058=AXIS2_PLACEMENT_3D('',#9055,#9056,#9057);
#9059=PLANE('',#9058);
#9061=ORIENTED_EDGE('',*,*,#9060,.F.);
#9062=ORIENTED_EDGE('',*,*,#5934,.T.);
#9063=ORIENTED_EDGE('',*,*,#8881,.T.);
#9064=ORIENTED_EDGE('',*,*,#5553,.T.);
#9065=ORIENTED_EDGE('',*,*,#5500,.F.);
#9066=EDGE_LOOP('',(#9061,#9062,#9063,#9064,#9065));
#9067=FACE_OUTER_BOUND('',#9066,.F.);
#9068=ADVANCED_FACE('',(#9067),#9059,.T.);
#9069=CARTESIAN_POINT('',(-6.45E0,-7.E-1,-4.4E0));
#9070=DIRECTION('',(0.E0,0.E0,1.E0));
#9071=DIRECTION('',(-1.E0,0.E0,0.E0));
#9072=AXIS2_PLACEMENT_3D('',#9069,#9070,#9071);
#9073=CYLINDRICAL_SURFACE('',#9072,2.E-1);
#9074=ORIENTED_EDGE('',*,*,#9060,.T.);
#9075=ORIENTED_EDGE('',*,*,#5498,.F.);
#9077=ORIENTED_EDGE('',*,*,#9076,.F.);
#9078=ORIENTED_EDGE('',*,*,#5936,.T.);
#9079=EDGE_LOOP('',(#9074,#9075,#9077,#9078));
#9080=FACE_OUTER_BOUND('',#9079,.F.);
#9081=ADVANCED_FACE('',(#9080),#9073,.F.);
#9082=CARTESIAN_POINT('',(-6.65E0,-1.894566627610E-1,-4.4E0));
#9083=DIRECTION('',(1.E0,0.E0,0.E0));
#9084=DIRECTION('',(0.E0,-1.E0,0.E0));
#9085=AXIS2_PLACEMENT_3D('',#9082,#9083,#9084);
#9086=PLANE('',#9085);
#9088=ORIENTED_EDGE('',*,*,#9087,.F.);
#9089=ORIENTED_EDGE('',*,*,#5938,.T.);
#9090=ORIENTED_EDGE('',*,*,#9076,.T.);
#9091=ORIENTED_EDGE('',*,*,#5496,.F.);
#9092=EDGE_LOOP('',(#9088,#9089,#9090,#9091));
#9093=FACE_OUTER_BOUND('',#9092,.F.);
#9094=ADVANCED_FACE('',(#9093),#9086,.T.);
#9095=CARTESIAN_POINT('',(-6.55E0,-1.894566627610E-1,-4.4E0));
#9096=DIRECTION('',(0.E0,-1.E0,0.E0));
#9097=DIRECTION('',(-1.E0,0.E0,0.E0));
#9098=AXIS2_PLACEMENT_3D('',#9095,#9096,#9097);
#9099=PLANE('',#9098);
#9101=ORIENTED_EDGE('',*,*,#9100,.F.);
#9102=ORIENTED_EDGE('',*,*,#5940,.T.);
#9103=ORIENTED_EDGE('',*,*,#9087,.T.);
#9104=ORIENTED_EDGE('',*,*,#5494,.F.);
#9105=EDGE_LOOP('',(#9101,#9102,#9103,#9104));
#9106=FACE_OUTER_BOUND('',#9105,.F.);
#9107=ADVANCED_FACE('',(#9106),#9099,.T.);
#9108=CARTESIAN_POINT('',(-6.55E0,-7.E-1,-4.4E0));
#9109=DIRECTION('',(-1.E0,0.E0,0.E0));
#9110=DIRECTION('',(0.E0,1.E0,0.E0));
#9111=AXIS2_PLACEMENT_3D('',#9108,#9109,#9110);
#9112=PLANE('',#9111);
#9114=ORIENTED_EDGE('',*,*,#9113,.F.);
#9115=ORIENTED_EDGE('',*,*,#5942,.T.);
#9116=ORIENTED_EDGE('',*,*,#9100,.T.);
#9117=ORIENTED_EDGE('',*,*,#5492,.F.);
#9118=EDGE_LOOP('',(#9114,#9115,#9116,#9117));
#9119=FACE_OUTER_BOUND('',#9118,.F.);
#9120=ADVANCED_FACE('',(#9119),#9112,.T.);
#9121=CARTESIAN_POINT('',(-6.45E0,-7.E-1,-4.4E0));
#9122=DIRECTION('',(0.E0,0.E0,1.E0));
#9123=DIRECTION('',(-1.E0,0.E0,0.E0));
#9124=AXIS2_PLACEMENT_3D('',#9121,#9122,#9123);
#9125=CYLINDRICAL_SURFACE('',#9124,1.E-1);
#9127=ORIENTED_EDGE('',*,*,#9126,.F.);
#9128=ORIENTED_EDGE('',*,*,#5944,.F.);
#9129=ORIENTED_EDGE('',*,*,#9113,.T.);
#9130=ORIENTED_EDGE('',*,*,#5490,.F.);
#9131=EDGE_LOOP('',(#9127,#9128,#9129,#9130));
#9132=FACE_OUTER_BOUND('',#9131,.F.);
#9133=ADVANCED_FACE('',(#9132),#9125,.T.);
#9134=CARTESIAN_POINT('',(-4.825E0,-8.E-1,-4.4E0));
#9135=DIRECTION('',(0.E0,-1.E0,0.E0));
#9136=DIRECTION('',(-1.E0,0.E0,0.E0));
#9137=AXIS2_PLACEMENT_3D('',#9134,#9135,#9136);
#9138=PLANE('',#9137);
#9139=ORIENTED_EDGE('',*,*,#9126,.T.);
#9140=ORIENTED_EDGE('',*,*,#5488,.F.);
#9141=ORIENTED_EDGE('',*,*,#5550,.F.);
#9142=ORIENTED_EDGE('',*,*,#8900,.F.);
#9143=ORIENTED_EDGE('',*,*,#5946,.T.);
#9144=EDGE_LOOP('',(#9139,#9140,#9141,#9142,#9143));
#9145=FACE_OUTER_BOUND('',#9144,.F.);
#9146=ADVANCED_FACE('',(#9145),#9138,.T.);
#9147=CARTESIAN_POINT('',(6.45E0,7.E-1,5.73584E0));
#9148=DIRECTION('',(0.E0,0.E0,-1.E0));
#9149=DIRECTION('',(0.E0,1.E0,0.E0));
#9150=AXIS2_PLACEMENT_3D('',#9147,#9148,#9149);
#9151=CYLINDRICAL_SURFACE('',#9150,3.E-1);
#9152=ORIENTED_EDGE('',*,*,#6386,.T.);
#9153=ORIENTED_EDGE('',*,*,#5879,.T.);
#9155=ORIENTED_EDGE('',*,*,#9154,.T.);
#9156=ORIENTED_EDGE('',*,*,#6083,.T.);
#9157=EDGE_LOOP('',(#9152,#9153,#9155,#9156));
#9158=FACE_OUTER_BOUND('',#9157,.F.);
#9159=ADVANCED_FACE('',(#9158),#9151,.T.);
#9160=CARTESIAN_POINT('',(6.75E0,-1.E0,-1.2E0));
#9161=DIRECTION('',(1.E0,0.E0,0.E0));
#9162=DIRECTION('',(0.E0,0.E0,-1.E0));
#9163=AXIS2_PLACEMENT_3D('',#9160,#9161,#9162);
#9164=PLANE('',#9163);
#9165=ORIENTED_EDGE('',*,*,#9154,.F.);
#9166=ORIENTED_EDGE('',*,*,#5877,.T.);
#9168=ORIENTED_EDGE('',*,*,#9167,.F.);
#9169=ORIENTED_EDGE('',*,*,#6085,.T.);
#9170=EDGE_LOOP('',(#9165,#9166,#9168,#9169));
#9171=FACE_OUTER_BOUND('',#9170,.F.);
#9172=ADVANCED_FACE('',(#9171),#9164,.T.);
#9173=CARTESIAN_POINT('',(6.45E0,-7.E-1,5.73584E0));
#9174=DIRECTION('',(0.E0,0.E0,-1.E0));
#9175=DIRECTION('',(1.E0,0.E0,0.E0));
#9176=AXIS2_PLACEMENT_3D('',#9173,#9174,#9175);
#9177=CYLINDRICAL_SURFACE('',#9176,3.E-1);
#9178=ORIENTED_EDGE('',*,*,#5875,.T.);
#9179=ORIENTED_EDGE('',*,*,#5444,.F.);
#9180=ORIENTED_EDGE('',*,*,#6087,.T.);
#9181=ORIENTED_EDGE('',*,*,#9167,.T.);
#9182=EDGE_LOOP('',(#9178,#9179,#9180,#9181));
#9183=FACE_OUTER_BOUND('',#9182,.F.);
#9184=ADVANCED_FACE('',(#9183),#9177,.T.);
#9185=CARTESIAN_POINT('',(4.8E0,1.E0,-4.1E0));
#9186=DIRECTION('',(-1.E0,0.E0,0.E0));
#9187=DIRECTION('',(0.E0,0.E0,1.E0));
#9188=AXIS2_PLACEMENT_3D('',#9185,#9186,#9187);
#9189=PLANE('',#9188);
#9190=ORIENTED_EDGE('',*,*,#5567,.F.);
#9191=ORIENTED_EDGE('',*,*,#6247,.T.);
#9192=ORIENTED_EDGE('',*,*,#6101,.F.);
#9193=ORIENTED_EDGE('',*,*,#6402,.F.);
#9194=EDGE_LOOP('',(#9190,#9191,#9192,#9193));
#9195=FACE_OUTER_BOUND('',#9194,.F.);
#9196=ADVANCED_FACE('',(#9195),#9189,.F.);
#9197=CARTESIAN_POINT('',(-4.8E0,1.E0,-1.25E0));
#9198=DIRECTION('',(1.E0,0.E0,0.E0));
#9199=DIRECTION('',(0.E0,0.E0,-1.E0));
#9200=AXIS2_PLACEMENT_3D('',#9197,#9198,#9199);
#9201=PLANE('',#9200);
#9202=ORIENTED_EDGE('',*,*,#5571,.T.);
#9203=ORIENTED_EDGE('',*,*,#6405,.F.);
#9204=ORIENTED_EDGE('',*,*,#6097,.T.);
#9205=ORIENTED_EDGE('',*,*,#6261,.T.);
#9206=EDGE_LOOP('',(#9202,#9203,#9204,#9205));
#9207=FACE_OUTER_BOUND('',#9206,.F.);
#9208=ADVANCED_FACE('',(#9207),#9201,.F.);
#9209=CARTESIAN_POINT('',(4.15E0,3.1E-1,-4.1E0));
#9210=DIRECTION('',(-1.E0,0.E0,0.E0));
#9211=DIRECTION('',(0.E0,1.E0,0.E0));
#9212=AXIS2_PLACEMENT_3D('',#9209,#9210,#9211);
#9213=PLANE('',#9212);
#9215=ORIENTED_EDGE('',*,*,#9214,.T.);
#9217=ORIENTED_EDGE('',*,*,#9216,.F.);
#9218=ORIENTED_EDGE('',*,*,#5600,.F.);
#9220=ORIENTED_EDGE('',*,*,#9219,.F.);
#9222=ORIENTED_EDGE('',*,*,#9221,.F.);
#9224=ORIENTED_EDGE('',*,*,#9223,.F.);
#9226=ORIENTED_EDGE('',*,*,#9225,.T.);
#9227=EDGE_LOOP('',(#9215,#9217,#9218,#9220,#9222,#9224,#9226));
#9228=FACE_OUTER_BOUND('',#9227,.F.);
#9229=ADVANCED_FACE('',(#9228),#9213,.T.);
#9230=CARTESIAN_POINT('',(4.E0,5.E-1,-4.1E0));
#9231=DIRECTION('',(0.E0,0.E0,-1.E0));
#9232=DIRECTION('',(0.E0,1.E0,0.E0));
#9233=AXIS2_PLACEMENT_3D('',#9230,#9231,#9232);
#9234=PLANE('',#9233);
#9236=ORIENTED_EDGE('',*,*,#9235,.F.);
#9237=ORIENTED_EDGE('',*,*,#9214,.F.);
#9239=ORIENTED_EDGE('',*,*,#9238,.F.);
#9241=ORIENTED_EDGE('',*,*,#9240,.T.);
#9242=EDGE_LOOP('',(#9236,#9237,#9239,#9241));
#9243=FACE_OUTER_BOUND('',#9242,.F.);
#9244=ADVANCED_FACE('',(#9243),#9234,.F.);
#9245=CARTESIAN_POINT('',(4.E0,5.E-1,-4.1E0));
#9246=DIRECTION('',(0.E0,0.E0,-1.E0));
#9247=DIRECTION('',(0.E0,1.E0,0.E0));
#9248=AXIS2_PLACEMENT_3D('',#9245,#9246,#9247);
#9249=PLANE('',#9248);
#9251=ORIENTED_EDGE('',*,*,#9250,.F.);
#9253=ORIENTED_EDGE('',*,*,#9252,.F.);
#9255=ORIENTED_EDGE('',*,*,#9254,.F.);
#9257=ORIENTED_EDGE('',*,*,#9256,.T.);
#9258=EDGE_LOOP('',(#9251,#9253,#9255,#9257));
#9259=FACE_OUTER_BOUND('',#9258,.F.);
#9260=ADVANCED_FACE('',(#9259),#9249,.F.);
#9261=CARTESIAN_POINT('',(4.15E0,5.1E-1,-4.05E0));
#9262=DIRECTION('',(0.E0,1.E0,0.E0));
#9263=DIRECTION('',(1.E0,0.E0,0.E0));
#9264=AXIS2_PLACEMENT_3D('',#9261,#9262,#9263);
#9265=PLANE('',#9264);
#9266=ORIENTED_EDGE('',*,*,#5602,.F.);
#9267=ORIENTED_EDGE('',*,*,#9216,.T.);
#9268=ORIENTED_EDGE('',*,*,#9235,.T.);
#9270=ORIENTED_EDGE('',*,*,#9269,.F.);
#9271=EDGE_LOOP('',(#9266,#9267,#9268,#9270));
#9272=FACE_OUTER_BOUND('',#9271,.F.);
#9273=ADVANCED_FACE('',(#9272),#9265,.T.);
#9274=CARTESIAN_POINT('',(4.35E0,1.5E0,-4.1E0));
#9275=DIRECTION('',(1.E0,0.E0,0.E0));
#9276=DIRECTION('',(0.E0,-1.E0,0.E0));
#9277=AXIS2_PLACEMENT_3D('',#9274,#9275,#9276);
#9278=PLANE('',#9277);
#9280=ORIENTED_EDGE('',*,*,#9279,.F.);
#9281=ORIENTED_EDGE('',*,*,#5604,.F.);
#9282=ORIENTED_EDGE('',*,*,#9269,.T.);
#9283=ORIENTED_EDGE('',*,*,#9240,.F.);
#9285=ORIENTED_EDGE('',*,*,#9284,.T.);
#9287=ORIENTED_EDGE('',*,*,#9286,.T.);
#9289=ORIENTED_EDGE('',*,*,#9288,.F.);
#9290=EDGE_LOOP('',(#9280,#9281,#9282,#9283,#9285,#9287,#9289));
#9291=FACE_OUTER_BOUND('',#9290,.F.);
#9292=ADVANCED_FACE('',(#9291),#9278,.T.);
#9293=CARTESIAN_POINT('',(4.35E0,3.1E-1,-4.1E0));
#9294=DIRECTION('',(0.E0,-1.E0,0.E0));
#9295=DIRECTION('',(-1.E0,0.E0,0.E0));
#9296=AXIS2_PLACEMENT_3D('',#9293,#9294,#9295);
#9297=PLANE('',#9296);
#9298=ORIENTED_EDGE('',*,*,#9219,.T.);
#9299=ORIENTED_EDGE('',*,*,#5606,.F.);
#9300=ORIENTED_EDGE('',*,*,#9279,.T.);
#9302=ORIENTED_EDGE('',*,*,#9301,.T.);
#9303=EDGE_LOOP('',(#9298,#9299,#9300,#9302));
#9304=FACE_OUTER_BOUND('',#9303,.F.);
#9305=ADVANCED_FACE('',(#9304),#9297,.T.);
#9306=CARTESIAN_POINT('',(2.633256E1,5.1E-1,-4.2E0));
#9307=DIRECTION('',(-1.E0,0.E0,0.E0));
#9308=DIRECTION('',(0.E0,0.E0,-1.E0));
#9309=AXIS2_PLACEMENT_3D('',#9306,#9307,#9308);
#9310=CYLINDRICAL_SURFACE('',#9309,2.E-1);
#9311=ORIENTED_EDGE('',*,*,#9221,.T.);
#9312=ORIENTED_EDGE('',*,*,#9301,.F.);
#9313=ORIENTED_EDGE('',*,*,#9288,.T.);
#9315=ORIENTED_EDGE('',*,*,#9314,.T.);
#9316=EDGE_LOOP('',(#9311,#9312,#9313,#9315));
#9317=FACE_OUTER_BOUND('',#9316,.F.);
#9318=ADVANCED_FACE('',(#9317),#9310,.T.);
#9319=CARTESIAN_POINT('',(4.E0,5.E-1,-4.4E0));
#9320=DIRECTION('',(0.E0,0.E0,-1.E0));
#9321=DIRECTION('',(0.E0,1.E0,0.E0));
#9322=AXIS2_PLACEMENT_3D('',#9319,#9320,#9321);
#9323=PLANE('',#9322);
#9325=ORIENTED_EDGE('',*,*,#9324,.F.);
#9327=ORIENTED_EDGE('',*,*,#9326,.F.);
#9329=ORIENTED_EDGE('',*,*,#9328,.T.);
#9331=ORIENTED_EDGE('',*,*,#9330,.T.);
#9332=EDGE_LOOP('',(#9325,#9327,#9329,#9331));
#9333=FACE_OUTER_BOUND('',#9332,.F.);
#9334=ADVANCED_FACE('',(#9333),#9323,.T.);
#9335=CARTESIAN_POINT('',(4.E0,5.E-1,-4.4E0));
#9336=DIRECTION('',(0.E0,0.E0,-1.E0));
#9337=DIRECTION('',(0.E0,1.E0,0.E0));
#9338=AXIS2_PLACEMENT_3D('',#9335,#9336,#9337);
#9339=PLANE('',#9338);
#9340=ORIENTED_EDGE('',*,*,#9314,.F.);
#9341=ORIENTED_EDGE('',*,*,#9286,.F.);
#9343=ORIENTED_EDGE('',*,*,#9342,.T.);
#9344=ORIENTED_EDGE('',*,*,#9223,.T.);
#9345=EDGE_LOOP('',(#9340,#9341,#9343,#9344));
#9346=FACE_OUTER_BOUND('',#9345,.F.);
#9347=ADVANCED_FACE('',(#9346),#9339,.T.);
#9348=CARTESIAN_POINT('',(-1.885085372446E1,-5.1E-1,-4.2E0));
#9349=DIRECTION('',(1.E0,0.E0,0.E0));
#9350=DIRECTION('',(0.E0,0.E0,-1.E0));
#9351=AXIS2_PLACEMENT_3D('',#9348,#9349,#9350);
#9352=CYLINDRICAL_SURFACE('',#9351,2.E-1);
#9354=ORIENTED_EDGE('',*,*,#9353,.T.);
#9356=ORIENTED_EDGE('',*,*,#9355,.F.);
#9358=ORIENTED_EDGE('',*,*,#9357,.T.);
#9359=ORIENTED_EDGE('',*,*,#9324,.T.);
#9360=EDGE_LOOP('',(#9354,#9356,#9358,#9359));
#9361=FACE_OUTER_BOUND('',#9360,.F.);
#9362=ADVANCED_FACE('',(#9361),#9352,.T.);
#9363=CARTESIAN_POINT('',(3.85E0,-3.1E-1,-4.1E0));
#9364=DIRECTION('',(1.E0,0.E0,0.E0));
#9365=DIRECTION('',(0.E0,-1.E0,0.E0));
#9366=AXIS2_PLACEMENT_3D('',#9363,#9364,#9365);
#9367=PLANE('',#9366);
#9368=ORIENTED_EDGE('',*,*,#9252,.T.);
#9370=ORIENTED_EDGE('',*,*,#9369,.F.);
#9371=ORIENTED_EDGE('',*,*,#5612,.F.);
#9373=ORIENTED_EDGE('',*,*,#9372,.T.);
#9374=ORIENTED_EDGE('',*,*,#9353,.F.);
#9375=ORIENTED_EDGE('',*,*,#9330,.F.);
#9377=ORIENTED_EDGE('',*,*,#9376,.T.);
#9378=EDGE_LOOP('',(#9368,#9370,#9371,#9373,#9374,#9375,#9377));
#9379=FACE_OUTER_BOUND('',#9378,.F.);
#9380=ADVANCED_FACE('',(#9379),#9367,.T.);
#9381=CARTESIAN_POINT('',(3.85E0,-5.1E-1,-4.05E0));
#9382=DIRECTION('',(0.E0,-1.E0,0.E0));
#9383=DIRECTION('',(-1.E0,0.E0,0.E0));
#9384=AXIS2_PLACEMENT_3D('',#9381,#9382,#9383);
#9385=PLANE('',#9384);
#9386=ORIENTED_EDGE('',*,*,#5614,.F.);
#9387=ORIENTED_EDGE('',*,*,#9369,.T.);
#9388=ORIENTED_EDGE('',*,*,#9250,.T.);
#9390=ORIENTED_EDGE('',*,*,#9389,.F.);
#9391=EDGE_LOOP('',(#9386,#9387,#9388,#9390));
#9392=FACE_OUTER_BOUND('',#9391,.F.);
#9393=ADVANCED_FACE('',(#9392),#9385,.T.);
#9394=CARTESIAN_POINT('',(3.65E0,-1.5E0,-4.1E0));
#9395=DIRECTION('',(-1.E0,0.E0,0.E0));
#9396=DIRECTION('',(0.E0,1.E0,0.E0));
#9397=AXIS2_PLACEMENT_3D('',#9394,#9395,#9396);
#9398=PLANE('',#9397);
#9400=ORIENTED_EDGE('',*,*,#9399,.T.);
#9401=ORIENTED_EDGE('',*,*,#5616,.F.);
#9402=ORIENTED_EDGE('',*,*,#9389,.T.);
#9403=ORIENTED_EDGE('',*,*,#9256,.F.);
#9405=ORIENTED_EDGE('',*,*,#9404,.T.);
#9406=ORIENTED_EDGE('',*,*,#9326,.T.);
#9407=ORIENTED_EDGE('',*,*,#9357,.F.);
#9408=EDGE_LOOP('',(#9400,#9401,#9402,#9403,#9405,#9406,#9407));
#9409=FACE_OUTER_BOUND('',#9408,.F.);
#9410=ADVANCED_FACE('',(#9409),#9398,.T.);
#9411=CARTESIAN_POINT('',(3.65E0,-3.1E-1,-4.1E0));
#9412=DIRECTION('',(0.E0,1.E0,0.E0));
#9413=DIRECTION('',(1.E0,0.E0,0.E0));
#9414=AXIS2_PLACEMENT_3D('',#9411,#9412,#9413);
#9415=PLANE('',#9414);
#9416=ORIENTED_EDGE('',*,*,#9372,.F.);
#9417=ORIENTED_EDGE('',*,*,#5610,.F.);
#9418=ORIENTED_EDGE('',*,*,#9399,.F.);
#9419=ORIENTED_EDGE('',*,*,#9355,.T.);
#9420=EDGE_LOOP('',(#9416,#9417,#9418,#9419));
#9421=FACE_OUTER_BOUND('',#9420,.F.);
#9422=ADVANCED_FACE('',(#9421),#9415,.T.);
#9423=CARTESIAN_POINT('',(3.85E0,-1.5E0,-4.1E0));
#9424=DIRECTION('',(0.E0,-1.E0,0.E0));
#9425=DIRECTION('',(-1.E0,0.E0,0.E0));
#9426=AXIS2_PLACEMENT_3D('',#9423,#9424,#9425);
#9427=PLANE('',#9426);
#9428=ORIENTED_EDGE('',*,*,#9254,.T.);
#9429=ORIENTED_EDGE('',*,*,#9376,.F.);
#9430=ORIENTED_EDGE('',*,*,#9328,.F.);
#9431=ORIENTED_EDGE('',*,*,#9404,.F.);
#9432=EDGE_LOOP('',(#9428,#9429,#9430,#9431));
#9433=FACE_OUTER_BOUND('',#9432,.F.);
#9434=ADVANCED_FACE('',(#9433),#9427,.T.);
#9435=CARTESIAN_POINT('',(4.15E0,1.5E0,-4.1E0));
#9436=DIRECTION('',(0.E0,1.E0,0.E0));
#9437=DIRECTION('',(1.E0,0.E0,0.E0));
#9438=AXIS2_PLACEMENT_3D('',#9435,#9436,#9437);
#9439=PLANE('',#9438);
#9440=ORIENTED_EDGE('',*,*,#9238,.T.);
#9441=ORIENTED_EDGE('',*,*,#9225,.F.);
#9442=ORIENTED_EDGE('',*,*,#9342,.F.);
#9443=ORIENTED_EDGE('',*,*,#9284,.F.);
#9444=EDGE_LOOP('',(#9440,#9441,#9442,#9443));
#9445=FACE_OUTER_BOUND('',#9444,.F.);
#9446=ADVANCED_FACE('',(#9445),#9439,.T.);
#9447=CARTESIAN_POINT('',(3.15E0,3.1E-1,-4.1E0));
#9448=DIRECTION('',(-1.E0,0.E0,0.E0));
#9449=DIRECTION('',(0.E0,1.E0,0.E0));
#9450=AXIS2_PLACEMENT_3D('',#9447,#9448,#9449);
#9451=PLANE('',#9450);
#9453=ORIENTED_EDGE('',*,*,#9452,.T.);
#9455=ORIENTED_EDGE('',*,*,#9454,.F.);
#9456=ORIENTED_EDGE('',*,*,#5620,.F.);
#9458=ORIENTED_EDGE('',*,*,#9457,.F.);
#9460=ORIENTED_EDGE('',*,*,#9459,.F.);
#9462=ORIENTED_EDGE('',*,*,#9461,.T.);
#9464=ORIENTED_EDGE('',*,*,#9463,.T.);
#9465=EDGE_LOOP('',(#9453,#9455,#9456,#9458,#9460,#9462,#9464));
#9466=FACE_OUTER_BOUND('',#9465,.F.);
#9467=ADVANCED_FACE('',(#9466),#9451,.T.);
#9468=CARTESIAN_POINT('',(3.E0,5.E-1,-4.1E0));
#9469=DIRECTION('',(0.E0,0.E0,-1.E0));
#9470=DIRECTION('',(0.E0,1.E0,0.E0));
#9471=AXIS2_PLACEMENT_3D('',#9468,#9469,#9470);
#9472=PLANE('',#9471);
#9474=ORIENTED_EDGE('',*,*,#9473,.F.);
#9475=ORIENTED_EDGE('',*,*,#9452,.F.);
#9477=ORIENTED_EDGE('',*,*,#9476,.F.);
#9479=ORIENTED_EDGE('',*,*,#9478,.T.);
#9480=EDGE_LOOP('',(#9474,#9475,#9477,#9479));
#9481=FACE_OUTER_BOUND('',#9480,.F.);
#9482=ADVANCED_FACE('',(#9481),#9472,.F.);
#9483=CARTESIAN_POINT('',(3.E0,5.E-1,-4.1E0));
#9484=DIRECTION('',(0.E0,0.E0,-1.E0));
#9485=DIRECTION('',(0.E0,1.E0,0.E0));
#9486=AXIS2_PLACEMENT_3D('',#9483,#9484,#9485);
#9487=PLANE('',#9486);
#9489=ORIENTED_EDGE('',*,*,#9488,.F.);
#9491=ORIENTED_EDGE('',*,*,#9490,.F.);
#9493=ORIENTED_EDGE('',*,*,#9492,.F.);
#9495=ORIENTED_EDGE('',*,*,#9494,.T.);
#9496=EDGE_LOOP('',(#9489,#9491,#9493,#9495));
#9497=FACE_OUTER_BOUND('',#9496,.F.);
#9498=ADVANCED_FACE('',(#9497),#9487,.F.);
#9499=CARTESIAN_POINT('',(3.15E0,5.1E-1,-4.05E0));
#9500=DIRECTION('',(0.E0,1.E0,0.E0));
#9501=DIRECTION('',(1.E0,0.E0,0.E0));
#9502=AXIS2_PLACEMENT_3D('',#9499,#9500,#9501);
#9503=PLANE('',#9502);
#9504=ORIENTED_EDGE('',*,*,#9473,.T.);
#9506=ORIENTED_EDGE('',*,*,#9505,.F.);
#9507=ORIENTED_EDGE('',*,*,#5622,.F.);
#9508=ORIENTED_EDGE('',*,*,#9454,.T.);
#9509=EDGE_LOOP('',(#9504,#9506,#9507,#9508));
#9510=FACE_OUTER_BOUND('',#9509,.F.);
#9511=ADVANCED_FACE('',(#9510),#9503,.T.);
#9512=CARTESIAN_POINT('',(3.35E0,1.5E0,-4.1E0));
#9513=DIRECTION('',(1.E0,0.E0,0.E0));
#9514=DIRECTION('',(0.E0,-1.E0,0.E0));
#9515=AXIS2_PLACEMENT_3D('',#9512,#9513,#9514);
#9516=PLANE('',#9515);
#9518=ORIENTED_EDGE('',*,*,#9517,.F.);
#9519=ORIENTED_EDGE('',*,*,#5624,.F.);
#9520=ORIENTED_EDGE('',*,*,#9505,.T.);
#9521=ORIENTED_EDGE('',*,*,#9478,.F.);
#9523=ORIENTED_EDGE('',*,*,#9522,.T.);
#9525=ORIENTED_EDGE('',*,*,#9524,.T.);
#9527=ORIENTED_EDGE('',*,*,#9526,.F.);
#9528=EDGE_LOOP('',(#9518,#9519,#9520,#9521,#9523,#9525,#9527));
#9529=FACE_OUTER_BOUND('',#9528,.F.);
#9530=ADVANCED_FACE('',(#9529),#9516,.T.);
#9531=CARTESIAN_POINT('',(3.35E0,3.1E-1,-4.1E0));
#9532=DIRECTION('',(0.E0,-1.E0,0.E0));
#9533=DIRECTION('',(-1.E0,0.E0,0.E0));
#9534=AXIS2_PLACEMENT_3D('',#9531,#9532,#9533);
#9535=PLANE('',#9534);
#9536=ORIENTED_EDGE('',*,*,#9457,.T.);
#9537=ORIENTED_EDGE('',*,*,#5626,.F.);
#9538=ORIENTED_EDGE('',*,*,#9517,.T.);
#9540=ORIENTED_EDGE('',*,*,#9539,.T.);
#9541=EDGE_LOOP('',(#9536,#9537,#9538,#9540));
#9542=FACE_OUTER_BOUND('',#9541,.F.);
#9543=ADVANCED_FACE('',(#9542),#9535,.T.);
#9544=CARTESIAN_POINT('',(2.502846956818E1,5.1E-1,-4.2E0));
#9545=DIRECTION('',(-1.E0,0.E0,0.E0));
#9546=DIRECTION('',(0.E0,0.E0,-1.E0));
#9547=AXIS2_PLACEMENT_3D('',#9544,#9545,#9546);
#9548=CYLINDRICAL_SURFACE('',#9547,2.E-1);
#9549=ORIENTED_EDGE('',*,*,#9459,.T.);
#9550=ORIENTED_EDGE('',*,*,#9539,.F.);
#9551=ORIENTED_EDGE('',*,*,#9526,.T.);
#9553=ORIENTED_EDGE('',*,*,#9552,.T.);
#9554=EDGE_LOOP('',(#9549,#9550,#9551,#9553));
#9555=FACE_OUTER_BOUND('',#9554,.F.);
#9556=ADVANCED_FACE('',(#9555),#9548,.T.);
#9557=CARTESIAN_POINT('',(3.E0,5.E-1,-4.4E0));
#9558=DIRECTION('',(0.E0,0.E0,-1.E0));
#9559=DIRECTION('',(0.E0,1.E0,0.E0));
#9560=AXIS2_PLACEMENT_3D('',#9557,#9558,#9559);
#9561=PLANE('',#9560);
#9563=ORIENTED_EDGE('',*,*,#9562,.F.);
#9565=ORIENTED_EDGE('',*,*,#9564,.F.);
#9567=ORIENTED_EDGE('',*,*,#9566,.T.);
#9569=ORIENTED_EDGE('',*,*,#9568,.F.);
#9570=EDGE_LOOP('',(#9563,#9565,#9567,#9569));
#9571=FACE_OUTER_BOUND('',#9570,.F.);
#9572=ADVANCED_FACE('',(#9571),#9561,.T.);
#9573=CARTESIAN_POINT('',(3.E0,5.E-1,-4.4E0));
#9574=DIRECTION('',(0.E0,0.E0,-1.E0));
#9575=DIRECTION('',(0.E0,1.E0,0.E0));
#9576=AXIS2_PLACEMENT_3D('',#9573,#9574,#9575);
#9577=PLANE('',#9576);
#9578=ORIENTED_EDGE('',*,*,#9552,.F.);
#9579=ORIENTED_EDGE('',*,*,#9524,.F.);
#9581=ORIENTED_EDGE('',*,*,#9580,.T.);
#9582=ORIENTED_EDGE('',*,*,#9461,.F.);
#9583=EDGE_LOOP('',(#9578,#9579,#9581,#9582));
#9584=FACE_OUTER_BOUND('',#9583,.F.);
#9585=ADVANCED_FACE('',(#9584),#9577,.T.);
#9586=CARTESIAN_POINT('',(-1.786047356363E1,-5.1E-1,-4.2E0));
#9587=DIRECTION('',(1.E0,0.E0,0.E0));
#9588=DIRECTION('',(0.E0,0.E0,-1.E0));
#9589=AXIS2_PLACEMENT_3D('',#9586,#9587,#9588);
#9590=CYLINDRICAL_SURFACE('',#9589,2.E-1);
#9592=ORIENTED_EDGE('',*,*,#9591,.T.);
#9594=ORIENTED_EDGE('',*,*,#9593,.F.);
#9596=ORIENTED_EDGE('',*,*,#9595,.T.);
#9597=ORIENTED_EDGE('',*,*,#9562,.T.);
#9598=EDGE_LOOP('',(#9592,#9594,#9596,#9597));
#9599=FACE_OUTER_BOUND('',#9598,.F.);
#9600=ADVANCED_FACE('',(#9599),#9590,.T.);
#9601=CARTESIAN_POINT('',(2.85E0,-3.1E-1,-4.1E0));
#9602=DIRECTION('',(1.E0,0.E0,0.E0));
#9603=DIRECTION('',(0.E0,-1.E0,0.E0));
#9604=AXIS2_PLACEMENT_3D('',#9601,#9602,#9603);
#9605=PLANE('',#9604);
#9606=ORIENTED_EDGE('',*,*,#9490,.T.);
#9608=ORIENTED_EDGE('',*,*,#9607,.F.);
#9609=ORIENTED_EDGE('',*,*,#5632,.F.);
#9611=ORIENTED_EDGE('',*,*,#9610,.T.);
#9612=ORIENTED_EDGE('',*,*,#9591,.F.);
#9613=ORIENTED_EDGE('',*,*,#9568,.T.);
#9615=ORIENTED_EDGE('',*,*,#9614,.T.);
#9616=EDGE_LOOP('',(#9606,#9608,#9609,#9611,#9612,#9613,#9615));
#9617=FACE_OUTER_BOUND('',#9616,.F.);
#9618=ADVANCED_FACE('',(#9617),#9605,.T.);
#9619=CARTESIAN_POINT('',(2.85E0,-5.1E-1,-4.05E0));
#9620=DIRECTION('',(0.E0,-1.E0,0.E0));
#9621=DIRECTION('',(-1.E0,0.E0,0.E0));
#9622=AXIS2_PLACEMENT_3D('',#9619,#9620,#9621);
#9623=PLANE('',#9622);
#9624=ORIENTED_EDGE('',*,*,#9488,.T.);
#9626=ORIENTED_EDGE('',*,*,#9625,.F.);
#9627=ORIENTED_EDGE('',*,*,#5634,.F.);
#9628=ORIENTED_EDGE('',*,*,#9607,.T.);
#9629=EDGE_LOOP('',(#9624,#9626,#9627,#9628));
#9630=FACE_OUTER_BOUND('',#9629,.F.);
#9631=ADVANCED_FACE('',(#9630),#9623,.T.);
#9632=CARTESIAN_POINT('',(2.65E0,-1.5E0,-4.1E0));
#9633=DIRECTION('',(-1.E0,0.E0,0.E0));
#9634=DIRECTION('',(0.E0,1.E0,0.E0));
#9635=AXIS2_PLACEMENT_3D('',#9632,#9633,#9634);
#9636=PLANE('',#9635);
#9638=ORIENTED_EDGE('',*,*,#9637,.T.);
#9639=ORIENTED_EDGE('',*,*,#5636,.F.);
#9640=ORIENTED_EDGE('',*,*,#9625,.T.);
#9641=ORIENTED_EDGE('',*,*,#9494,.F.);
#9643=ORIENTED_EDGE('',*,*,#9642,.T.);
#9644=ORIENTED_EDGE('',*,*,#9564,.T.);
#9645=ORIENTED_EDGE('',*,*,#9595,.F.);
#9646=EDGE_LOOP('',(#9638,#9639,#9640,#9641,#9643,#9644,#9645));
#9647=FACE_OUTER_BOUND('',#9646,.F.);
#9648=ADVANCED_FACE('',(#9647),#9636,.T.);
#9649=CARTESIAN_POINT('',(2.65E0,-3.1E-1,-4.1E0));
#9650=DIRECTION('',(0.E0,1.E0,0.E0));
#9651=DIRECTION('',(1.E0,0.E0,0.E0));
#9652=AXIS2_PLACEMENT_3D('',#9649,#9650,#9651);
#9653=PLANE('',#9652);
#9654=ORIENTED_EDGE('',*,*,#9610,.F.);
#9655=ORIENTED_EDGE('',*,*,#5630,.F.);
#9656=ORIENTED_EDGE('',*,*,#9637,.F.);
#9657=ORIENTED_EDGE('',*,*,#9593,.T.);
#9658=EDGE_LOOP('',(#9654,#9655,#9656,#9657));
#9659=FACE_OUTER_BOUND('',#9658,.F.);
#9660=ADVANCED_FACE('',(#9659),#9653,.T.);
#9661=CARTESIAN_POINT('',(2.85E0,-1.5E0,-4.1E0));
#9662=DIRECTION('',(0.E0,-1.E0,0.E0));
#9663=DIRECTION('',(-1.E0,0.E0,0.E0));
#9664=AXIS2_PLACEMENT_3D('',#9661,#9662,#9663);
#9665=PLANE('',#9664);
#9666=ORIENTED_EDGE('',*,*,#9492,.T.);
#9667=ORIENTED_EDGE('',*,*,#9614,.F.);
#9668=ORIENTED_EDGE('',*,*,#9566,.F.);
#9669=ORIENTED_EDGE('',*,*,#9642,.F.);
#9670=EDGE_LOOP('',(#9666,#9667,#9668,#9669));
#9671=FACE_OUTER_BOUND('',#9670,.F.);
#9672=ADVANCED_FACE('',(#9671),#9665,.T.);
#9673=CARTESIAN_POINT('',(3.15E0,1.5E0,-4.1E0));
#9674=DIRECTION('',(0.E0,1.E0,0.E0));
#9675=DIRECTION('',(1.E0,0.E0,0.E0));
#9676=AXIS2_PLACEMENT_3D('',#9673,#9674,#9675);
#9677=PLANE('',#9676);
#9678=ORIENTED_EDGE('',*,*,#9476,.T.);
#9679=ORIENTED_EDGE('',*,*,#9463,.F.);
#9680=ORIENTED_EDGE('',*,*,#9580,.F.);
#9681=ORIENTED_EDGE('',*,*,#9522,.F.);
#9682=EDGE_LOOP('',(#9678,#9679,#9680,#9681));
#9683=FACE_OUTER_BOUND('',#9682,.F.);
#9684=ADVANCED_FACE('',(#9683),#9677,.T.);
#9685=CARTESIAN_POINT('',(2.15E0,3.1E-1,-4.1E0));
#9686=DIRECTION('',(-1.E0,0.E0,0.E0));
#9687=DIRECTION('',(0.E0,1.E0,0.E0));
#9688=AXIS2_PLACEMENT_3D('',#9685,#9686,#9687);
#9689=PLANE('',#9688);
#9691=ORIENTED_EDGE('',*,*,#9690,.T.);
#9693=ORIENTED_EDGE('',*,*,#9692,.F.);
#9694=ORIENTED_EDGE('',*,*,#5640,.F.);
#9696=ORIENTED_EDGE('',*,*,#9695,.F.);
#9698=ORIENTED_EDGE('',*,*,#9697,.F.);
#9700=ORIENTED_EDGE('',*,*,#9699,.T.);
#9702=ORIENTED_EDGE('',*,*,#9701,.T.);
#9703=EDGE_LOOP('',(#9691,#9693,#9694,#9696,#9698,#9700,#9702));
#9704=FACE_OUTER_BOUND('',#9703,.F.);
#9705=ADVANCED_FACE('',(#9704),#9689,.T.);
#9706=CARTESIAN_POINT('',(2.E0,5.E-1,-4.1E0));
#9707=DIRECTION('',(0.E0,0.E0,-1.E0));
#9708=DIRECTION('',(0.E0,1.E0,0.E0));
#9709=AXIS2_PLACEMENT_3D('',#9706,#9707,#9708);
#9710=PLANE('',#9709);
#9712=ORIENTED_EDGE('',*,*,#9711,.F.);
#9713=ORIENTED_EDGE('',*,*,#9690,.F.);
#9715=ORIENTED_EDGE('',*,*,#9714,.F.);
#9717=ORIENTED_EDGE('',*,*,#9716,.T.);
#9718=EDGE_LOOP('',(#9712,#9713,#9715,#9717));
#9719=FACE_OUTER_BOUND('',#9718,.F.);
#9720=ADVANCED_FACE('',(#9719),#9710,.F.);
#9721=CARTESIAN_POINT('',(2.E0,5.E-1,-4.1E0));
#9722=DIRECTION('',(0.E0,0.E0,-1.E0));
#9723=DIRECTION('',(0.E0,1.E0,0.E0));
#9724=AXIS2_PLACEMENT_3D('',#9721,#9722,#9723);
#9725=PLANE('',#9724);
#9727=ORIENTED_EDGE('',*,*,#9726,.F.);
#9729=ORIENTED_EDGE('',*,*,#9728,.F.);
#9731=ORIENTED_EDGE('',*,*,#9730,.F.);
#9733=ORIENTED_EDGE('',*,*,#9732,.T.);
#9734=EDGE_LOOP('',(#9727,#9729,#9731,#9733));
#9735=FACE_OUTER_BOUND('',#9734,.F.);
#9736=ADVANCED_FACE('',(#9735),#9725,.F.);
#9737=CARTESIAN_POINT('',(2.15E0,5.1E-1,-4.05E0));
#9738=DIRECTION('',(0.E0,1.E0,0.E0));
#9739=DIRECTION('',(1.E0,0.E0,0.E0));
#9740=AXIS2_PLACEMENT_3D('',#9737,#9738,#9739);
#9741=PLANE('',#9740);
#9742=ORIENTED_EDGE('',*,*,#9711,.T.);
#9744=ORIENTED_EDGE('',*,*,#9743,.F.);
#9745=ORIENTED_EDGE('',*,*,#5642,.F.);
#9746=ORIENTED_EDGE('',*,*,#9692,.T.);
#9747=EDGE_LOOP('',(#9742,#9744,#9745,#9746));
#9748=FACE_OUTER_BOUND('',#9747,.F.);
#9749=ADVANCED_FACE('',(#9748),#9741,.T.);
#9750=CARTESIAN_POINT('',(2.35E0,1.5E0,-4.1E0));
#9751=DIRECTION('',(1.E0,0.E0,0.E0));
#9752=DIRECTION('',(0.E0,-1.E0,0.E0));
#9753=AXIS2_PLACEMENT_3D('',#9750,#9751,#9752);
#9754=PLANE('',#9753);
#9756=ORIENTED_EDGE('',*,*,#9755,.F.);
#9757=ORIENTED_EDGE('',*,*,#5644,.F.);
#9758=ORIENTED_EDGE('',*,*,#9743,.T.);
#9759=ORIENTED_EDGE('',*,*,#9716,.F.);
#9761=ORIENTED_EDGE('',*,*,#9760,.T.);
#9763=ORIENTED_EDGE('',*,*,#9762,.T.);
#9765=ORIENTED_EDGE('',*,*,#9764,.F.);
#9766=EDGE_LOOP('',(#9756,#9757,#9758,#9759,#9761,#9763,#9765));
#9767=FACE_OUTER_BOUND('',#9766,.F.);
#9768=ADVANCED_FACE('',(#9767),#9754,.T.);
#9769=CARTESIAN_POINT('',(2.35E0,3.1E-1,-4.1E0));
#9770=DIRECTION('',(0.E0,-1.E0,0.E0));
#9771=DIRECTION('',(-1.E0,0.E0,0.E0));
#9772=AXIS2_PLACEMENT_3D('',#9769,#9770,#9771);
#9773=PLANE('',#9772);
#9774=ORIENTED_EDGE('',*,*,#9695,.T.);
#9775=ORIENTED_EDGE('',*,*,#5646,.F.);
#9776=ORIENTED_EDGE('',*,*,#9755,.T.);
#9778=ORIENTED_EDGE('',*,*,#9777,.T.);
#9779=EDGE_LOOP('',(#9774,#9775,#9776,#9778));
#9780=FACE_OUTER_BOUND('',#9779,.F.);
#9781=ADVANCED_FACE('',(#9780),#9773,.T.);
#9782=CARTESIAN_POINT('',(2.205691409061E1,5.1E-1,-4.2E0));
#9783=DIRECTION('',(-1.E0,0.E0,0.E0));
#9784=DIRECTION('',(0.E0,0.E0,-1.E0));
#9785=AXIS2_PLACEMENT_3D('',#9782,#9783,#9784);
#9786=CYLINDRICAL_SURFACE('',#9785,2.E-1);
#9787=ORIENTED_EDGE('',*,*,#9697,.T.);
#9788=ORIENTED_EDGE('',*,*,#9777,.F.);
#9789=ORIENTED_EDGE('',*,*,#9764,.T.);
#9791=ORIENTED_EDGE('',*,*,#9790,.T.);
#9792=EDGE_LOOP('',(#9787,#9788,#9789,#9791));
#9793=FACE_OUTER_BOUND('',#9792,.F.);
#9794=ADVANCED_FACE('',(#9793),#9786,.T.);
#9795=CARTESIAN_POINT('',(2.E0,5.E-1,-4.4E0));
#9796=DIRECTION('',(0.E0,0.E0,-1.E0));
#9797=DIRECTION('',(0.E0,1.E0,0.E0));
#9798=AXIS2_PLACEMENT_3D('',#9795,#9796,#9797);
#9799=PLANE('',#9798);
#9801=ORIENTED_EDGE('',*,*,#9800,.F.);
#9803=ORIENTED_EDGE('',*,*,#9802,.F.);
#9805=ORIENTED_EDGE('',*,*,#9804,.T.);
#9807=ORIENTED_EDGE('',*,*,#9806,.F.);
#9808=EDGE_LOOP('',(#9801,#9803,#9805,#9807));
#9809=FACE_OUTER_BOUND('',#9808,.F.);
#9810=ADVANCED_FACE('',(#9809),#9799,.T.);
#9811=CARTESIAN_POINT('',(2.E0,5.E-1,-4.4E0));
#9812=DIRECTION('',(0.E0,0.E0,-1.E0));
#9813=DIRECTION('',(0.E0,1.E0,0.E0));
#9814=AXIS2_PLACEMENT_3D('',#9811,#9812,#9813);
#9815=PLANE('',#9814);
#9816=ORIENTED_EDGE('',*,*,#9790,.F.);
#9817=ORIENTED_EDGE('',*,*,#9762,.F.);
#9819=ORIENTED_EDGE('',*,*,#9818,.T.);
#9820=ORIENTED_EDGE('',*,*,#9699,.F.);
#9821=EDGE_LOOP('',(#9816,#9817,#9819,#9820));
#9822=FACE_OUTER_BOUND('',#9821,.F.);
#9823=ADVANCED_FACE('',(#9822),#9815,.T.);
#9824=CARTESIAN_POINT('',(-1.687294380712E1,-5.1E-1,-4.2E0));
#9825=DIRECTION('',(1.E0,0.E0,0.E0));
#9826=DIRECTION('',(0.E0,0.E0,-1.E0));
#9827=AXIS2_PLACEMENT_3D('',#9824,#9825,#9826);
#9828=CYLINDRICAL_SURFACE('',#9827,2.E-1);
#9830=ORIENTED_EDGE('',*,*,#9829,.T.);
#9832=ORIENTED_EDGE('',*,*,#9831,.F.);
#9834=ORIENTED_EDGE('',*,*,#9833,.T.);
#9835=ORIENTED_EDGE('',*,*,#9800,.T.);
#9836=EDGE_LOOP('',(#9830,#9832,#9834,#9835));
#9837=FACE_OUTER_BOUND('',#9836,.F.);
#9838=ADVANCED_FACE('',(#9837),#9828,.T.);
#9839=CARTESIAN_POINT('',(1.85E0,-3.1E-1,-4.1E0));
#9840=DIRECTION('',(1.E0,0.E0,0.E0));
#9841=DIRECTION('',(0.E0,-1.E0,0.E0));
#9842=AXIS2_PLACEMENT_3D('',#9839,#9840,#9841);
#9843=PLANE('',#9842);
#9844=ORIENTED_EDGE('',*,*,#9728,.T.);
#9846=ORIENTED_EDGE('',*,*,#9845,.F.);
#9847=ORIENTED_EDGE('',*,*,#5652,.F.);
#9849=ORIENTED_EDGE('',*,*,#9848,.T.);
#9850=ORIENTED_EDGE('',*,*,#9829,.F.);
#9851=ORIENTED_EDGE('',*,*,#9806,.T.);
#9853=ORIENTED_EDGE('',*,*,#9852,.T.);
#9854=EDGE_LOOP('',(#9844,#9846,#9847,#9849,#9850,#9851,#9853));
#9855=FACE_OUTER_BOUND('',#9854,.F.);
#9856=ADVANCED_FACE('',(#9855),#9843,.T.);
#9857=CARTESIAN_POINT('',(1.85E0,-5.1E-1,-4.05E0));
#9858=DIRECTION('',(0.E0,-1.E0,0.E0));
#9859=DIRECTION('',(-1.E0,0.E0,0.E0));
#9860=AXIS2_PLACEMENT_3D('',#9857,#9858,#9859);
#9861=PLANE('',#9860);
#9862=ORIENTED_EDGE('',*,*,#9726,.T.);
#9864=ORIENTED_EDGE('',*,*,#9863,.F.);
#9865=ORIENTED_EDGE('',*,*,#5654,.F.);
#9866=ORIENTED_EDGE('',*,*,#9845,.T.);
#9867=EDGE_LOOP('',(#9862,#9864,#9865,#9866));
#9868=FACE_OUTER_BOUND('',#9867,.F.);
#9869=ADVANCED_FACE('',(#9868),#9861,.T.);
#9870=CARTESIAN_POINT('',(1.65E0,-1.5E0,-4.1E0));
#9871=DIRECTION('',(-1.E0,0.E0,0.E0));
#9872=DIRECTION('',(0.E0,1.E0,0.E0));
#9873=AXIS2_PLACEMENT_3D('',#9870,#9871,#9872);
#9874=PLANE('',#9873);
#9876=ORIENTED_EDGE('',*,*,#9875,.T.);
#9877=ORIENTED_EDGE('',*,*,#5656,.F.);
#9878=ORIENTED_EDGE('',*,*,#9863,.T.);
#9879=ORIENTED_EDGE('',*,*,#9732,.F.);
#9881=ORIENTED_EDGE('',*,*,#9880,.T.);
#9882=ORIENTED_EDGE('',*,*,#9802,.T.);
#9883=ORIENTED_EDGE('',*,*,#9833,.F.);
#9884=EDGE_LOOP('',(#9876,#9877,#9878,#9879,#9881,#9882,#9883));
#9885=FACE_OUTER_BOUND('',#9884,.F.);
#9886=ADVANCED_FACE('',(#9885),#9874,.T.);
#9887=CARTESIAN_POINT('',(1.65E0,-3.1E-1,-4.1E0));
#9888=DIRECTION('',(0.E0,1.E0,0.E0));
#9889=DIRECTION('',(1.E0,0.E0,0.E0));
#9890=AXIS2_PLACEMENT_3D('',#9887,#9888,#9889);
#9891=PLANE('',#9890);
#9892=ORIENTED_EDGE('',*,*,#9848,.F.);
#9893=ORIENTED_EDGE('',*,*,#5650,.F.);
#9894=ORIENTED_EDGE('',*,*,#9875,.F.);
#9895=ORIENTED_EDGE('',*,*,#9831,.T.);
#9896=EDGE_LOOP('',(#9892,#9893,#9894,#9895));
#9897=FACE_OUTER_BOUND('',#9896,.F.);
#9898=ADVANCED_FACE('',(#9897),#9891,.T.);
#9899=CARTESIAN_POINT('',(1.85E0,-1.5E0,-4.1E0));
#9900=DIRECTION('',(0.E0,-1.E0,0.E0));
#9901=DIRECTION('',(-1.E0,0.E0,0.E0));
#9902=AXIS2_PLACEMENT_3D('',#9899,#9900,#9901);
#9903=PLANE('',#9902);
#9904=ORIENTED_EDGE('',*,*,#9730,.T.);
#9905=ORIENTED_EDGE('',*,*,#9852,.F.);
#9906=ORIENTED_EDGE('',*,*,#9804,.F.);
#9907=ORIENTED_EDGE('',*,*,#9880,.F.);
#9908=EDGE_LOOP('',(#9904,#9905,#9906,#9907));
#9909=FACE_OUTER_BOUND('',#9908,.F.);
#9910=ADVANCED_FACE('',(#9909),#9903,.T.);
#9911=CARTESIAN_POINT('',(2.15E0,1.5E0,-4.1E0));
#9912=DIRECTION('',(0.E0,1.E0,0.E0));
#9913=DIRECTION('',(1.E0,0.E0,0.E0));
#9914=AXIS2_PLACEMENT_3D('',#9911,#9912,#9913);
#9915=PLANE('',#9914);
#9916=ORIENTED_EDGE('',*,*,#9714,.T.);
#9917=ORIENTED_EDGE('',*,*,#9701,.F.);
#9918=ORIENTED_EDGE('',*,*,#9818,.F.);
#9919=ORIENTED_EDGE('',*,*,#9760,.F.);
#9920=EDGE_LOOP('',(#9916,#9917,#9918,#9919));
#9921=FACE_OUTER_BOUND('',#9920,.F.);
#9922=ADVANCED_FACE('',(#9921),#9915,.T.);
#9923=CARTESIAN_POINT('',(1.15E0,3.1E-1,-4.1E0));
#9924=DIRECTION('',(-1.E0,0.E0,0.E0));
#9925=DIRECTION('',(0.E0,1.E0,0.E0));
#9926=AXIS2_PLACEMENT_3D('',#9923,#9924,#9925);
#9927=PLANE('',#9926);
#9929=ORIENTED_EDGE('',*,*,#9928,.T.);
#9931=ORIENTED_EDGE('',*,*,#9930,.F.);
#9932=ORIENTED_EDGE('',*,*,#5660,.F.);
#9934=ORIENTED_EDGE('',*,*,#9933,.F.);
#9936=ORIENTED_EDGE('',*,*,#9935,.F.);
#9938=ORIENTED_EDGE('',*,*,#9937,.T.);
#9940=ORIENTED_EDGE('',*,*,#9939,.T.);
#9941=EDGE_LOOP('',(#9929,#9931,#9932,#9934,#9936,#9938,#9940));
#9942=FACE_OUTER_BOUND('',#9941,.F.);
#9943=ADVANCED_FACE('',(#9942),#9927,.T.);
#9944=CARTESIAN_POINT('',(1.E0,5.E-1,-4.1E0));
#9945=DIRECTION('',(0.E0,0.E0,-1.E0));
#9946=DIRECTION('',(0.E0,1.E0,0.E0));
#9947=AXIS2_PLACEMENT_3D('',#9944,#9945,#9946);
#9948=PLANE('',#9947);
#9950=ORIENTED_EDGE('',*,*,#9949,.F.);
#9951=ORIENTED_EDGE('',*,*,#9928,.F.);
#9953=ORIENTED_EDGE('',*,*,#9952,.F.);
#9955=ORIENTED_EDGE('',*,*,#9954,.T.);
#9956=EDGE_LOOP('',(#9950,#9951,#9953,#9955));
#9957=FACE_OUTER_BOUND('',#9956,.F.);
#9958=ADVANCED_FACE('',(#9957),#9948,.F.);
#9959=CARTESIAN_POINT('',(1.E0,5.E-1,-4.1E0));
#9960=DIRECTION('',(0.E0,0.E0,-1.E0));
#9961=DIRECTION('',(0.E0,1.E0,0.E0));
#9962=AXIS2_PLACEMENT_3D('',#9959,#9960,#9961);
#9963=PLANE('',#9962);
#9965=ORIENTED_EDGE('',*,*,#9964,.F.);
#9967=ORIENTED_EDGE('',*,*,#9966,.F.);
#9969=ORIENTED_EDGE('',*,*,#9968,.F.);
#9971=ORIENTED_EDGE('',*,*,#9970,.T.);
#9972=EDGE_LOOP('',(#9965,#9967,#9969,#9971));
#9973=FACE_OUTER_BOUND('',#9972,.F.);
#9974=ADVANCED_FACE('',(#9973),#9963,.F.);
#9975=CARTESIAN_POINT('',(1.15E0,5.1E-1,-4.05E0));
#9976=DIRECTION('',(0.E0,1.E0,0.E0));
#9977=DIRECTION('',(1.E0,0.E0,0.E0));
#9978=AXIS2_PLACEMENT_3D('',#9975,#9976,#9977);
#9979=PLANE('',#9978);
#9980=ORIENTED_EDGE('',*,*,#9949,.T.);
#9982=ORIENTED_EDGE('',*,*,#9981,.F.);
#9983=ORIENTED_EDGE('',*,*,#5662,.F.);
#9984=ORIENTED_EDGE('',*,*,#9930,.T.);
#9985=EDGE_LOOP('',(#9980,#9982,#9983,#9984));
#9986=FACE_OUTER_BOUND('',#9985,.F.);
#9987=ADVANCED_FACE('',(#9986),#9979,.T.);
#9988=CARTESIAN_POINT('',(1.35E0,1.5E0,-4.1E0));
#9989=DIRECTION('',(1.E0,0.E0,0.E0));
#9990=DIRECTION('',(0.E0,-1.E0,0.E0));
#9991=AXIS2_PLACEMENT_3D('',#9988,#9989,#9990);
#9992=PLANE('',#9991);
#9994=ORIENTED_EDGE('',*,*,#9993,.F.);
#9995=ORIENTED_EDGE('',*,*,#5664,.F.);
#9996=ORIENTED_EDGE('',*,*,#9981,.T.);
#9997=ORIENTED_EDGE('',*,*,#9954,.F.);
#9999=ORIENTED_EDGE('',*,*,#9998,.T.);
#10001=ORIENTED_EDGE('',*,*,#10000,.T.);
#10003=ORIENTED_EDGE('',*,*,#10002,.F.);
#10004=EDGE_LOOP('',(#9994,#9995,#9996,#9997,#9999,#10001,#10003));
#10005=FACE_OUTER_BOUND('',#10004,.F.);
#10006=ADVANCED_FACE('',(#10005),#9992,.T.);
#10007=CARTESIAN_POINT('',(1.35E0,3.1E-1,-4.1E0));
#10008=DIRECTION('',(0.E0,-1.E0,0.E0));
#10009=DIRECTION('',(-1.E0,0.E0,0.E0));
#10010=AXIS2_PLACEMENT_3D('',#10007,#10008,#10009);
#10011=PLANE('',#10010);
#10012=ORIENTED_EDGE('',*,*,#9933,.T.);
#10013=ORIENTED_EDGE('',*,*,#5666,.F.);
#10014=ORIENTED_EDGE('',*,*,#9993,.T.);
#10016=ORIENTED_EDGE('',*,*,#10015,.T.);
#10017=EDGE_LOOP('',(#10012,#10013,#10014,#10016));
#10018=FACE_OUTER_BOUND('',#10017,.F.);
#10019=ADVANCED_FACE('',(#10018),#10011,.T.);
#10020=CARTESIAN_POINT('',(1.909254555749E1,5.1E-1,-4.2E0));
#10021=DIRECTION('',(-1.E0,0.E0,0.E0));
#10022=DIRECTION('',(0.E0,0.E0,-1.E0));
#10023=AXIS2_PLACEMENT_3D('',#10020,#10021,#10022);
#10024=CYLINDRICAL_SURFACE('',#10023,2.E-1);
#10025=ORIENTED_EDGE('',*,*,#9935,.T.);
#10026=ORIENTED_EDGE('',*,*,#10015,.F.);
#10027=ORIENTED_EDGE('',*,*,#10002,.T.);
#10029=ORIENTED_EDGE('',*,*,#10028,.T.);
#10030=EDGE_LOOP('',(#10025,#10026,#10027,#10029));
#10031=FACE_OUTER_BOUND('',#10030,.F.);
#10032=ADVANCED_FACE('',(#10031),#10024,.T.);
#10033=CARTESIAN_POINT('',(1.E0,5.E-1,-4.4E0));
#10034=DIRECTION('',(0.E0,0.E0,-1.E0));
#10035=DIRECTION('',(0.E0,1.E0,0.E0));
#10036=AXIS2_PLACEMENT_3D('',#10033,#10034,#10035);
#10037=PLANE('',#10036);
#10039=ORIENTED_EDGE('',*,*,#10038,.F.);
#10041=ORIENTED_EDGE('',*,*,#10040,.F.);
#10043=ORIENTED_EDGE('',*,*,#10042,.T.);
#10045=ORIENTED_EDGE('',*,*,#10044,.F.);
#10046=EDGE_LOOP('',(#10039,#10041,#10043,#10045));
#10047=FACE_OUTER_BOUND('',#10046,.F.);
#10048=ADVANCED_FACE('',(#10047),#10037,.T.);
#10049=CARTESIAN_POINT('',(1.E0,5.E-1,-4.4E0));
#10050=DIRECTION('',(0.E0,0.E0,-1.E0));
#10051=DIRECTION('',(0.E0,1.E0,0.E0));
#10052=AXIS2_PLACEMENT_3D('',#10049,#10050,#10051);
#10053=PLANE('',#10052);
#10054=ORIENTED_EDGE('',*,*,#10028,.F.);
#10055=ORIENTED_EDGE('',*,*,#10000,.F.);
#10057=ORIENTED_EDGE('',*,*,#10056,.T.);
#10058=ORIENTED_EDGE('',*,*,#9937,.F.);
#10059=EDGE_LOOP('',(#10054,#10055,#10057,#10058));
#10060=FACE_OUTER_BOUND('',#10059,.F.);
#10061=ADVANCED_FACE('',(#10060),#10053,.T.);
#10062=CARTESIAN_POINT('',(-1.588929370729E1,-5.1E-1,-4.2E0));
#10063=DIRECTION('',(1.E0,0.E0,0.E0));
#10064=DIRECTION('',(0.E0,0.E0,-1.E0));
#10065=AXIS2_PLACEMENT_3D('',#10062,#10063,#10064);
#10066=CYLINDRICAL_SURFACE('',#10065,2.E-1);
#10068=ORIENTED_EDGE('',*,*,#10067,.T.);
#10070=ORIENTED_EDGE('',*,*,#10069,.F.);
#10072=ORIENTED_EDGE('',*,*,#10071,.T.);
#10073=ORIENTED_EDGE('',*,*,#10038,.T.);
#10074=EDGE_LOOP('',(#10068,#10070,#10072,#10073));
#10075=FACE_OUTER_BOUND('',#10074,.F.);
#10076=ADVANCED_FACE('',(#10075),#10066,.T.);
#10077=CARTESIAN_POINT('',(8.5E-1,-3.1E-1,-4.1E0));
#10078=DIRECTION('',(1.E0,0.E0,0.E0));
#10079=DIRECTION('',(0.E0,-1.E0,0.E0));
#10080=AXIS2_PLACEMENT_3D('',#10077,#10078,#10079);
#10081=PLANE('',#10080);
#10082=ORIENTED_EDGE('',*,*,#9966,.T.);
#10084=ORIENTED_EDGE('',*,*,#10083,.F.);
#10085=ORIENTED_EDGE('',*,*,#5672,.F.);
#10087=ORIENTED_EDGE('',*,*,#10086,.T.);
#10088=ORIENTED_EDGE('',*,*,#10067,.F.);
#10089=ORIENTED_EDGE('',*,*,#10044,.T.);
#10091=ORIENTED_EDGE('',*,*,#10090,.T.);
#10092=EDGE_LOOP('',(#10082,#10084,#10085,#10087,#10088,#10089,#10091));
#10093=FACE_OUTER_BOUND('',#10092,.F.);
#10094=ADVANCED_FACE('',(#10093),#10081,.T.);
#10095=CARTESIAN_POINT('',(8.5E-1,-5.1E-1,-4.05E0));
#10096=DIRECTION('',(0.E0,-1.E0,0.E0));
#10097=DIRECTION('',(-1.E0,0.E0,0.E0));
#10098=AXIS2_PLACEMENT_3D('',#10095,#10096,#10097);
#10099=PLANE('',#10098);
#10100=ORIENTED_EDGE('',*,*,#9964,.T.);
#10102=ORIENTED_EDGE('',*,*,#10101,.F.);
#10103=ORIENTED_EDGE('',*,*,#5674,.F.);
#10104=ORIENTED_EDGE('',*,*,#10083,.T.);
#10105=EDGE_LOOP('',(#10100,#10102,#10103,#10104));
#10106=FACE_OUTER_BOUND('',#10105,.F.);
#10107=ADVANCED_FACE('',(#10106),#10099,.T.);
#10108=CARTESIAN_POINT('',(6.5E-1,-1.5E0,-4.1E0));
#10109=DIRECTION('',(-1.E0,0.E0,0.E0));
#10110=DIRECTION('',(0.E0,1.E0,0.E0));
#10111=AXIS2_PLACEMENT_3D('',#10108,#10109,#10110);
#10112=PLANE('',#10111);
#10114=ORIENTED_EDGE('',*,*,#10113,.T.);
#10115=ORIENTED_EDGE('',*,*,#5676,.F.);
#10116=ORIENTED_EDGE('',*,*,#10101,.T.);
#10117=ORIENTED_EDGE('',*,*,#9970,.F.);
#10119=ORIENTED_EDGE('',*,*,#10118,.T.);
#10120=ORIENTED_EDGE('',*,*,#10040,.T.);
#10121=ORIENTED_EDGE('',*,*,#10071,.F.);
#10122=EDGE_LOOP('',(#10114,#10115,#10116,#10117,#10119,#10120,#10121));
#10123=FACE_OUTER_BOUND('',#10122,.F.);
#10124=ADVANCED_FACE('',(#10123),#10112,.T.);
#10125=CARTESIAN_POINT('',(6.5E-1,-3.1E-1,-4.1E0));
#10126=DIRECTION('',(0.E0,1.E0,0.E0));
#10127=DIRECTION('',(1.E0,0.E0,0.E0));
#10128=AXIS2_PLACEMENT_3D('',#10125,#10126,#10127);
#10129=PLANE('',#10128);
#10130=ORIENTED_EDGE('',*,*,#10086,.F.);
#10131=ORIENTED_EDGE('',*,*,#5670,.F.);
#10132=ORIENTED_EDGE('',*,*,#10113,.F.);
#10133=ORIENTED_EDGE('',*,*,#10069,.T.);
#10134=EDGE_LOOP('',(#10130,#10131,#10132,#10133));
#10135=FACE_OUTER_BOUND('',#10134,.F.);
#10136=ADVANCED_FACE('',(#10135),#10129,.T.);
#10137=CARTESIAN_POINT('',(8.5E-1,-1.5E0,-4.1E0));
#10138=DIRECTION('',(0.E0,-1.E0,0.E0));
#10139=DIRECTION('',(-1.E0,0.E0,0.E0));
#10140=AXIS2_PLACEMENT_3D('',#10137,#10138,#10139);
#10141=PLANE('',#10140);
#10142=ORIENTED_EDGE('',*,*,#9968,.T.);
#10143=ORIENTED_EDGE('',*,*,#10090,.F.);
#10144=ORIENTED_EDGE('',*,*,#10042,.F.);
#10145=ORIENTED_EDGE('',*,*,#10118,.F.);
#10146=EDGE_LOOP('',(#10142,#10143,#10144,#10145));
#10147=FACE_OUTER_BOUND('',#10146,.F.);
#10148=ADVANCED_FACE('',(#10147),#10141,.T.);
#10149=CARTESIAN_POINT('',(1.15E0,1.5E0,-4.1E0));
#10150=DIRECTION('',(0.E0,1.E0,0.E0));
#10151=DIRECTION('',(1.E0,0.E0,0.E0));
#10152=AXIS2_PLACEMENT_3D('',#10149,#10150,#10151);
#10153=PLANE('',#10152);
#10154=ORIENTED_EDGE('',*,*,#9952,.T.);
#10155=ORIENTED_EDGE('',*,*,#9939,.F.);
#10156=ORIENTED_EDGE('',*,*,#10056,.F.);
#10157=ORIENTED_EDGE('',*,*,#9998,.F.);
#10158=EDGE_LOOP('',(#10154,#10155,#10156,#10157));
#10159=FACE_OUTER_BOUND('',#10158,.F.);
#10160=ADVANCED_FACE('',(#10159),#10153,.T.);
#10161=CARTESIAN_POINT('',(1.5E-1,3.1E-1,-4.1E0));
#10162=DIRECTION('',(-1.E0,0.E0,0.E0));
#10163=DIRECTION('',(0.E0,1.E0,0.E0));
#10164=AXIS2_PLACEMENT_3D('',#10161,#10162,#10163);
#10165=PLANE('',#10164);
#10167=ORIENTED_EDGE('',*,*,#10166,.T.);
#10169=ORIENTED_EDGE('',*,*,#10168,.F.);
#10170=ORIENTED_EDGE('',*,*,#5680,.F.);
#10172=ORIENTED_EDGE('',*,*,#10171,.F.);
#10174=ORIENTED_EDGE('',*,*,#10173,.F.);
#10176=ORIENTED_EDGE('',*,*,#10175,.T.);
#10178=ORIENTED_EDGE('',*,*,#10177,.T.);
#10179=EDGE_LOOP('',(#10167,#10169,#10170,#10172,#10174,#10176,#10178));
#10180=FACE_OUTER_BOUND('',#10179,.F.);
#10181=ADVANCED_FACE('',(#10180),#10165,.T.);
#10182=CARTESIAN_POINT('',(0.E0,5.E-1,-4.1E0));
#10183=DIRECTION('',(0.E0,0.E0,-1.E0));
#10184=DIRECTION('',(0.E0,1.E0,0.E0));
#10185=AXIS2_PLACEMENT_3D('',#10182,#10183,#10184);
#10186=PLANE('',#10185);
#10188=ORIENTED_EDGE('',*,*,#10187,.F.);
#10189=ORIENTED_EDGE('',*,*,#10166,.F.);
#10191=ORIENTED_EDGE('',*,*,#10190,.F.);
#10193=ORIENTED_EDGE('',*,*,#10192,.T.);
#10194=EDGE_LOOP('',(#10188,#10189,#10191,#10193));
#10195=FACE_OUTER_BOUND('',#10194,.F.);
#10196=ADVANCED_FACE('',(#10195),#10186,.F.);
#10197=CARTESIAN_POINT('',(0.E0,5.E-1,-4.1E0));
#10198=DIRECTION('',(0.E0,0.E0,-1.E0));
#10199=DIRECTION('',(0.E0,1.E0,0.E0));
#10200=AXIS2_PLACEMENT_3D('',#10197,#10198,#10199);
#10201=PLANE('',#10200);
#10203=ORIENTED_EDGE('',*,*,#10202,.F.);
#10205=ORIENTED_EDGE('',*,*,#10204,.F.);
#10207=ORIENTED_EDGE('',*,*,#10206,.F.);
#10209=ORIENTED_EDGE('',*,*,#10208,.T.);
#10210=EDGE_LOOP('',(#10203,#10205,#10207,#10209));
#10211=FACE_OUTER_BOUND('',#10210,.F.);
#10212=ADVANCED_FACE('',(#10211),#10201,.F.);
#10213=CARTESIAN_POINT('',(1.5E-1,5.1E-1,-4.05E0));
#10214=DIRECTION('',(0.E0,1.E0,0.E0));
#10215=DIRECTION('',(1.E0,0.E0,0.E0));
#10216=AXIS2_PLACEMENT_3D('',#10213,#10214,#10215);
#10217=PLANE('',#10216);
#10218=ORIENTED_EDGE('',*,*,#10187,.T.);
#10220=ORIENTED_EDGE('',*,*,#10219,.F.);
#10221=ORIENTED_EDGE('',*,*,#5682,.F.);
#10222=ORIENTED_EDGE('',*,*,#10168,.T.);
#10223=EDGE_LOOP('',(#10218,#10220,#10221,#10222));
#10224=FACE_OUTER_BOUND('',#10223,.F.);
#10225=ADVANCED_FACE('',(#10224),#10217,.T.);
#10226=CARTESIAN_POINT('',(3.5E-1,1.5E0,-4.1E0));
#10227=DIRECTION('',(1.E0,0.E0,0.E0));
#10228=DIRECTION('',(0.E0,-1.E0,0.E0));
#10229=AXIS2_PLACEMENT_3D('',#10226,#10227,#10228);
#10230=PLANE('',#10229);
#10232=ORIENTED_EDGE('',*,*,#10231,.F.);
#10233=ORIENTED_EDGE('',*,*,#5684,.F.);
#10234=ORIENTED_EDGE('',*,*,#10219,.T.);
#10235=ORIENTED_EDGE('',*,*,#10192,.F.);
#10237=ORIENTED_EDGE('',*,*,#10236,.T.);
#10239=ORIENTED_EDGE('',*,*,#10238,.T.);
#10241=ORIENTED_EDGE('',*,*,#10240,.F.);
#10242=EDGE_LOOP('',(#10232,#10233,#10234,#10235,#10237,#10239,#10241));
#10243=FACE_OUTER_BOUND('',#10242,.F.);
#10244=ADVANCED_FACE('',(#10243),#10230,.T.);
#10245=CARTESIAN_POINT('',(3.5E-1,3.1E-1,-4.1E0));
#10246=DIRECTION('',(0.E0,-1.E0,0.E0));
#10247=DIRECTION('',(-1.E0,0.E0,0.E0));
#10248=AXIS2_PLACEMENT_3D('',#10245,#10246,#10247);
#10249=PLANE('',#10248);
#10250=ORIENTED_EDGE('',*,*,#10171,.T.);
#10251=ORIENTED_EDGE('',*,*,#5686,.F.);
#10252=ORIENTED_EDGE('',*,*,#10231,.T.);
#10254=ORIENTED_EDGE('',*,*,#10253,.T.);
#10255=EDGE_LOOP('',(#10250,#10251,#10252,#10254));
#10256=FACE_OUTER_BOUND('',#10255,.F.);
#10257=ADVANCED_FACE('',(#10256),#10249,.T.);
#10258=CARTESIAN_POINT('',(1.736499040981E1,5.1E-1,-4.2E0));
#10259=DIRECTION('',(-1.E0,0.E0,0.E0));
#10260=DIRECTION('',(0.E0,0.E0,-1.E0));
#10261=AXIS2_PLACEMENT_3D('',#10258,#10259,#10260);
#10262=CYLINDRICAL_SURFACE('',#10261,2.E-1);
#10263=ORIENTED_EDGE('',*,*,#10173,.T.);
#10264=ORIENTED_EDGE('',*,*,#10253,.F.);
#10265=ORIENTED_EDGE('',*,*,#10240,.T.);
#10267=ORIENTED_EDGE('',*,*,#10266,.T.);
#10268=EDGE_LOOP('',(#10263,#10264,#10265,#10267));
#10269=FACE_OUTER_BOUND('',#10268,.F.);
#10270=ADVANCED_FACE('',(#10269),#10262,.T.);
#10271=CARTESIAN_POINT('',(0.E0,5.E-1,-4.4E0));
#10272=DIRECTION('',(0.E0,0.E0,-1.E0));
#10273=DIRECTION('',(0.E0,1.E0,0.E0));
#10274=AXIS2_PLACEMENT_3D('',#10271,#10272,#10273);
#10275=PLANE('',#10274);
#10277=ORIENTED_EDGE('',*,*,#10276,.F.);
#10279=ORIENTED_EDGE('',*,*,#10278,.F.);
#10281=ORIENTED_EDGE('',*,*,#10280,.T.);
#10283=ORIENTED_EDGE('',*,*,#10282,.F.);
#10284=EDGE_LOOP('',(#10277,#10279,#10281,#10283));
#10285=FACE_OUTER_BOUND('',#10284,.F.);
#10286=ADVANCED_FACE('',(#10285),#10275,.T.);
#10287=CARTESIAN_POINT('',(0.E0,5.E-1,-4.4E0));
#10288=DIRECTION('',(0.E0,0.E0,-1.E0));
#10289=DIRECTION('',(0.E0,1.E0,0.E0));
#10290=AXIS2_PLACEMENT_3D('',#10287,#10288,#10289);
#10291=PLANE('',#10290);
#10292=ORIENTED_EDGE('',*,*,#10266,.F.);
#10293=ORIENTED_EDGE('',*,*,#10238,.F.);
#10295=ORIENTED_EDGE('',*,*,#10294,.T.);
#10296=ORIENTED_EDGE('',*,*,#10175,.F.);
#10297=EDGE_LOOP('',(#10292,#10293,#10295,#10296));
#10298=FACE_OUTER_BOUND('',#10297,.F.);
#10299=ADVANCED_FACE('',(#10298),#10291,.T.);
#10300=CARTESIAN_POINT('',(-1.842589120006E1,-5.1E-1,-4.2E0));
#10301=DIRECTION('',(1.E0,0.E0,0.E0));
#10302=DIRECTION('',(0.E0,0.E0,-1.E0));
#10303=AXIS2_PLACEMENT_3D('',#10300,#10301,#10302);
#10304=CYLINDRICAL_SURFACE('',#10303,2.E-1);
#10306=ORIENTED_EDGE('',*,*,#10305,.T.);
#10308=ORIENTED_EDGE('',*,*,#10307,.F.);
#10310=ORIENTED_EDGE('',*,*,#10309,.T.);
#10311=ORIENTED_EDGE('',*,*,#10276,.T.);
#10312=EDGE_LOOP('',(#10306,#10308,#10310,#10311));
#10313=FACE_OUTER_BOUND('',#10312,.F.);
#10314=ADVANCED_FACE('',(#10313),#10304,.T.);
#10315=CARTESIAN_POINT('',(-1.5E-1,-3.1E-1,-4.1E0));
#10316=DIRECTION('',(1.E0,0.E0,0.E0));
#10317=DIRECTION('',(0.E0,-1.E0,0.E0));
#10318=AXIS2_PLACEMENT_3D('',#10315,#10316,#10317);
#10319=PLANE('',#10318);
#10320=ORIENTED_EDGE('',*,*,#10204,.T.);
#10322=ORIENTED_EDGE('',*,*,#10321,.F.);
#10323=ORIENTED_EDGE('',*,*,#5692,.F.);
#10325=ORIENTED_EDGE('',*,*,#10324,.T.);
#10326=ORIENTED_EDGE('',*,*,#10305,.F.);
#10327=ORIENTED_EDGE('',*,*,#10282,.T.);
#10329=ORIENTED_EDGE('',*,*,#10328,.T.);
#10330=EDGE_LOOP('',(#10320,#10322,#10323,#10325,#10326,#10327,#10329));
#10331=FACE_OUTER_BOUND('',#10330,.F.);
#10332=ADVANCED_FACE('',(#10331),#10319,.T.);
#10333=CARTESIAN_POINT('',(-1.5E-1,-5.1E-1,-4.05E0));
#10334=DIRECTION('',(0.E0,-1.E0,0.E0));
#10335=DIRECTION('',(-1.E0,0.E0,0.E0));
#10336=AXIS2_PLACEMENT_3D('',#10333,#10334,#10335);
#10337=PLANE('',#10336);
#10338=ORIENTED_EDGE('',*,*,#10202,.T.);
#10340=ORIENTED_EDGE('',*,*,#10339,.F.);
#10341=ORIENTED_EDGE('',*,*,#5694,.F.);
#10342=ORIENTED_EDGE('',*,*,#10321,.T.);
#10343=EDGE_LOOP('',(#10338,#10340,#10341,#10342));
#10344=FACE_OUTER_BOUND('',#10343,.F.);
#10345=ADVANCED_FACE('',(#10344),#10337,.T.);
#10346=CARTESIAN_POINT('',(-3.5E-1,-1.5E0,-4.1E0));
#10347=DIRECTION('',(-1.E0,0.E0,0.E0));
#10348=DIRECTION('',(0.E0,1.E0,0.E0));
#10349=AXIS2_PLACEMENT_3D('',#10346,#10347,#10348);
#10350=PLANE('',#10349);
#10352=ORIENTED_EDGE('',*,*,#10351,.T.);
#10353=ORIENTED_EDGE('',*,*,#5696,.F.);
#10354=ORIENTED_EDGE('',*,*,#10339,.T.);
#10355=ORIENTED_EDGE('',*,*,#10208,.F.);
#10357=ORIENTED_EDGE('',*,*,#10356,.T.);
#10358=ORIENTED_EDGE('',*,*,#10278,.T.);
#10359=ORIENTED_EDGE('',*,*,#10309,.F.);
#10360=EDGE_LOOP('',(#10352,#10353,#10354,#10355,#10357,#10358,#10359));
#10361=FACE_OUTER_BOUND('',#10360,.F.);
#10362=ADVANCED_FACE('',(#10361),#10350,.T.);
#10363=CARTESIAN_POINT('',(-3.5E-1,-3.1E-1,-4.1E0));
#10364=DIRECTION('',(0.E0,1.E0,0.E0));
#10365=DIRECTION('',(1.E0,0.E0,0.E0));
#10366=AXIS2_PLACEMENT_3D('',#10363,#10364,#10365);
#10367=PLANE('',#10366);
#10368=ORIENTED_EDGE('',*,*,#10324,.F.);
#10369=ORIENTED_EDGE('',*,*,#5690,.F.);
#10370=ORIENTED_EDGE('',*,*,#10351,.F.);
#10371=ORIENTED_EDGE('',*,*,#10307,.T.);
#10372=EDGE_LOOP('',(#10368,#10369,#10370,#10371));
#10373=FACE_OUTER_BOUND('',#10372,.F.);
#10374=ADVANCED_FACE('',(#10373),#10367,.T.);
#10375=CARTESIAN_POINT('',(-1.5E-1,-1.5E0,-4.1E0));
#10376=DIRECTION('',(0.E0,-1.E0,0.E0));
#10377=DIRECTION('',(-1.E0,0.E0,0.E0));
#10378=AXIS2_PLACEMENT_3D('',#10375,#10376,#10377);
#10379=PLANE('',#10378);
#10380=ORIENTED_EDGE('',*,*,#10206,.T.);
#10381=ORIENTED_EDGE('',*,*,#10328,.F.);
#10382=ORIENTED_EDGE('',*,*,#10280,.F.);
#10383=ORIENTED_EDGE('',*,*,#10356,.F.);
#10384=EDGE_LOOP('',(#10380,#10381,#10382,#10383));
#10385=FACE_OUTER_BOUND('',#10384,.F.);
#10386=ADVANCED_FACE('',(#10385),#10379,.T.);
#10387=CARTESIAN_POINT('',(1.5E-1,1.5E0,-4.1E0));
#10388=DIRECTION('',(0.E0,1.E0,0.E0));
#10389=DIRECTION('',(1.E0,0.E0,0.E0));
#10390=AXIS2_PLACEMENT_3D('',#10387,#10388,#10389);
#10391=PLANE('',#10390);
#10392=ORIENTED_EDGE('',*,*,#10190,.T.);
#10393=ORIENTED_EDGE('',*,*,#10177,.F.);
#10394=ORIENTED_EDGE('',*,*,#10294,.F.);
#10395=ORIENTED_EDGE('',*,*,#10236,.F.);
#10396=EDGE_LOOP('',(#10392,#10393,#10394,#10395));
#10397=FACE_OUTER_BOUND('',#10396,.F.);
#10398=ADVANCED_FACE('',(#10397),#10391,.T.);
#10399=CARTESIAN_POINT('',(-8.5E-1,3.1E-1,-4.1E0));
#10400=DIRECTION('',(-1.E0,0.E0,0.E0));
#10401=DIRECTION('',(0.E0,1.E0,0.E0));
#10402=AXIS2_PLACEMENT_3D('',#10399,#10400,#10401);
#10403=PLANE('',#10402);
#10405=ORIENTED_EDGE('',*,*,#10404,.T.);
#10407=ORIENTED_EDGE('',*,*,#10406,.F.);
#10408=ORIENTED_EDGE('',*,*,#5700,.F.);
#10410=ORIENTED_EDGE('',*,*,#10409,.F.);
#10412=ORIENTED_EDGE('',*,*,#10411,.F.);
#10414=ORIENTED_EDGE('',*,*,#10413,.T.);
#10416=ORIENTED_EDGE('',*,*,#10415,.T.);
#10417=EDGE_LOOP('',(#10405,#10407,#10408,#10410,#10412,#10414,#10416));
#10418=FACE_OUTER_BOUND('',#10417,.F.);
#10419=ADVANCED_FACE('',(#10418),#10403,.T.);
#10420=CARTESIAN_POINT('',(-1.E0,5.E-1,-4.1E0));
#10421=DIRECTION('',(0.E0,0.E0,-1.E0));
#10422=DIRECTION('',(0.E0,1.E0,0.E0));
#10423=AXIS2_PLACEMENT_3D('',#10420,#10421,#10422);
#10424=PLANE('',#10423);
#10426=ORIENTED_EDGE('',*,*,#10425,.F.);
#10427=ORIENTED_EDGE('',*,*,#10404,.F.);
#10429=ORIENTED_EDGE('',*,*,#10428,.F.);
#10431=ORIENTED_EDGE('',*,*,#10430,.T.);
#10432=EDGE_LOOP('',(#10426,#10427,#10429,#10431));
#10433=FACE_OUTER_BOUND('',#10432,.F.);
#10434=ADVANCED_FACE('',(#10433),#10424,.F.);
#10435=CARTESIAN_POINT('',(-1.E0,5.E-1,-4.1E0));
#10436=DIRECTION('',(0.E0,0.E0,-1.E0));
#10437=DIRECTION('',(0.E0,1.E0,0.E0));
#10438=AXIS2_PLACEMENT_3D('',#10435,#10436,#10437);
#10439=PLANE('',#10438);
#10441=ORIENTED_EDGE('',*,*,#10440,.F.);
#10443=ORIENTED_EDGE('',*,*,#10442,.F.);
#10445=ORIENTED_EDGE('',*,*,#10444,.F.);
#10447=ORIENTED_EDGE('',*,*,#10446,.T.);
#10448=EDGE_LOOP('',(#10441,#10443,#10445,#10447));
#10449=FACE_OUTER_BOUND('',#10448,.F.);
#10450=ADVANCED_FACE('',(#10449),#10439,.F.);
#10451=CARTESIAN_POINT('',(-8.5E-1,5.1E-1,-4.05E0));
#10452=DIRECTION('',(0.E0,1.E0,0.E0));
#10453=DIRECTION('',(1.E0,0.E0,0.E0));
#10454=AXIS2_PLACEMENT_3D('',#10451,#10452,#10453);
#10455=PLANE('',#10454);
#10456=ORIENTED_EDGE('',*,*,#10425,.T.);
#10458=ORIENTED_EDGE('',*,*,#10457,.F.);
#10459=ORIENTED_EDGE('',*,*,#5702,.F.);
#10460=ORIENTED_EDGE('',*,*,#10406,.T.);
#10461=EDGE_LOOP('',(#10456,#10458,#10459,#10460));
#10462=FACE_OUTER_BOUND('',#10461,.F.);
#10463=ADVANCED_FACE('',(#10462),#10455,.T.);
#10464=CARTESIAN_POINT('',(-6.5E-1,1.5E0,-4.1E0));
#10465=DIRECTION('',(1.E0,0.E0,0.E0));
#10466=DIRECTION('',(0.E0,-1.E0,0.E0));
#10467=AXIS2_PLACEMENT_3D('',#10464,#10465,#10466);
#10468=PLANE('',#10467);
#10470=ORIENTED_EDGE('',*,*,#10469,.F.);
#10471=ORIENTED_EDGE('',*,*,#5704,.F.);
#10472=ORIENTED_EDGE('',*,*,#10457,.T.);
#10473=ORIENTED_EDGE('',*,*,#10430,.F.);
#10475=ORIENTED_EDGE('',*,*,#10474,.T.);
#10477=ORIENTED_EDGE('',*,*,#10476,.T.);
#10479=ORIENTED_EDGE('',*,*,#10478,.F.);
#10480=EDGE_LOOP('',(#10470,#10471,#10472,#10473,#10475,#10477,#10479));
#10481=FACE_OUTER_BOUND('',#10480,.F.);
#10482=ADVANCED_FACE('',(#10481),#10468,.T.);
#10483=CARTESIAN_POINT('',(-6.5E-1,3.1E-1,-4.1E0));
#10484=DIRECTION('',(0.E0,-1.E0,0.E0));
#10485=DIRECTION('',(-1.E0,0.E0,0.E0));
#10486=AXIS2_PLACEMENT_3D('',#10483,#10484,#10485);
#10487=PLANE('',#10486);
#10488=ORIENTED_EDGE('',*,*,#10409,.T.);
#10489=ORIENTED_EDGE('',*,*,#5706,.F.);
#10490=ORIENTED_EDGE('',*,*,#10469,.T.);
#10492=ORIENTED_EDGE('',*,*,#10491,.T.);
#10493=EDGE_LOOP('',(#10488,#10489,#10490,#10492));
#10494=FACE_OUTER_BOUND('',#10493,.F.);
#10495=ADVANCED_FACE('',(#10494),#10487,.T.);
#10496=CARTESIAN_POINT('',(1.808549429924E1,5.1E-1,-4.2E0));
#10497=DIRECTION('',(-1.E0,0.E0,0.E0));
#10498=DIRECTION('',(0.E0,0.E0,-1.E0));
#10499=AXIS2_PLACEMENT_3D('',#10496,#10497,#10498);
#10500=CYLINDRICAL_SURFACE('',#10499,2.E-1);
#10501=ORIENTED_EDGE('',*,*,#10411,.T.);
#10502=ORIENTED_EDGE('',*,*,#10491,.F.);
#10503=ORIENTED_EDGE('',*,*,#10478,.T.);
#10505=ORIENTED_EDGE('',*,*,#10504,.T.);
#10506=EDGE_LOOP('',(#10501,#10502,#10503,#10505));
#10507=FACE_OUTER_BOUND('',#10506,.F.);
#10508=ADVANCED_FACE('',(#10507),#10500,.T.);
#10509=CARTESIAN_POINT('',(-1.E0,5.E-1,-4.4E0));
#10510=DIRECTION('',(0.E0,0.E0,-1.E0));
#10511=DIRECTION('',(0.E0,1.E0,0.E0));
#10512=AXIS2_PLACEMENT_3D('',#10509,#10510,#10511);
#10513=PLANE('',#10512);
#10515=ORIENTED_EDGE('',*,*,#10514,.F.);
#10517=ORIENTED_EDGE('',*,*,#10516,.F.);
#10519=ORIENTED_EDGE('',*,*,#10518,.T.);
#10521=ORIENTED_EDGE('',*,*,#10520,.F.);
#10522=EDGE_LOOP('',(#10515,#10517,#10519,#10521));
#10523=FACE_OUTER_BOUND('',#10522,.F.);
#10524=ADVANCED_FACE('',(#10523),#10513,.T.);
#10525=CARTESIAN_POINT('',(-1.E0,5.E-1,-4.4E0));
#10526=DIRECTION('',(0.E0,0.E0,-1.E0));
#10527=DIRECTION('',(0.E0,1.E0,0.E0));
#10528=AXIS2_PLACEMENT_3D('',#10525,#10526,#10527);
#10529=PLANE('',#10528);
#10530=ORIENTED_EDGE('',*,*,#10504,.F.);
#10531=ORIENTED_EDGE('',*,*,#10476,.F.);
#10533=ORIENTED_EDGE('',*,*,#10532,.T.);
#10534=ORIENTED_EDGE('',*,*,#10413,.F.);
#10535=EDGE_LOOP('',(#10530,#10531,#10533,#10534));
#10536=FACE_OUTER_BOUND('',#10535,.F.);
#10537=ADVANCED_FACE('',(#10536),#10529,.T.);
#10538=CARTESIAN_POINT('',(-2.115559270103E1,-5.1E-1,-4.2E0));
#10539=DIRECTION('',(1.E0,0.E0,0.E0));
#10540=DIRECTION('',(0.E0,0.E0,-1.E0));
#10541=AXIS2_PLACEMENT_3D('',#10538,#10539,#10540);
#10542=CYLINDRICAL_SURFACE('',#10541,2.E-1);
#10544=ORIENTED_EDGE('',*,*,#10543,.T.);
#10546=ORIENTED_EDGE('',*,*,#10545,.F.);
#10548=ORIENTED_EDGE('',*,*,#10547,.T.);
#10549=ORIENTED_EDGE('',*,*,#10514,.T.);
#10550=EDGE_LOOP('',(#10544,#10546,#10548,#10549));
#10551=FACE_OUTER_BOUND('',#10550,.F.);
#10552=ADVANCED_FACE('',(#10551),#10542,.T.);
#10553=CARTESIAN_POINT('',(-1.15E0,-3.1E-1,-4.1E0));
#10554=DIRECTION('',(1.E0,0.E0,0.E0));
#10555=DIRECTION('',(0.E0,-1.E0,0.E0));
#10556=AXIS2_PLACEMENT_3D('',#10553,#10554,#10555);
#10557=PLANE('',#10556);
#10558=ORIENTED_EDGE('',*,*,#10442,.T.);
#10560=ORIENTED_EDGE('',*,*,#10559,.F.);
#10561=ORIENTED_EDGE('',*,*,#5712,.F.);
#10563=ORIENTED_EDGE('',*,*,#10562,.T.);
#10564=ORIENTED_EDGE('',*,*,#10543,.F.);
#10565=ORIENTED_EDGE('',*,*,#10520,.T.);
#10567=ORIENTED_EDGE('',*,*,#10566,.T.);
#10568=EDGE_LOOP('',(#10558,#10560,#10561,#10563,#10564,#10565,#10567));
#10569=FACE_OUTER_BOUND('',#10568,.F.);
#10570=ADVANCED_FACE('',(#10569),#10557,.T.);
#10571=CARTESIAN_POINT('',(-1.15E0,-5.1E-1,-4.05E0));
#10572=DIRECTION('',(0.E0,-1.E0,0.E0));
#10573=DIRECTION('',(-1.E0,0.E0,0.E0));
#10574=AXIS2_PLACEMENT_3D('',#10571,#10572,#10573);
#10575=PLANE('',#10574);
#10576=ORIENTED_EDGE('',*,*,#10440,.T.);
#10578=ORIENTED_EDGE('',*,*,#10577,.F.);
#10579=ORIENTED_EDGE('',*,*,#5714,.F.);
#10580=ORIENTED_EDGE('',*,*,#10559,.T.);
#10581=EDGE_LOOP('',(#10576,#10578,#10579,#10580));
#10582=FACE_OUTER_BOUND('',#10581,.F.);
#10583=ADVANCED_FACE('',(#10582),#10575,.T.);
#10584=CARTESIAN_POINT('',(-1.35E0,-1.5E0,-4.1E0));
#10585=DIRECTION('',(-1.E0,0.E0,0.E0));
#10586=DIRECTION('',(0.E0,1.E0,0.E0));
#10587=AXIS2_PLACEMENT_3D('',#10584,#10585,#10586);
#10588=PLANE('',#10587);
#10590=ORIENTED_EDGE('',*,*,#10589,.T.);
#10591=ORIENTED_EDGE('',*,*,#5716,.F.);
#10592=ORIENTED_EDGE('',*,*,#10577,.T.);
#10593=ORIENTED_EDGE('',*,*,#10446,.F.);
#10595=ORIENTED_EDGE('',*,*,#10594,.T.);
#10596=ORIENTED_EDGE('',*,*,#10516,.T.);
#10597=ORIENTED_EDGE('',*,*,#10547,.F.);
#10598=EDGE_LOOP('',(#10590,#10591,#10592,#10593,#10595,#10596,#10597));
#10599=FACE_OUTER_BOUND('',#10598,.F.);
#10600=ADVANCED_FACE('',(#10599),#10588,.T.);
#10601=CARTESIAN_POINT('',(-1.35E0,-3.1E-1,-4.1E0));
#10602=DIRECTION('',(0.E0,1.E0,0.E0));
#10603=DIRECTION('',(1.E0,0.E0,0.E0));
#10604=AXIS2_PLACEMENT_3D('',#10601,#10602,#10603);
#10605=PLANE('',#10604);
#10606=ORIENTED_EDGE('',*,*,#10562,.F.);
#10607=ORIENTED_EDGE('',*,*,#5710,.F.);
#10608=ORIENTED_EDGE('',*,*,#10589,.F.);
#10609=ORIENTED_EDGE('',*,*,#10545,.T.);
#10610=EDGE_LOOP('',(#10606,#10607,#10608,#10609));
#10611=FACE_OUTER_BOUND('',#10610,.F.);
#10612=ADVANCED_FACE('',(#10611),#10605,.T.);
#10613=CARTESIAN_POINT('',(-1.15E0,-1.5E0,-4.1E0));
#10614=DIRECTION('',(0.E0,-1.E0,0.E0));
#10615=DIRECTION('',(-1.E0,0.E0,0.E0));
#10616=AXIS2_PLACEMENT_3D('',#10613,#10614,#10615);
#10617=PLANE('',#10616);
#10618=ORIENTED_EDGE('',*,*,#10444,.T.);
#10619=ORIENTED_EDGE('',*,*,#10566,.F.);
#10620=ORIENTED_EDGE('',*,*,#10518,.F.);
#10621=ORIENTED_EDGE('',*,*,#10594,.F.);
#10622=EDGE_LOOP('',(#10618,#10619,#10620,#10621));
#10623=FACE_OUTER_BOUND('',#10622,.F.);
#10624=ADVANCED_FACE('',(#10623),#10617,.T.);
#10625=CARTESIAN_POINT('',(-8.5E-1,1.5E0,-4.1E0));
#10626=DIRECTION('',(0.E0,1.E0,0.E0));
#10627=DIRECTION('',(1.E0,0.E0,0.E0));
#10628=AXIS2_PLACEMENT_3D('',#10625,#10626,#10627);
#10629=PLANE('',#10628);
#10630=ORIENTED_EDGE('',*,*,#10428,.T.);
#10631=ORIENTED_EDGE('',*,*,#10415,.F.);
#10632=ORIENTED_EDGE('',*,*,#10532,.F.);
#10633=ORIENTED_EDGE('',*,*,#10474,.F.);
#10634=EDGE_LOOP('',(#10630,#10631,#10632,#10633));
#10635=FACE_OUTER_BOUND('',#10634,.F.);
#10636=ADVANCED_FACE('',(#10635),#10629,.T.);
#10637=CARTESIAN_POINT('',(-1.85E0,3.1E-1,-4.1E0));
#10638=DIRECTION('',(-1.E0,0.E0,0.E0));
#10639=DIRECTION('',(0.E0,1.E0,0.E0));
#10640=AXIS2_PLACEMENT_3D('',#10637,#10638,#10639);
#10641=PLANE('',#10640);
#10643=ORIENTED_EDGE('',*,*,#10642,.T.);
#10645=ORIENTED_EDGE('',*,*,#10644,.F.);
#10646=ORIENTED_EDGE('',*,*,#5720,.F.);
#10648=ORIENTED_EDGE('',*,*,#10647,.F.);
#10650=ORIENTED_EDGE('',*,*,#10649,.F.);
#10652=ORIENTED_EDGE('',*,*,#10651,.T.);
#10654=ORIENTED_EDGE('',*,*,#10653,.T.);
#10655=EDGE_LOOP('',(#10643,#10645,#10646,#10648,#10650,#10652,#10654));
#10656=FACE_OUTER_BOUND('',#10655,.F.);
#10657=ADVANCED_FACE('',(#10656),#10641,.T.);
#10658=CARTESIAN_POINT('',(-2.E0,5.E-1,-4.1E0));
#10659=DIRECTION('',(0.E0,0.E0,-1.E0));
#10660=DIRECTION('',(0.E0,1.E0,0.E0));
#10661=AXIS2_PLACEMENT_3D('',#10658,#10659,#10660);
#10662=PLANE('',#10661);
#10664=ORIENTED_EDGE('',*,*,#10663,.F.);
#10665=ORIENTED_EDGE('',*,*,#10642,.F.);
#10667=ORIENTED_EDGE('',*,*,#10666,.F.);
#10669=ORIENTED_EDGE('',*,*,#10668,.T.);
#10670=EDGE_LOOP('',(#10664,#10665,#10667,#10669));
#10671=FACE_OUTER_BOUND('',#10670,.F.);
#10672=ADVANCED_FACE('',(#10671),#10662,.F.);
#10673=CARTESIAN_POINT('',(-2.E0,5.E-1,-4.1E0));
#10674=DIRECTION('',(0.E0,0.E0,-1.E0));
#10675=DIRECTION('',(0.E0,1.E0,0.E0));
#10676=AXIS2_PLACEMENT_3D('',#10673,#10674,#10675);
#10677=PLANE('',#10676);
#10679=ORIENTED_EDGE('',*,*,#10678,.F.);
#10681=ORIENTED_EDGE('',*,*,#10680,.F.);
#10683=ORIENTED_EDGE('',*,*,#10682,.F.);
#10685=ORIENTED_EDGE('',*,*,#10684,.T.);
#10686=EDGE_LOOP('',(#10679,#10681,#10683,#10685));
#10687=FACE_OUTER_BOUND('',#10686,.F.);
#10688=ADVANCED_FACE('',(#10687),#10677,.F.);
#10689=CARTESIAN_POINT('',(-1.85E0,5.1E-1,-4.05E0));
#10690=DIRECTION('',(0.E0,1.E0,0.E0));
#10691=DIRECTION('',(1.E0,0.E0,0.E0));
#10692=AXIS2_PLACEMENT_3D('',#10689,#10690,#10691);
#10693=PLANE('',#10692);
#10694=ORIENTED_EDGE('',*,*,#10663,.T.);
#10696=ORIENTED_EDGE('',*,*,#10695,.F.);
#10697=ORIENTED_EDGE('',*,*,#5722,.F.);
#10698=ORIENTED_EDGE('',*,*,#10644,.T.);
#10699=EDGE_LOOP('',(#10694,#10696,#10697,#10698));
#10700=FACE_OUTER_BOUND('',#10699,.F.);
#10701=ADVANCED_FACE('',(#10700),#10693,.T.);
#10702=CARTESIAN_POINT('',(-1.65E0,1.5E0,-4.1E0));
#10703=DIRECTION('',(1.E0,0.E0,0.E0));
#10704=DIRECTION('',(0.E0,-1.E0,0.E0));
#10705=AXIS2_PLACEMENT_3D('',#10702,#10703,#10704);
#10706=PLANE('',#10705);
#10708=ORIENTED_EDGE('',*,*,#10707,.F.);
#10709=ORIENTED_EDGE('',*,*,#5724,.F.);
#10710=ORIENTED_EDGE('',*,*,#10695,.T.);
#10711=ORIENTED_EDGE('',*,*,#10668,.F.);
#10713=ORIENTED_EDGE('',*,*,#10712,.T.);
#10715=ORIENTED_EDGE('',*,*,#10714,.T.);
#10717=ORIENTED_EDGE('',*,*,#10716,.F.);
#10718=EDGE_LOOP('',(#10708,#10709,#10710,#10711,#10713,#10715,#10717));
#10719=FACE_OUTER_BOUND('',#10718,.F.);
#10720=ADVANCED_FACE('',(#10719),#10706,.T.);
#10721=CARTESIAN_POINT('',(-1.65E0,3.1E-1,-4.1E0));
#10722=DIRECTION('',(0.E0,-1.E0,0.E0));
#10723=DIRECTION('',(-1.E0,0.E0,0.E0));
#10724=AXIS2_PLACEMENT_3D('',#10721,#10722,#10723);
#10725=PLANE('',#10724);
#10726=ORIENTED_EDGE('',*,*,#10647,.T.);
#10727=ORIENTED_EDGE('',*,*,#5726,.F.);
#10728=ORIENTED_EDGE('',*,*,#10707,.T.);
#10730=ORIENTED_EDGE('',*,*,#10729,.T.);
#10731=EDGE_LOOP('',(#10726,#10727,#10728,#10730));
#10732=FACE_OUTER_BOUND('',#10731,.F.);
#10733=ADVANCED_FACE('',(#10732),#10725,.T.);
#10734=CARTESIAN_POINT('',(1.885753380588E1,5.1E-1,-4.2E0));
#10735=DIRECTION('',(-1.E0,0.E0,0.E0));
#10736=DIRECTION('',(0.E0,0.E0,-1.E0));
#10737=AXIS2_PLACEMENT_3D('',#10734,#10735,#10736);
#10738=CYLINDRICAL_SURFACE('',#10737,2.E-1);
#10739=ORIENTED_EDGE('',*,*,#10649,.T.);
#10740=ORIENTED_EDGE('',*,*,#10729,.F.);
#10741=ORIENTED_EDGE('',*,*,#10716,.T.);
#10743=ORIENTED_EDGE('',*,*,#10742,.T.);
#10744=EDGE_LOOP('',(#10739,#10740,#10741,#10743));
#10745=FACE_OUTER_BOUND('',#10744,.F.);
#10746=ADVANCED_FACE('',(#10745),#10738,.T.);
#10747=CARTESIAN_POINT('',(-2.E0,5.E-1,-4.4E0));
#10748=DIRECTION('',(0.E0,0.E0,-1.E0));
#10749=DIRECTION('',(0.E0,1.E0,0.E0));
#10750=AXIS2_PLACEMENT_3D('',#10747,#10748,#10749);
#10751=PLANE('',#10750);
#10753=ORIENTED_EDGE('',*,*,#10752,.F.);
#10755=ORIENTED_EDGE('',*,*,#10754,.F.);
#10757=ORIENTED_EDGE('',*,*,#10756,.T.);
#10759=ORIENTED_EDGE('',*,*,#10758,.F.);
#10760=EDGE_LOOP('',(#10753,#10755,#10757,#10759));
#10761=FACE_OUTER_BOUND('',#10760,.F.);
#10762=ADVANCED_FACE('',(#10761),#10751,.T.);
#10763=CARTESIAN_POINT('',(-2.E0,5.E-1,-4.4E0));
#10764=DIRECTION('',(0.E0,0.E0,-1.E0));
#10765=DIRECTION('',(0.E0,1.E0,0.E0));
#10766=AXIS2_PLACEMENT_3D('',#10763,#10764,#10765);
#10767=PLANE('',#10766);
#10768=ORIENTED_EDGE('',*,*,#10742,.F.);
#10769=ORIENTED_EDGE('',*,*,#10714,.F.);
#10771=ORIENTED_EDGE('',*,*,#10770,.T.);
#10772=ORIENTED_EDGE('',*,*,#10651,.F.);
#10773=EDGE_LOOP('',(#10768,#10769,#10771,#10772));
#10774=FACE_OUTER_BOUND('',#10773,.F.);
#10775=ADVANCED_FACE('',(#10774),#10767,.T.);
#10776=CARTESIAN_POINT('',(-2.393277783462E1,-5.1E-1,-4.2E0));
#10777=DIRECTION('',(1.E0,0.E0,0.E0));
#10778=DIRECTION('',(0.E0,0.E0,-1.E0));
#10779=AXIS2_PLACEMENT_3D('',#10776,#10777,#10778);
#10780=CYLINDRICAL_SURFACE('',#10779,2.E-1);
#10782=ORIENTED_EDGE('',*,*,#10781,.T.);
#10784=ORIENTED_EDGE('',*,*,#10783,.F.);
#10786=ORIENTED_EDGE('',*,*,#10785,.T.);
#10787=ORIENTED_EDGE('',*,*,#10752,.T.);
#10788=EDGE_LOOP('',(#10782,#10784,#10786,#10787));
#10789=FACE_OUTER_BOUND('',#10788,.F.);
#10790=ADVANCED_FACE('',(#10789),#10780,.T.);
#10791=CARTESIAN_POINT('',(-2.15E0,-3.1E-1,-4.1E0));
#10792=DIRECTION('',(1.E0,0.E0,0.E0));
#10793=DIRECTION('',(0.E0,-1.E0,0.E0));
#10794=AXIS2_PLACEMENT_3D('',#10791,#10792,#10793);
#10795=PLANE('',#10794);
#10796=ORIENTED_EDGE('',*,*,#10680,.T.);
#10798=ORIENTED_EDGE('',*,*,#10797,.F.);
#10799=ORIENTED_EDGE('',*,*,#5732,.F.);
#10801=ORIENTED_EDGE('',*,*,#10800,.T.);
#10802=ORIENTED_EDGE('',*,*,#10781,.F.);
#10803=ORIENTED_EDGE('',*,*,#10758,.T.);
#10805=ORIENTED_EDGE('',*,*,#10804,.T.);
#10806=EDGE_LOOP('',(#10796,#10798,#10799,#10801,#10802,#10803,#10805));
#10807=FACE_OUTER_BOUND('',#10806,.F.);
#10808=ADVANCED_FACE('',(#10807),#10795,.T.);
#10809=CARTESIAN_POINT('',(-2.15E0,-5.1E-1,-4.05E0));
#10810=DIRECTION('',(0.E0,-1.E0,0.E0));
#10811=DIRECTION('',(-1.E0,0.E0,0.E0));
#10812=AXIS2_PLACEMENT_3D('',#10809,#10810,#10811);
#10813=PLANE('',#10812);
#10814=ORIENTED_EDGE('',*,*,#10678,.T.);
#10816=ORIENTED_EDGE('',*,*,#10815,.F.);
#10817=ORIENTED_EDGE('',*,*,#5734,.F.);
#10818=ORIENTED_EDGE('',*,*,#10797,.T.);
#10819=EDGE_LOOP('',(#10814,#10816,#10817,#10818));
#10820=FACE_OUTER_BOUND('',#10819,.F.);
#10821=ADVANCED_FACE('',(#10820),#10813,.T.);
#10822=CARTESIAN_POINT('',(-2.35E0,-1.5E0,-4.1E0));
#10823=DIRECTION('',(-1.E0,0.E0,0.E0));
#10824=DIRECTION('',(0.E0,1.E0,0.E0));
#10825=AXIS2_PLACEMENT_3D('',#10822,#10823,#10824);
#10826=PLANE('',#10825);
#10828=ORIENTED_EDGE('',*,*,#10827,.T.);
#10829=ORIENTED_EDGE('',*,*,#5736,.F.);
#10830=ORIENTED_EDGE('',*,*,#10815,.T.);
#10831=ORIENTED_EDGE('',*,*,#10684,.F.);
#10833=ORIENTED_EDGE('',*,*,#10832,.T.);
#10834=ORIENTED_EDGE('',*,*,#10754,.T.);
#10835=ORIENTED_EDGE('',*,*,#10785,.F.);
#10836=EDGE_LOOP('',(#10828,#10829,#10830,#10831,#10833,#10834,#10835));
#10837=FACE_OUTER_BOUND('',#10836,.F.);
#10838=ADVANCED_FACE('',(#10837),#10826,.T.);
#10839=CARTESIAN_POINT('',(-2.35E0,-3.1E-1,-4.1E0));
#10840=DIRECTION('',(0.E0,1.E0,0.E0));
#10841=DIRECTION('',(1.E0,0.E0,0.E0));
#10842=AXIS2_PLACEMENT_3D('',#10839,#10840,#10841);
#10843=PLANE('',#10842);
#10844=ORIENTED_EDGE('',*,*,#10800,.F.);
#10845=ORIENTED_EDGE('',*,*,#5730,.F.);
#10846=ORIENTED_EDGE('',*,*,#10827,.F.);
#10847=ORIENTED_EDGE('',*,*,#10783,.T.);
#10848=EDGE_LOOP('',(#10844,#10845,#10846,#10847));
#10849=FACE_OUTER_BOUND('',#10848,.F.);
#10850=ADVANCED_FACE('',(#10849),#10843,.T.);
#10851=CARTESIAN_POINT('',(-2.15E0,-1.5E0,-4.1E0));
#10852=DIRECTION('',(0.E0,-1.E0,0.E0));
#10853=DIRECTION('',(-1.E0,0.E0,0.E0));
#10854=AXIS2_PLACEMENT_3D('',#10851,#10852,#10853);
#10855=PLANE('',#10854);
#10856=ORIENTED_EDGE('',*,*,#10682,.T.);
#10857=ORIENTED_EDGE('',*,*,#10804,.F.);
#10858=ORIENTED_EDGE('',*,*,#10756,.F.);
#10859=ORIENTED_EDGE('',*,*,#10832,.F.);
#10860=EDGE_LOOP('',(#10856,#10857,#10858,#10859));
#10861=FACE_OUTER_BOUND('',#10860,.F.);
#10862=ADVANCED_FACE('',(#10861),#10855,.T.);
#10863=CARTESIAN_POINT('',(-1.85E0,1.5E0,-4.1E0));
#10864=DIRECTION('',(0.E0,1.E0,0.E0));
#10865=DIRECTION('',(1.E0,0.E0,0.E0));
#10866=AXIS2_PLACEMENT_3D('',#10863,#10864,#10865);
#10867=PLANE('',#10866);
#10868=ORIENTED_EDGE('',*,*,#10666,.T.);
#10869=ORIENTED_EDGE('',*,*,#10653,.F.);
#10870=ORIENTED_EDGE('',*,*,#10770,.F.);
#10871=ORIENTED_EDGE('',*,*,#10712,.F.);
#10872=EDGE_LOOP('',(#10868,#10869,#10870,#10871));
#10873=FACE_OUTER_BOUND('',#10872,.F.);
#10874=ADVANCED_FACE('',(#10873),#10867,.T.);
#10875=CARTESIAN_POINT('',(-2.85E0,3.1E-1,-4.1E0));
#10876=DIRECTION('',(-1.E0,0.E0,0.E0));
#10877=DIRECTION('',(0.E0,1.E0,0.E0));
#10878=AXIS2_PLACEMENT_3D('',#10875,#10876,#10877);
#10879=PLANE('',#10878);
#10881=ORIENTED_EDGE('',*,*,#10880,.T.);
#10883=ORIENTED_EDGE('',*,*,#10882,.F.);
#10884=ORIENTED_EDGE('',*,*,#5740,.F.);
#10886=ORIENTED_EDGE('',*,*,#10885,.F.);
#10888=ORIENTED_EDGE('',*,*,#10887,.F.);
#10890=ORIENTED_EDGE('',*,*,#10889,.T.);
#10892=ORIENTED_EDGE('',*,*,#10891,.T.);
#10893=EDGE_LOOP('',(#10881,#10883,#10884,#10886,#10888,#10890,#10892));
#10894=FACE_OUTER_BOUND('',#10893,.F.);
#10895=ADVANCED_FACE('',(#10894),#10879,.T.);
#10896=CARTESIAN_POINT('',(-3.E0,5.E-1,-4.1E0));
#10897=DIRECTION('',(0.E0,0.E0,-1.E0));
#10898=DIRECTION('',(0.E0,1.E0,0.E0));
#10899=AXIS2_PLACEMENT_3D('',#10896,#10897,#10898);
#10900=PLANE('',#10899);
#10902=ORIENTED_EDGE('',*,*,#10901,.F.);
#10903=ORIENTED_EDGE('',*,*,#10880,.F.);
#10905=ORIENTED_EDGE('',*,*,#10904,.F.);
#10907=ORIENTED_EDGE('',*,*,#10906,.T.);
#10908=EDGE_LOOP('',(#10902,#10903,#10905,#10907));
#10909=FACE_OUTER_BOUND('',#10908,.F.);
#10910=ADVANCED_FACE('',(#10909),#10900,.F.);
#10911=CARTESIAN_POINT('',(-3.E0,5.E-1,-4.1E0));
#10912=DIRECTION('',(0.E0,0.E0,-1.E0));
#10913=DIRECTION('',(0.E0,1.E0,0.E0));
#10914=AXIS2_PLACEMENT_3D('',#10911,#10912,#10913);
#10915=PLANE('',#10914);
#10917=ORIENTED_EDGE('',*,*,#10916,.F.);
#10919=ORIENTED_EDGE('',*,*,#10918,.F.);
#10921=ORIENTED_EDGE('',*,*,#10920,.F.);
#10923=ORIENTED_EDGE('',*,*,#10922,.T.);
#10924=EDGE_LOOP('',(#10917,#10919,#10921,#10923));
#10925=FACE_OUTER_BOUND('',#10924,.F.);
#10926=ADVANCED_FACE('',(#10925),#10915,.F.);
#10927=CARTESIAN_POINT('',(-2.85E0,5.1E-1,-4.05E0));
#10928=DIRECTION('',(0.E0,1.E0,0.E0));
#10929=DIRECTION('',(1.E0,0.E0,0.E0));
#10930=AXIS2_PLACEMENT_3D('',#10927,#10928,#10929);
#10931=PLANE('',#10930);
#10932=ORIENTED_EDGE('',*,*,#10901,.T.);
#10934=ORIENTED_EDGE('',*,*,#10933,.F.);
#10935=ORIENTED_EDGE('',*,*,#5742,.F.);
#10936=ORIENTED_EDGE('',*,*,#10882,.T.);
#10937=EDGE_LOOP('',(#10932,#10934,#10935,#10936));
#10938=FACE_OUTER_BOUND('',#10937,.F.);
#10939=ADVANCED_FACE('',(#10938),#10931,.T.);
#10940=CARTESIAN_POINT('',(-2.65E0,1.5E0,-4.1E0));
#10941=DIRECTION('',(1.E0,0.E0,0.E0));
#10942=DIRECTION('',(0.E0,-1.E0,0.E0));
#10943=AXIS2_PLACEMENT_3D('',#10940,#10941,#10942);
#10944=PLANE('',#10943);
#10946=ORIENTED_EDGE('',*,*,#10945,.F.);
#10947=ORIENTED_EDGE('',*,*,#5744,.F.);
#10948=ORIENTED_EDGE('',*,*,#10933,.T.);
#10949=ORIENTED_EDGE('',*,*,#10906,.F.);
#10951=ORIENTED_EDGE('',*,*,#10950,.T.);
#10953=ORIENTED_EDGE('',*,*,#10952,.T.);
#10955=ORIENTED_EDGE('',*,*,#10954,.F.);
#10956=EDGE_LOOP('',(#10946,#10947,#10948,#10949,#10951,#10953,#10955));
#10957=FACE_OUTER_BOUND('',#10956,.F.);
#10958=ADVANCED_FACE('',(#10957),#10944,.T.);
#10959=CARTESIAN_POINT('',(-2.65E0,3.1E-1,-4.1E0));
#10960=DIRECTION('',(0.E0,-1.E0,0.E0));
#10961=DIRECTION('',(-1.E0,0.E0,0.E0));
#10962=AXIS2_PLACEMENT_3D('',#10959,#10960,#10961);
#10963=PLANE('',#10962);
#10964=ORIENTED_EDGE('',*,*,#10885,.T.);
#10965=ORIENTED_EDGE('',*,*,#5746,.F.);
#10966=ORIENTED_EDGE('',*,*,#10945,.T.);
#10968=ORIENTED_EDGE('',*,*,#10967,.T.);
#10969=EDGE_LOOP('',(#10964,#10965,#10966,#10968));
#10970=FACE_OUTER_BOUND('',#10969,.F.);
#10971=ADVANCED_FACE('',(#10970),#10963,.T.);
#10972=CARTESIAN_POINT('',(1.966882272007E1,5.1E-1,-4.2E0));
#10973=DIRECTION('',(-1.E0,0.E0,0.E0));
#10974=DIRECTION('',(0.E0,0.E0,-1.E0));
#10975=AXIS2_PLACEMENT_3D('',#10972,#10973,#10974);
#10976=CYLINDRICAL_SURFACE('',#10975,2.E-1);
#10977=ORIENTED_EDGE('',*,*,#10887,.T.);
#10978=ORIENTED_EDGE('',*,*,#10967,.F.);
#10979=ORIENTED_EDGE('',*,*,#10954,.T.);
#10981=ORIENTED_EDGE('',*,*,#10980,.T.);
#10982=EDGE_LOOP('',(#10977,#10978,#10979,#10981));
#10983=FACE_OUTER_BOUND('',#10982,.F.);
#10984=ADVANCED_FACE('',(#10983),#10976,.T.);
#10985=CARTESIAN_POINT('',(-3.E0,5.E-1,-4.4E0));
#10986=DIRECTION('',(0.E0,0.E0,-1.E0));
#10987=DIRECTION('',(0.E0,1.E0,0.E0));
#10988=AXIS2_PLACEMENT_3D('',#10985,#10986,#10987);
#10989=PLANE('',#10988);
#10991=ORIENTED_EDGE('',*,*,#10990,.F.);
#10993=ORIENTED_EDGE('',*,*,#10992,.F.);
#10995=ORIENTED_EDGE('',*,*,#10994,.T.);
#10997=ORIENTED_EDGE('',*,*,#10996,.F.);
#10998=EDGE_LOOP('',(#10991,#10993,#10995,#10997));
#10999=FACE_OUTER_BOUND('',#10998,.F.);
#11000=ADVANCED_FACE('',(#10999),#10989,.T.);
#11001=CARTESIAN_POINT('',(-3.E0,5.E-1,-4.4E0));
#11002=DIRECTION('',(0.E0,0.E0,-1.E0));
#11003=DIRECTION('',(0.E0,1.E0,0.E0));
#11004=AXIS2_PLACEMENT_3D('',#11001,#11002,#11003);
#11005=PLANE('',#11004);
#11006=ORIENTED_EDGE('',*,*,#10980,.F.);
#11007=ORIENTED_EDGE('',*,*,#10952,.F.);
#11009=ORIENTED_EDGE('',*,*,#11008,.T.);
#11010=ORIENTED_EDGE('',*,*,#10889,.F.);
#11011=EDGE_LOOP('',(#11006,#11007,#11009,#11010));
#11012=FACE_OUTER_BOUND('',#11011,.F.);
#11013=ADVANCED_FACE('',(#11012),#11005,.T.);
#11014=CARTESIAN_POINT('',(-2.633256E1,-5.1E-1,-4.2E0));
#11015=DIRECTION('',(1.E0,0.E0,0.E0));
#11016=DIRECTION('',(0.E0,0.E0,-1.E0));
#11017=AXIS2_PLACEMENT_3D('',#11014,#11015,#11016);
#11018=CYLINDRICAL_SURFACE('',#11017,2.E-1);
#11020=ORIENTED_EDGE('',*,*,#11019,.T.);
#11022=ORIENTED_EDGE('',*,*,#11021,.F.);
#11024=ORIENTED_EDGE('',*,*,#11023,.T.);
#11025=ORIENTED_EDGE('',*,*,#10990,.T.);
#11026=EDGE_LOOP('',(#11020,#11022,#11024,#11025));
#11027=FACE_OUTER_BOUND('',#11026,.F.);
#11028=ADVANCED_FACE('',(#11027),#11018,.T.);
#11029=CARTESIAN_POINT('',(-3.15E0,-3.1E-1,-4.1E0));
#11030=DIRECTION('',(1.E0,0.E0,0.E0));
#11031=DIRECTION('',(0.E0,-1.E0,0.E0));
#11032=AXIS2_PLACEMENT_3D('',#11029,#11030,#11031);
#11033=PLANE('',#11032);
#11034=ORIENTED_EDGE('',*,*,#10918,.T.);
#11036=ORIENTED_EDGE('',*,*,#11035,.F.);
#11037=ORIENTED_EDGE('',*,*,#5752,.F.);
#11039=ORIENTED_EDGE('',*,*,#11038,.T.);
#11040=ORIENTED_EDGE('',*,*,#11019,.F.);
#11041=ORIENTED_EDGE('',*,*,#10996,.T.);
#11043=ORIENTED_EDGE('',*,*,#11042,.T.);
#11044=EDGE_LOOP('',(#11034,#11036,#11037,#11039,#11040,#11041,#11043));
#11045=FACE_OUTER_BOUND('',#11044,.F.);
#11046=ADVANCED_FACE('',(#11045),#11033,.T.);
#11047=CARTESIAN_POINT('',(-3.15E0,-5.1E-1,-4.05E0));
#11048=DIRECTION('',(0.E0,-1.E0,0.E0));
#11049=DIRECTION('',(-1.E0,0.E0,0.E0));
#11050=AXIS2_PLACEMENT_3D('',#11047,#11048,#11049);
#11051=PLANE('',#11050);
#11052=ORIENTED_EDGE('',*,*,#10916,.T.);
#11054=ORIENTED_EDGE('',*,*,#11053,.F.);
#11055=ORIENTED_EDGE('',*,*,#5754,.F.);
#11056=ORIENTED_EDGE('',*,*,#11035,.T.);
#11057=EDGE_LOOP('',(#11052,#11054,#11055,#11056));
#11058=FACE_OUTER_BOUND('',#11057,.F.);
#11059=ADVANCED_FACE('',(#11058),#11051,.T.);
#11060=CARTESIAN_POINT('',(-3.35E0,-1.5E0,-4.1E0));
#11061=DIRECTION('',(-1.E0,0.E0,0.E0));
#11062=DIRECTION('',(0.E0,1.E0,0.E0));
#11063=AXIS2_PLACEMENT_3D('',#11060,#11061,#11062);
#11064=PLANE('',#11063);
#11066=ORIENTED_EDGE('',*,*,#11065,.T.);
#11067=ORIENTED_EDGE('',*,*,#5756,.F.);
#11068=ORIENTED_EDGE('',*,*,#11053,.T.);
#11069=ORIENTED_EDGE('',*,*,#10922,.F.);
#11071=ORIENTED_EDGE('',*,*,#11070,.T.);
#11072=ORIENTED_EDGE('',*,*,#10992,.T.);
#11073=ORIENTED_EDGE('',*,*,#11023,.F.);
#11074=EDGE_LOOP('',(#11066,#11067,#11068,#11069,#11071,#11072,#11073));
#11075=FACE_OUTER_BOUND('',#11074,.F.);
#11076=ADVANCED_FACE('',(#11075),#11064,.T.);
#11077=CARTESIAN_POINT('',(-3.35E0,-3.1E-1,-4.1E0));
#11078=DIRECTION('',(0.E0,1.E0,0.E0));
#11079=DIRECTION('',(1.E0,0.E0,0.E0));
#11080=AXIS2_PLACEMENT_3D('',#11077,#11078,#11079);
#11081=PLANE('',#11080);
#11082=ORIENTED_EDGE('',*,*,#11038,.F.);
#11083=ORIENTED_EDGE('',*,*,#5750,.F.);
#11084=ORIENTED_EDGE('',*,*,#11065,.F.);
#11085=ORIENTED_EDGE('',*,*,#11021,.T.);
#11086=EDGE_LOOP('',(#11082,#11083,#11084,#11085));
#11087=FACE_OUTER_BOUND('',#11086,.F.);
#11088=ADVANCED_FACE('',(#11087),#11081,.T.);
#11089=CARTESIAN_POINT('',(-3.15E0,-1.5E0,-4.1E0));
#11090=DIRECTION('',(0.E0,-1.E0,0.E0));
#11091=DIRECTION('',(-1.E0,0.E0,0.E0));
#11092=AXIS2_PLACEMENT_3D('',#11089,#11090,#11091);
#11093=PLANE('',#11092);
#11094=ORIENTED_EDGE('',*,*,#10920,.T.);
#11095=ORIENTED_EDGE('',*,*,#11042,.F.);
#11096=ORIENTED_EDGE('',*,*,#10994,.F.);
#11097=ORIENTED_EDGE('',*,*,#11070,.F.);
#11098=EDGE_LOOP('',(#11094,#11095,#11096,#11097));
#11099=FACE_OUTER_BOUND('',#11098,.F.);
#11100=ADVANCED_FACE('',(#11099),#11093,.T.);
#11101=CARTESIAN_POINT('',(-2.85E0,1.5E0,-4.1E0));
#11102=DIRECTION('',(0.E0,1.E0,0.E0));
#11103=DIRECTION('',(1.E0,0.E0,0.E0));
#11104=AXIS2_PLACEMENT_3D('',#11101,#11102,#11103);
#11105=PLANE('',#11104);
#11106=ORIENTED_EDGE('',*,*,#10904,.T.);
#11107=ORIENTED_EDGE('',*,*,#10891,.F.);
#11108=ORIENTED_EDGE('',*,*,#11008,.F.);
#11109=ORIENTED_EDGE('',*,*,#10950,.F.);
#11110=EDGE_LOOP('',(#11106,#11107,#11108,#11109));
#11111=FACE_OUTER_BOUND('',#11110,.F.);
#11112=ADVANCED_FACE('',(#11111),#11105,.T.);
#11113=CARTESIAN_POINT('',(-3.85E0,3.1E-1,-4.05E0));
#11114=DIRECTION('',(-1.E0,0.E0,0.E0));
#11115=DIRECTION('',(0.E0,1.E0,0.E0));
#11116=AXIS2_PLACEMENT_3D('',#11113,#11114,#11115);
#11117=PLANE('',#11116);
#11119=ORIENTED_EDGE('',*,*,#11118,.F.);
#11121=ORIENTED_EDGE('',*,*,#11120,.F.);
#11123=ORIENTED_EDGE('',*,*,#11122,.F.);
#11125=ORIENTED_EDGE('',*,*,#11124,.T.);
#11127=ORIENTED_EDGE('',*,*,#11126,.T.);
#11129=ORIENTED_EDGE('',*,*,#11128,.F.);
#11130=ORIENTED_EDGE('',*,*,#5760,.F.);
#11131=EDGE_LOOP('',(#11119,#11121,#11123,#11125,#11127,#11129,#11130));
#11132=FACE_OUTER_BOUND('',#11131,.F.);
#11133=ADVANCED_FACE('',(#11132),#11117,.T.);
#11134=CARTESIAN_POINT('',(-3.65E0,3.1E-1,-4.05E0));
#11135=DIRECTION('',(0.E0,-1.E0,0.E0));
#11136=DIRECTION('',(-1.E0,0.E0,0.E0));
#11137=AXIS2_PLACEMENT_3D('',#11134,#11135,#11136);
#11138=PLANE('',#11137);
#11140=ORIENTED_EDGE('',*,*,#11139,.T.);
#11142=ORIENTED_EDGE('',*,*,#11141,.T.);
#11143=ORIENTED_EDGE('',*,*,#11118,.T.);
#11144=ORIENTED_EDGE('',*,*,#5766,.F.);
#11145=EDGE_LOOP('',(#11140,#11142,#11143,#11144));
#11146=FACE_OUTER_BOUND('',#11145,.F.);
#11147=ADVANCED_FACE('',(#11146),#11138,.T.);
#11148=CARTESIAN_POINT('',(-3.65E0,5.1E-1,-4.05E0));
#11149=DIRECTION('',(1.E0,0.E0,0.E0));
#11150=DIRECTION('',(0.E0,-1.E0,0.E0));
#11151=AXIS2_PLACEMENT_3D('',#11148,#11149,#11150);
#11152=PLANE('',#11151);
#11154=ORIENTED_EDGE('',*,*,#11153,.T.);
#11156=ORIENTED_EDGE('',*,*,#11155,.F.);
#11158=ORIENTED_EDGE('',*,*,#11157,.T.);
#11160=ORIENTED_EDGE('',*,*,#11159,.T.);
#11162=ORIENTED_EDGE('',*,*,#11161,.F.);
#11163=ORIENTED_EDGE('',*,*,#11139,.F.);
#11164=ORIENTED_EDGE('',*,*,#5764,.F.);
#11165=EDGE_LOOP('',(#11154,#11156,#11158,#11160,#11162,#11163,#11164));
#11166=FACE_OUTER_BOUND('',#11165,.F.);
#11167=ADVANCED_FACE('',(#11166),#11152,.T.);
#11168=CARTESIAN_POINT('',(-3.85E0,5.1E-1,-4.05E0));
#11169=DIRECTION('',(0.E0,1.E0,0.E0));
#11170=DIRECTION('',(1.E0,0.E0,0.E0));
#11171=AXIS2_PLACEMENT_3D('',#11168,#11169,#11170);
#11172=PLANE('',#11171);
#11173=ORIENTED_EDGE('',*,*,#5762,.F.);
#11174=ORIENTED_EDGE('',*,*,#11128,.T.);
#11176=ORIENTED_EDGE('',*,*,#11175,.F.);
#11177=ORIENTED_EDGE('',*,*,#11153,.F.);
#11178=EDGE_LOOP('',(#11173,#11174,#11176,#11177));
#11179=FACE_OUTER_BOUND('',#11178,.F.);
#11180=ADVANCED_FACE('',(#11179),#11172,.T.);
#11181=CARTESIAN_POINT('',(-4.E0,5.E-1,-4.1E0));
#11182=DIRECTION('',(0.E0,0.E0,-1.E0));
#11183=DIRECTION('',(0.E0,1.E0,0.E0));
#11184=AXIS2_PLACEMENT_3D('',#11181,#11182,#11183);
#11185=PLANE('',#11184);
#11186=ORIENTED_EDGE('',*,*,#11175,.T.);
#11187=ORIENTED_EDGE('',*,*,#11126,.F.);
#11189=ORIENTED_EDGE('',*,*,#11188,.F.);
#11190=ORIENTED_EDGE('',*,*,#11155,.T.);
#11191=EDGE_LOOP('',(#11186,#11187,#11189,#11190));
#11192=FACE_OUTER_BOUND('',#11191,.F.);
#11193=ADVANCED_FACE('',(#11192),#11185,.F.);
#11194=CARTESIAN_POINT('',(-4.E0,5.E-1,-4.1E0));
#11195=DIRECTION('',(0.E0,0.E0,-1.E0));
#11196=DIRECTION('',(0.E0,1.E0,0.E0));
#11197=AXIS2_PLACEMENT_3D('',#11194,#11195,#11196);
#11198=PLANE('',#11197);
#11200=ORIENTED_EDGE('',*,*,#11199,.T.);
#11202=ORIENTED_EDGE('',*,*,#11201,.F.);
#11204=ORIENTED_EDGE('',*,*,#11203,.F.);
#11206=ORIENTED_EDGE('',*,*,#11205,.T.);
#11207=EDGE_LOOP('',(#11200,#11202,#11204,#11206));
#11208=FACE_OUTER_BOUND('',#11207,.F.);
#11209=ADVANCED_FACE('',(#11208),#11198,.F.);
#11210=CARTESIAN_POINT('',(-3.85E0,1.5E0,-4.1E0));
#11211=DIRECTION('',(0.E0,1.E0,0.E0));
#11212=DIRECTION('',(1.E0,0.E0,0.E0));
#11213=AXIS2_PLACEMENT_3D('',#11210,#11211,#11212);
#11214=PLANE('',#11213);
#11215=ORIENTED_EDGE('',*,*,#11188,.T.);
#11216=ORIENTED_EDGE('',*,*,#11124,.F.);
#11218=ORIENTED_EDGE('',*,*,#11217,.F.);
#11219=ORIENTED_EDGE('',*,*,#11157,.F.);
#11220=EDGE_LOOP('',(#11215,#11216,#11218,#11219));
#11221=FACE_OUTER_BOUND('',#11220,.F.);
#11222=ADVANCED_FACE('',(#11221),#11214,.T.);
#11223=CARTESIAN_POINT('',(-4.E0,5.E-1,-4.4E0));
#11224=DIRECTION('',(0.E0,0.E0,-1.E0));
#11225=DIRECTION('',(0.E0,1.E0,0.E0));
#11226=AXIS2_PLACEMENT_3D('',#11223,#11224,#11225);
#11227=PLANE('',#11226);
#11229=ORIENTED_EDGE('',*,*,#11228,.F.);
#11231=ORIENTED_EDGE('',*,*,#11230,.F.);
#11233=ORIENTED_EDGE('',*,*,#11232,.T.);
#11235=ORIENTED_EDGE('',*,*,#11234,.T.);
#11236=EDGE_LOOP('',(#11229,#11231,#11233,#11235));
#11237=FACE_OUTER_BOUND('',#11236,.F.);
#11238=ADVANCED_FACE('',(#11237),#11227,.T.);
#11239=CARTESIAN_POINT('',(-4.E0,5.E-1,-4.4E0));
#11240=DIRECTION('',(0.E0,0.E0,-1.E0));
#11241=DIRECTION('',(0.E0,1.E0,0.E0));
#11242=AXIS2_PLACEMENT_3D('',#11239,#11240,#11241);
#11243=PLANE('',#11242);
#11245=ORIENTED_EDGE('',*,*,#11244,.F.);
#11246=ORIENTED_EDGE('',*,*,#11159,.F.);
#11247=ORIENTED_EDGE('',*,*,#11217,.T.);
#11248=ORIENTED_EDGE('',*,*,#11122,.T.);
#11249=EDGE_LOOP('',(#11245,#11246,#11247,#11248));
#11250=FACE_OUTER_BOUND('',#11249,.F.);
#11251=ADVANCED_FACE('',(#11250),#11243,.T.);
#11252=CARTESIAN_POINT('',(-2.633256E1,-5.1E-1,-4.2E0));
#11253=DIRECTION('',(1.E0,0.E0,0.E0));
#11254=DIRECTION('',(0.E0,0.E0,-1.E0));
#11255=AXIS2_PLACEMENT_3D('',#11252,#11253,#11254);
#11256=CYLINDRICAL_SURFACE('',#11255,2.E-1);
#11258=ORIENTED_EDGE('',*,*,#11257,.T.);
#11260=ORIENTED_EDGE('',*,*,#11259,.F.);
#11262=ORIENTED_EDGE('',*,*,#11261,.T.);
#11263=ORIENTED_EDGE('',*,*,#11228,.T.);
#11264=EDGE_LOOP('',(#11258,#11260,#11262,#11263));
#11265=FACE_OUTER_BOUND('',#11264,.F.);
#11266=ADVANCED_FACE('',(#11265),#11256,.T.);
#11267=CARTESIAN_POINT('',(-4.15E0,-3.1E-1,-4.05E0));
#11268=DIRECTION('',(1.E0,0.E0,0.E0));
#11269=DIRECTION('',(0.E0,-1.E0,0.E0));
#11270=AXIS2_PLACEMENT_3D('',#11267,#11268,#11269);
#11271=PLANE('',#11270);
#11273=ORIENTED_EDGE('',*,*,#11272,.T.);
#11274=ORIENTED_EDGE('',*,*,#11257,.F.);
#11275=ORIENTED_EDGE('',*,*,#11234,.F.);
#11277=ORIENTED_EDGE('',*,*,#11276,.T.);
#11278=ORIENTED_EDGE('',*,*,#11201,.T.);
#11280=ORIENTED_EDGE('',*,*,#11279,.F.);
#11281=ORIENTED_EDGE('',*,*,#5772,.F.);
#11282=EDGE_LOOP('',(#11273,#11274,#11275,#11277,#11278,#11280,#11281));
#11283=FACE_OUTER_BOUND('',#11282,.F.);
#11284=ADVANCED_FACE('',(#11283),#11271,.T.);
#11285=CARTESIAN_POINT('',(-4.35E0,-3.1E-1,-4.05E0));
#11286=DIRECTION('',(0.E0,1.E0,0.E0));
#11287=DIRECTION('',(1.E0,0.E0,0.E0));
#11288=AXIS2_PLACEMENT_3D('',#11285,#11286,#11287);
#11289=PLANE('',#11288);
#11291=ORIENTED_EDGE('',*,*,#11290,.F.);
#11292=ORIENTED_EDGE('',*,*,#11259,.T.);
#11293=ORIENTED_EDGE('',*,*,#11272,.F.);
#11294=ORIENTED_EDGE('',*,*,#5770,.F.);
#11295=EDGE_LOOP('',(#11291,#11292,#11293,#11294));
#11296=FACE_OUTER_BOUND('',#11295,.F.);
#11297=ADVANCED_FACE('',(#11296),#11289,.T.);
#11298=CARTESIAN_POINT('',(-4.35E0,-5.1E-1,-4.05E0));
#11299=DIRECTION('',(-1.E0,0.E0,0.E0));
#11300=DIRECTION('',(0.E0,1.E0,0.E0));
#11301=AXIS2_PLACEMENT_3D('',#11298,#11299,#11300);
#11302=PLANE('',#11301);
#11304=ORIENTED_EDGE('',*,*,#11303,.T.);
#11305=ORIENTED_EDGE('',*,*,#11205,.F.);
#11307=ORIENTED_EDGE('',*,*,#11306,.T.);
#11308=ORIENTED_EDGE('',*,*,#11230,.T.);
#11309=ORIENTED_EDGE('',*,*,#11261,.F.);
#11310=ORIENTED_EDGE('',*,*,#11290,.T.);
#11311=ORIENTED_EDGE('',*,*,#5776,.F.);
#11312=EDGE_LOOP('',(#11304,#11305,#11307,#11308,#11309,#11310,#11311));
#11313=FACE_OUTER_BOUND('',#11312,.F.);
#11314=ADVANCED_FACE('',(#11313),#11302,.T.);
#11315=CARTESIAN_POINT('',(-4.15E0,-5.1E-1,-4.05E0));
#11316=DIRECTION('',(0.E0,-1.E0,0.E0));
#11317=DIRECTION('',(-1.E0,0.E0,0.E0));
#11318=AXIS2_PLACEMENT_3D('',#11315,#11316,#11317);
#11319=PLANE('',#11318);
#11320=ORIENTED_EDGE('',*,*,#5774,.F.);
#11321=ORIENTED_EDGE('',*,*,#11279,.T.);
#11322=ORIENTED_EDGE('',*,*,#11199,.F.);
#11323=ORIENTED_EDGE('',*,*,#11303,.F.);
#11324=EDGE_LOOP('',(#11320,#11321,#11322,#11323));
#11325=FACE_OUTER_BOUND('',#11324,.F.);
#11326=ADVANCED_FACE('',(#11325),#11319,.T.);
#11327=CARTESIAN_POINT('',(-4.15E0,-1.5E0,-4.1E0));
#11328=DIRECTION('',(0.E0,-1.E0,0.E0));
#11329=DIRECTION('',(-1.E0,0.E0,0.E0));
#11330=AXIS2_PLACEMENT_3D('',#11327,#11328,#11329);
#11331=PLANE('',#11330);
#11332=ORIENTED_EDGE('',*,*,#11203,.T.);
#11333=ORIENTED_EDGE('',*,*,#11276,.F.);
#11334=ORIENTED_EDGE('',*,*,#11232,.F.);
#11335=ORIENTED_EDGE('',*,*,#11306,.F.);
#11336=EDGE_LOOP('',(#11332,#11333,#11334,#11335));
#11337=FACE_OUTER_BOUND('',#11336,.F.);
#11338=ADVANCED_FACE('',(#11337),#11331,.T.);
#11339=CARTESIAN_POINT('',(2.051052568073E1,5.1E-1,-4.2E0));
#11340=DIRECTION('',(-1.E0,0.E0,0.E0));
#11341=DIRECTION('',(0.E0,0.E0,-1.E0));
#11342=AXIS2_PLACEMENT_3D('',#11339,#11340,#11341);
#11343=CYLINDRICAL_SURFACE('',#11342,2.E-1);
#11344=ORIENTED_EDGE('',*,*,#11120,.T.);
#11345=ORIENTED_EDGE('',*,*,#11141,.F.);
#11346=ORIENTED_EDGE('',*,*,#11161,.T.);
#11347=ORIENTED_EDGE('',*,*,#11244,.T.);
#11348=EDGE_LOOP('',(#11344,#11345,#11346,#11347));
#11349=FACE_OUTER_BOUND('',#11348,.F.);
#11350=ADVANCED_FACE('',(#11349),#11343,.T.);
#11351=CLOSED_SHELL('',(#5390,#5414,#5430,#5450,#5465,#5480,#5504,#5542,#5557,
#5780,#5796,#5810,#5833,#5852,#5899,#5950,#5966,#5980,#5995,#6009,#6023,#6037,
#6051,#6064,#6123,#6137,#6150,#6163,#6175,#6188,#6204,#6222,#6236,#6252,#6273,
#6286,#6301,#6314,#6329,#6341,#6354,#6380,#6395,#6409,#6423,#6437,#6453,#6466,
#6485,#6500,#6663,#6678,#6693,#6708,#6723,#6738,#6753,#6768,#6783,#6798,#6813,
#6828,#6843,#6858,#6873,#6888,#6903,#6918,#6933,#6947,#6962,#6976,#6990,#7003,
#7016,#7084,#7098,#7111,#7123,#7138,#7151,#7164,#7176,#7191,#7204,#7217,#7229,
#7244,#7257,#7270,#7282,#7297,#7310,#7323,#7335,#7350,#7363,#7376,#7388,#7403,
#7416,#7429,#7441,#7456,#7469,#7482,#7494,#7509,#7522,#7535,#7547,#7562,#7575,
#7588,#7600,#7615,#7628,#7641,#7653,#7668,#7681,#7694,#7706,#7721,#7734,#7747,
#7759,#7774,#7787,#7800,#7812,#7827,#7840,#7853,#7865,#7880,#7893,#7906,#7918,
#7933,#7946,#7959,#7971,#7991,#8004,#8020,#8033,#8045,#8059,#8163,#8178,#8192,
#8206,#8220,#8234,#8248,#8262,#8276,#8290,#8304,#8318,#8332,#8346,#8360,#8374,
#8388,#8402,#8416,#8430,#8444,#8458,#8472,#8486,#8500,#8514,#8528,#8542,#8556,
#8570,#8584,#8598,#8612,#8626,#8640,#8654,#8668,#8682,#8696,#8710,#8724,#8738,
#8752,#8766,#8780,#8793,#8846,#8858,#8872,#8885,#8904,#8921,#8934,#8947,#8960,
#8973,#8986,#9002,#9015,#9028,#9042,#9054,#9068,#9081,#9094,#9107,#9120,#9133,
#9146,#9159,#9172,#9184,#9196,#9208,#9229,#9244,#9260,#9273,#9292,#9305,#9318,
#9334,#9347,#9362,#9380,#9393,#9410,#9422,#9434,#9446,#9467,#9482,#9498,#9511,
#9530,#9543,#9556,#9572,#9585,#9600,#9618,#9631,#9648,#9660,#9672,#9684,#9705,
#9720,#9736,#9749,#9768,#9781,#9794,#9810,#9823,#9838,#9856,#9869,#9886,#9898,
#9910,#9922,#9943,#9958,#9974,#9987,#10006,#10019,#10032,#10048,#10061,#10076,
#10094,#10107,#10124,#10136,#10148,#10160,#10181,#10196,#10212,#10225,#10244,
#10257,#10270,#10286,#10299,#10314,#10332,#10345,#10362,#10374,#10386,#10398,
#10419,#10434,#10450,#10463,#10482,#10495,#10508,#10524,#10537,#10552,#10570,
#10583,#10600,#10612,#10624,#10636,#10657,#10672,#10688,#10701,#10720,#10733,
#10746,#10762,#10775,#10790,#10808,#10821,#10838,#10850,#10862,#10874,#10895,
#10910,#10926,#10939,#10958,#10971,#10984,#11000,#11013,#11028,#11046,#11059,
#11076,#11088,#11100,#11112,#11133,#11147,#11167,#11180,#11193,#11209,#11222,
#11238,#11251,#11266,#11284,#11297,#11314,#11326,#11338,#11350));
#11352=MANIFOLD_SOLID_BREP('',#11351);
#11354=DIMENSIONAL_EXPONENTS(0.E0,0.E0,0.E0,0.E0,0.E0,0.E0,0.E0);
#11356=PLANE_ANGLE_MEASURE_WITH_UNIT(PLANE_ANGLE_MEASURE(1.745329251994E-2),
#11355);
#11357=(CONVERSION_BASED_UNIT('DEGREE',#11356)NAMED_UNIT(*)PLANE_ANGLE_UNIT());
#11359=UNCERTAINTY_MEASURE_WITH_UNIT(LENGTH_MEASURE(1.677279620439E-3),#11353,
'closure',
'Maximum model space distance between geometric entities at asserted connectivities');
#11360=(GEOMETRIC_REPRESENTATION_CONTEXT(3)GLOBAL_UNCERTAINTY_ASSIGNED_CONTEXT((
#11359))GLOBAL_UNIT_ASSIGNED_CONTEXT((#11353,#11357,#11358))REPRESENTATION_CONTEXT('ID1','3'));
#11362=APPLICATION_CONTEXT(
'CONFIGURATION CONTROLLED 3D DESIGNS OF MECHANICAL PARTS AND ASSEMBLIES');
#11363=APPLICATION_PROTOCOL_DEFINITION('international standard',
'config_control_design',1994,#11362);
#11364=DESIGN_CONTEXT('',#11362,'design');
#11365=MECHANICAL_CONTEXT('',#11362,'mechanical');
#11366=PRODUCT('X05C2018XZ','X05C2018XZ','NOT SPECIFIED',(#11365));
#11367=PRODUCT_DEFINITION_FORMATION_WITH_SPECIFIED_SOURCE('10','LAST_VERSION',
#11366,.MADE.);
#11371=PRODUCT_CATEGORY('part','');
#11372=PRODUCT_RELATED_PRODUCT_CATEGORY('detail','',(#11366));
#11373=PRODUCT_CATEGORY_RELATIONSHIP('','',#11371,#11372);
#11374=SECURITY_CLASSIFICATION_LEVEL('unclassified');
#11375=SECURITY_CLASSIFICATION('','',#11374);
#11376=CC_DESIGN_SECURITY_CLASSIFICATION(#11375,(#11367));
#11377=APPROVAL_STATUS('approved');
#11378=APPROVAL(#11377,'');
#11379=CC_DESIGN_APPROVAL(#11378,(#11375,#11367,#11368));
#11380=CALENDAR_DATE(121,31,12);
#11381=COORDINATED_UNIVERSAL_TIME_OFFSET(8,0,.AHEAD.);
#11382=LOCAL_TIME(16,40,6.E0,#11381);
#11383=DATE_AND_TIME(#11380,#11382);
#11384=APPROVAL_DATE_TIME(#11383,#11378);
#11385=DATE_TIME_ROLE('creation_date');
#11386=CC_DESIGN_DATE_AND_TIME_ASSIGNMENT(#11383,#11385,(#11368));
#11387=DATE_TIME_ROLE('classification_date');
#11388=CC_DESIGN_DATE_AND_TIME_ASSIGNMENT(#11383,#11387,(#11375));
#11389=PERSON('UNSPECIFIED','UNSPECIFIED',$,$,$,$);
#11390=ORGANIZATION('UNSPECIFIED','UNSPECIFIED','UNSPECIFIED');
#11391=PERSON_AND_ORGANIZATION(#11389,#11390);
#11392=APPROVAL_ROLE('approver');
#11393=APPROVAL_PERSON_ORGANIZATION(#11391,#11378,#11392);
#11394=PERSON_AND_ORGANIZATION_ROLE('creator');
#11395=CC_DESIGN_PERSON_AND_ORGANIZATION_ASSIGNMENT(#11391,#11394,(#11367,
#11368));
#11396=PERSON_AND_ORGANIZATION_ROLE('design_supplier');
#11397=CC_DESIGN_PERSON_AND_ORGANIZATION_ASSIGNMENT(#11391,#11396,(#11367));
#11398=PERSON_AND_ORGANIZATION_ROLE('classification_officer');
#11399=CC_DESIGN_PERSON_AND_ORGANIZATION_ASSIGNMENT(#11391,#11398,(#11375));
#11400=PERSON_AND_ORGANIZATION_ROLE('design_owner');
#11401=CC_DESIGN_PERSON_AND_ORGANIZATION_ASSIGNMENT(#11391,#11400,(#11366));
#93=CIRCLE('',#92,1.E-1);
#110=CIRCLE('',#109,2.E-1);
#127=CIRCLE('',#126,2.E-1);
#144=CIRCLE('',#143,1.E-1);
#537=CIRCLE('',#536,1.E-1);
#554=CIRCLE('',#553,2.E-1);
#563=CIRCLE('',#562,3.E-1);
#568=CIRCLE('',#567,3.E-1);
#577=CIRCLE('',#576,2.E-1);
#594=CIRCLE('',#593,1.E-1);
#607=CIRCLE('',#606,1.E-1);
#624=CIRCLE('',#623,2.E-1);
#633=CIRCLE('',#632,3.E-1);
#642=CIRCLE('',#641,3.E-1);
#651=CIRCLE('',#650,2.E-1);
#668=CIRCLE('',#667,1.E-1);
#721=CIRCLE('',#720,2.E-1);
#738=CIRCLE('',#737,1.E-1);
#755=CIRCLE('',#754,2.E-1);
#768=CIRCLE('',#767,3.E-1);
#773=CIRCLE('',#772,3.E-1);
#810=CIRCLE('',#809,1.E-1);
#1019=CIRCLE('',#1018,3.E-1);
#2104=CIRCLE('',#2103,1.89E-2);
#2229=CIRCLE('',#2228,1.89E-2);
#2250=CIRCLE('',#2249,3.99E-2);
#2271=CIRCLE('',#2270,2.73E-2);
#2468=CIRCLE('',#2467,1.89E-2);
#2485=CIRCLE('',#2484,2.73E-2);
#2506=CIRCLE('',#2505,3.99E-2);
#2527=CIRCLE('',#2526,1.89E-2);
#2652=CIRCLE('',#2651,3.E-1);
#2813=CIRCLE('',#2812,2.E-1);
#2862=CIRCLE('',#2861,2.E-1);
#2915=CIRCLE('',#2914,2.E-1);
#2936=CIRCLE('',#2935,2.E-1);
#2953=CIRCLE('',#2952,2.E-1);
#3010=CIRCLE('',#3009,2.E-1);
#3047=CIRCLE('',#3046,2.E-1);
#3076=CIRCLE('',#3075,2.E-1);
#3093=CIRCLE('',#3092,2.E-1);
#3150=CIRCLE('',#3149,2.E-1);
#3187=CIRCLE('',#3186,2.E-1);
#3216=CIRCLE('',#3215,2.E-1);
#3233=CIRCLE('',#3232,2.E-1);
#3290=CIRCLE('',#3289,2.E-1);
#3327=CIRCLE('',#3326,2.E-1);
#3356=CIRCLE('',#3355,2.E-1);
#3373=CIRCLE('',#3372,2.E-1);
#3430=CIRCLE('',#3429,2.E-1);
#3467=CIRCLE('',#3466,2.E-1);
#3496=CIRCLE('',#3495,2.E-1);
#3513=CIRCLE('',#3512,2.E-1);
#3570=CIRCLE('',#3569,2.E-1);
#3607=CIRCLE('',#3606,2.E-1);
#3636=CIRCLE('',#3635,2.E-1);
#3653=CIRCLE('',#3652,2.E-1);
#3710=CIRCLE('',#3709,2.E-1);
#3747=CIRCLE('',#3746,2.E-1);
#3776=CIRCLE('',#3775,2.E-1);
#3793=CIRCLE('',#3792,2.E-1);
#3850=CIRCLE('',#3849,2.E-1);
#3887=CIRCLE('',#3886,2.E-1);
#3916=CIRCLE('',#3915,2.E-1);
#3933=CIRCLE('',#3932,2.E-1);
#3958=CIRCLE('',#3957,2.E-1);
#4039=CIRCLE('',#4038,2.E-1);
#4056=CIRCLE('',#4055,2.E-1);
#5380=EDGE_CURVE('',#4091,#4092,#4,.T.);
#5382=EDGE_CURVE('',#4091,#4075,#8,.T.);
#5384=EDGE_CURVE('',#4075,#4076,#12,.T.);
#5386=EDGE_CURVE('',#4092,#4076,#164,.T.);
#5396=EDGE_CURVE('',#4469,#4470,#16,.T.);
#5398=EDGE_CURVE('',#4120,#4469,#2668,.T.);
#5400=EDGE_CURVE('',#4101,#4120,#20,.T.);
#5402=EDGE_CURVE('',#4101,#4102,#24,.T.);
#5404=EDGE_CURVE('',#4071,#4102,#1035,.T.);
#5406=EDGE_CURVE('',#4071,#4072,#28,.T.);
#5408=EDGE_CURVE('',#4072,#4098,#32,.T.);
#5410=EDGE_CURVE('',#4098,#4470,#36,.T.);
#5420=EDGE_CURVE('',#4486,#4087,#40,.T.);
#5422=EDGE_CURVE('',#4087,#4088,#44,.T.);
#5424=EDGE_CURVE('',#4484,#4088,#2011,.T.);
#5426=EDGE_CURVE('',#4486,#4484,#48,.T.);
#5436=EDGE_CURVE('',#4652,#4122,#512,.T.);
#5438=EDGE_CURVE('',#5374,#4652,#52,.T.);
#5440=EDGE_CURVE('',#4095,#5374,#56,.T.);
#5442=EDGE_CURVE('',#4112,#4095,#60,.T.);
#5444=EDGE_CURVE('',#4112,#4110,#64,.T.);
#5446=EDGE_CURVE('',#4122,#4110,#68,.T.);
#5456=EDGE_CURVE('',#4092,#4166,#72,.T.);
#5458=EDGE_CURVE('',#4163,#4166,#1051,.T.);
#5460=EDGE_CURVE('',#4163,#4091,#76,.T.);
#5471=EDGE_CURVE('',#4482,#4096,#2083,.T.);
#5473=EDGE_CURVE('',#4095,#4096,#777,.T.);
#5476=EDGE_CURVE('',#4482,#5374,#80,.T.);
#5486=EDGE_CURVE('',#4577,#4578,#84,.T.);
#5488=EDGE_CURVE('',#4578,#4580,#88,.T.);
#5490=EDGE_CURVE('',#4580,#4582,#93,.T.);
#5492=EDGE_CURVE('',#4582,#4612,#97,.T.);
#5494=EDGE_CURVE('',#4612,#4614,#101,.T.);
#5496=EDGE_CURVE('',#4614,#4597,#105,.T.);
#5498=EDGE_CURVE('',#4597,#4598,#110,.T.);
#5500=EDGE_CURVE('',#4598,#4577,#114,.T.);
#5510=EDGE_CURVE('',#4152,#4642,#118,.T.);
#5512=EDGE_CURVE('',#4642,#4591,#122,.T.);
#5514=EDGE_CURVE('',#4591,#4592,#127,.T.);
#5516=EDGE_CURVE('',#4592,#4594,#131,.T.);
#5518=EDGE_CURVE('',#4594,#4585,#135,.T.);
#5520=EDGE_CURVE('',#4585,#4586,#139,.T.);
#5522=EDGE_CURVE('',#4586,#4588,#144,.T.);
#5524=EDGE_CURVE('',#4588,#4638,#148,.T.);
#5526=EDGE_CURVE('',#4638,#4128,#152,.T.);
#5528=EDGE_CURVE('',#4128,#4138,#894,.T.);
#5530=EDGE_CURVE('',#4138,#4150,#156,.T.);
#5532=EDGE_CURVE('',#4150,#4166,#160,.T.);
#5536=EDGE_CURVE('',#4076,#4084,#168,.T.);
#5538=EDGE_CURVE('',#4084,#4152,#172,.T.);
#5548=EDGE_CURVE('',#4656,#4654,#188,.T.);
#5550=EDGE_CURVE('',#4654,#4578,#2776,.T.);
#5553=EDGE_CURVE('',#4656,#4577,#176,.T.);
#5563=EDGE_CURVE('',#4648,#4489,#180,.T.);
#5565=EDGE_CURVE('',#4498,#4489,#874,.T.);
#5567=EDGE_CURVE('',#4498,#4474,#2800,.T.);
#5569=EDGE_CURVE('',#4473,#4474,#998,.T.);
#5571=EDGE_CURVE('',#4496,#4473,#2804,.T.);
#5573=EDGE_CURVE('',#4494,#4496,#882,.T.);
#5575=EDGE_CURVE('',#4494,#4654,#184,.T.);
#5578=EDGE_CURVE('',#4469,#4656,#192,.T.);
#5581=EDGE_CURVE('',#4477,#4470,#2087,.T.);
#5583=EDGE_CURVE('',#4477,#4478,#2059,.T.);
#5585=EDGE_CURVE('',#4478,#4486,#2043,.T.);
#5588=EDGE_CURVE('',#4481,#4484,#2007,.T.);
#5590=EDGE_CURVE('',#4481,#4482,#2075,.T.);
#5594=EDGE_CURVE('',#4650,#4652,#196,.T.);
#5596=EDGE_CURVE('',#4650,#4648,#200,.T.);
#5600=EDGE_CURVE('',#4739,#4740,#204,.T.);
#5602=EDGE_CURVE('',#4740,#4742,#208,.T.);
#5604=EDGE_CURVE('',#4742,#4744,#212,.T.);
#5606=EDGE_CURVE('',#4744,#4739,#216,.T.);
#5610=EDGE_CURVE('',#4747,#4748,#220,.T.);
#5612=EDGE_CURVE('',#4748,#4750,#224,.T.);
#5614=EDGE_CURVE('',#4750,#4752,#228,.T.);
#5616=EDGE_CURVE('',#4752,#4747,#232,.T.);
#5620=EDGE_CURVE('',#4771,#4772,#236,.T.);
#5622=EDGE_CURVE('',#4772,#4774,#240,.T.);
#5624=EDGE_CURVE('',#4774,#4776,#244,.T.);
#5626=EDGE_CURVE('',#4776,#4771,#248,.T.);
#5630=EDGE_CURVE('',#4779,#4780,#252,.T.);
#5632=EDGE_CURVE('',#4780,#4782,#256,.T.);
#5634=EDGE_CURVE('',#4782,#4784,#260,.T.);
#5636=EDGE_CURVE('',#4784,#4779,#264,.T.);
#5640=EDGE_CURVE('',#4795,#4796,#268,.T.);
#5642=EDGE_CURVE('',#4796,#4798,#272,.T.);
#5644=EDGE_CURVE('',#4798,#4800,#276,.T.);
#5646=EDGE_CURVE('',#4800,#4795,#280,.T.);
#5650=EDGE_CURVE('',#4803,#4804,#284,.T.);
#5652=EDGE_CURVE('',#4804,#4806,#288,.T.);
#5654=EDGE_CURVE('',#4806,#4808,#292,.T.);
#5656=EDGE_CURVE('',#4808,#4803,#296,.T.);
#5660=EDGE_CURVE('',#4819,#4820,#300,.T.);
#5662=EDGE_CURVE('',#4820,#4822,#304,.T.);
#5664=EDGE_CURVE('',#4822,#4824,#308,.T.);
#5666=EDGE_CURVE('',#4824,#4819,#312,.T.);
#5670=EDGE_CURVE('',#4827,#4828,#316,.T.);
#5672=EDGE_CURVE('',#4828,#4830,#320,.T.);
#5674=EDGE_CURVE('',#4830,#4832,#324,.T.);
#5676=EDGE_CURVE('',#4832,#4827,#328,.T.);
#5680=EDGE_CURVE('',#4843,#4844,#332,.T.);
#5682=EDGE_CURVE('',#4844,#4846,#336,.T.);
#5684=EDGE_CURVE('',#4846,#4848,#340,.T.);
#5686=EDGE_CURVE('',#4848,#4843,#344,.T.);
#5690=EDGE_CURVE('',#4851,#4852,#348,.T.);
#5692=EDGE_CURVE('',#4852,#4854,#352,.T.);
#5694=EDGE_CURVE('',#4854,#4856,#356,.T.);
#5696=EDGE_CURVE('',#4856,#4851,#360,.T.);
#5700=EDGE_CURVE('',#4867,#4868,#364,.T.);
#5702=EDGE_CURVE('',#4868,#4870,#368,.T.);
#5704=EDGE_CURVE('',#4870,#4872,#372,.T.);
#5706=EDGE_CURVE('',#4872,#4867,#376,.T.);
#5710=EDGE_CURVE('',#4875,#4876,#380,.T.);
#5712=EDGE_CURVE('',#4876,#4878,#384,.T.);
#5714=EDGE_CURVE('',#4878,#4880,#388,.T.);
#5716=EDGE_CURVE('',#4880,#4875,#392,.T.);
#5720=EDGE_CURVE('',#4891,#4892,#396,.T.);
#5722=EDGE_CURVE('',#4892,#4894,#400,.T.);
#5724=EDGE_CURVE('',#4894,#4896,#404,.T.);
#5726=EDGE_CURVE('',#4896,#4891,#408,.T.);
#5730=EDGE_CURVE('',#4899,#4900,#412,.T.);
#5732=EDGE_CURVE('',#4900,#4902,#416,.T.);
#5734=EDGE_CURVE('',#4902,#4904,#420,.T.);
#5736=EDGE_CURVE('',#4904,#4899,#424,.T.);
#5740=EDGE_CURVE('',#4915,#4916,#428,.T.);
#5742=EDGE_CURVE('',#4916,#4918,#432,.T.);
#5744=EDGE_CURVE('',#4918,#4920,#436,.T.);
#5746=EDGE_CURVE('',#4920,#4915,#440,.T.);
#5750=EDGE_CURVE('',#4923,#4924,#444,.T.);
#5752=EDGE_CURVE('',#4924,#4926,#448,.T.);
#5754=EDGE_CURVE('',#4926,#4928,#452,.T.);
#5756=EDGE_CURVE('',#4928,#4923,#456,.T.);
#5760=EDGE_CURVE('',#4931,#4932,#460,.T.);
#5762=EDGE_CURVE('',#4932,#4934,#464,.T.);
#5764=EDGE_CURVE('',#4934,#4936,#468,.T.);
#5766=EDGE_CURVE('',#4936,#4931,#472,.T.);
#5770=EDGE_CURVE('',#4939,#4940,#476,.T.);
#5772=EDGE_CURVE('',#4940,#4942,#480,.T.);
#5774=EDGE_CURVE('',#4942,#4944,#484,.T.);
#5776=EDGE_CURVE('',#4944,#4939,#488,.T.);
#5786=EDGE_CURVE('',#4566,#4519,#492,.T.);
#5788=EDGE_CURVE('',#4519,#4186,#496,.T.);
#5790=EDGE_CURVE('',#4185,#4186,#990,.T.);
#5792=EDGE_CURVE('',#4185,#4566,#500,.T.);
#5802=EDGE_CURVE('',#4122,#4530,#504,.T.);
#5804=EDGE_CURVE('',#4650,#4530,#508,.T.);
#5816=EDGE_CURVE('',#4505,#4516,#516,.T.);
#5818=EDGE_CURVE('',#4564,#4516,#520,.T.);
#5820=EDGE_CURVE('',#4564,#4202,#524,.T.);
#5822=EDGE_CURVE('',#4202,#4500,#926,.T.);
#5824=EDGE_CURVE('',#4490,#4500,#906,.T.);
#5826=EDGE_CURVE('',#4489,#4490,#858,.T.);
#5829=EDGE_CURVE('',#4648,#4505,#528,.T.);
#5839=EDGE_CURVE('',#4519,#4520,#572,.T.);
#5842=EDGE_CURVE('',#4562,#4566,#946,.T.);
#5844=EDGE_CURVE('',#4547,#4562,#850,.T.);
#5846=EDGE_CURVE('',#4547,#4548,#759,.T.);
#5848=EDGE_CURVE('',#4520,#4548,#826,.T.);
#5859=EDGE_CURVE('',#4505,#4506,#532,.T.);
#5861=EDGE_CURVE('',#4508,#4506,#537,.T.);
#5863=EDGE_CURVE('',#4508,#4568,#541,.T.);
#5865=EDGE_CURVE('',#4568,#4570,#545,.T.);
#5867=EDGE_CURVE('',#4570,#4527,#549,.T.);
#5869=EDGE_CURVE('',#4527,#4528,#554,.T.);
#5871=EDGE_CURVE('',#4528,#4530,#558,.T.);
#5875=EDGE_CURVE('',#4109,#4110,#563,.T.);
#5877=EDGE_CURVE('',#4210,#4109,#2788,.T.);
#5879=EDGE_CURVE('',#4209,#4210,#568,.T.);
#5881=EDGE_CURVE('',#4186,#4209,#994,.T.);
#5885=EDGE_CURVE('',#4520,#4522,#577,.T.);
#5887=EDGE_CURVE('',#4522,#4524,#581,.T.);
#5889=EDGE_CURVE('',#4524,#4511,#585,.T.);
#5891=EDGE_CURVE('',#4511,#4512,#589,.T.);
#5893=EDGE_CURVE('',#4514,#4512,#594,.T.);
#5895=EDGE_CURVE('',#4514,#4516,#598,.T.);
#5905=EDGE_CURVE('',#4632,#4628,#2680,.T.);
#5907=EDGE_CURVE('',#4604,#4632,#602,.T.);
#5909=EDGE_CURVE('',#4604,#4602,#607,.T.);
#5911=EDGE_CURVE('',#4626,#4602,#611,.T.);
#5913=EDGE_CURVE('',#4624,#4626,#615,.T.);
#5915=EDGE_CURVE('',#4608,#4624,#619,.T.);
#5917=EDGE_CURVE('',#4606,#4608,#624,.T.);
#5919=EDGE_CURVE('',#4634,#4606,#628,.T.);
#5921=EDGE_CURVE('',#4181,#4634,#2660,.T.);
#5923=EDGE_CURVE('',#4206,#4181,#950,.T.);
#5925=EDGE_CURVE('',#4205,#4206,#633,.T.);
#5927=EDGE_CURVE('',#4205,#4104,#637,.T.);
#5929=EDGE_CURVE('',#4101,#4104,#642,.T.);
#5932=EDGE_CURVE('',#4630,#4120,#2664,.T.);
#5934=EDGE_CURVE('',#4610,#4630,#646,.T.);
#5936=EDGE_CURVE('',#4622,#4610,#651,.T.);
#5938=EDGE_CURVE('',#4620,#4622,#655,.T.);
#5940=EDGE_CURVE('',#4618,#4620,#659,.T.);
#5942=EDGE_CURVE('',#4616,#4618,#663,.T.);
#5944=EDGE_CURVE('',#4616,#4600,#668,.T.);
#5946=EDGE_CURVE('',#4628,#4600,#672,.T.);
#5958=EDGE_CURVE('',#4648,#4533,#676,.T.);
#5960=EDGE_CURVE('',#4533,#4534,#708,.T.);
#5962=EDGE_CURVE('',#4506,#4534,#704,.T.);
#5973=EDGE_CURVE('',#4650,#4558,#680,.T.);
#5975=EDGE_CURVE('',#4558,#4533,#712,.T.);
#5987=EDGE_CURVE('',#4528,#4556,#684,.T.);
#5989=EDGE_CURVE('',#4556,#4558,#716,.T.);
#6002=EDGE_CURVE('',#4527,#4555,#688,.T.);
#6004=EDGE_CURVE('',#4555,#4556,#721,.T.);
#6016=EDGE_CURVE('',#4570,#4574,#692,.T.);
#6018=EDGE_CURVE('',#4574,#4555,#725,.T.);
#6030=EDGE_CURVE('',#4568,#4572,#696,.T.);
#6032=EDGE_CURVE('',#4572,#4574,#729,.T.);
#6044=EDGE_CURVE('',#4508,#4536,#700,.T.);
#6046=EDGE_CURVE('',#4536,#4572,#733,.T.);
#6059=EDGE_CURVE('',#4536,#4534,#738,.T.);
#6070=EDGE_CURVE('',#4539,#4540,#742,.T.);
#6072=EDGE_CURVE('',#4552,#4539,#746,.T.);
#6074=EDGE_CURVE('',#4550,#4552,#750,.T.);
#6076=EDGE_CURVE('',#4548,#4550,#755,.T.);
#6079=EDGE_CURVE('',#4140,#4547,#763,.T.);
#6081=EDGE_CURVE('',#4118,#4140,#978,.T.);
#6083=EDGE_CURVE('',#4117,#4118,#768,.T.);
#6085=EDGE_CURVE('',#4114,#4117,#2796,.T.);
#6087=EDGE_CURVE('',#4112,#4114,#773,.T.);
#6091=EDGE_CURVE('',#4124,#4096,#781,.T.);
#6093=EDGE_CURVE('',#4137,#4124,#785,.T.);
#6095=EDGE_CURVE('',#4137,#4142,#890,.T.);
#6097=EDGE_CURVE('',#4160,#4142,#2808,.T.);
#6099=EDGE_CURVE('',#4160,#4134,#789,.T.);
#6101=EDGE_CURVE('',#4134,#4132,#793,.T.);
#6103=EDGE_CURVE('',#4131,#4132,#797,.T.);
#6105=EDGE_CURVE('',#4544,#4131,#801,.T.);
#6107=EDGE_CURVE('',#4542,#4544,#805,.T.);
#6109=EDGE_CURVE('',#4542,#4540,#810,.T.);
#6130=EDGE_CURVE('',#4511,#4539,#814,.T.);
#6133=EDGE_CURVE('',#4512,#4540,#830,.T.);
#6144=EDGE_CURVE('',#4524,#4552,#818,.T.);
#6157=EDGE_CURVE('',#4522,#4550,#822,.T.);
#6184=EDGE_CURVE('',#4514,#4542,#834,.T.);
#6197=EDGE_CURVE('',#4544,#4560,#838,.T.);
#6199=EDGE_CURVE('',#4560,#4564,#942,.T.);
#6212=EDGE_CURVE('',#4131,#4144,#866,.T.);
#6214=EDGE_CURVE('',#4191,#4144,#914,.T.);
#6216=EDGE_CURVE('',#4191,#4192,#842,.T.);
#6218=EDGE_CURVE('',#4560,#4192,#846,.T.);
#6229=EDGE_CURVE('',#4198,#4562,#854,.T.);
#6231=EDGE_CURVE('',#4140,#4198,#982,.T.);
#6243=EDGE_CURVE('',#4144,#4490,#862,.T.);
#6247=EDGE_CURVE('',#4498,#4132,#870,.T.);
#6258=EDGE_CURVE('',#4493,#4494,#878,.T.);
#6261=EDGE_CURVE('',#4142,#4496,#886,.T.);
#6264=EDGE_CURVE('',#4137,#4138,#2031,.T.);
#6267=EDGE_CURVE('',#4127,#4128,#898,.T.);
#6269=EDGE_CURVE('',#4493,#4127,#902,.T.);
#6280=EDGE_CURVE('',#4191,#4500,#910,.T.);
#6292=EDGE_CURVE('',#4493,#4502,#918,.T.);
#6295=EDGE_CURVE('',#4195,#4127,#2740,.T.);
#6297=EDGE_CURVE('',#4502,#4195,#922,.T.);
#6309=EDGE_CURVE('',#4192,#4202,#930,.T.);
#6321=EDGE_CURVE('',#4195,#4196,#2736,.T.);
#6323=EDGE_CURVE('',#4200,#4196,#934,.T.);
#6325=EDGE_CURVE('',#4502,#4200,#938,.T.);
#6349=EDGE_CURVE('',#4198,#4185,#986,.T.);
#6360=EDGE_CURVE('',#4206,#4148,#1014,.T.);
#6363=EDGE_CURVE('',#4181,#4182,#954,.T.);
#6365=EDGE_CURVE('',#4182,#4188,#958,.T.);
#6367=EDGE_CURVE('',#4188,#4152,#962,.T.);
#6370=EDGE_CURVE('',#4082,#4084,#966,.T.);
#6372=EDGE_CURVE('',#4080,#4082,#970,.T.);
#6374=EDGE_CURVE('',#4079,#4080,#974,.T.);
#6376=EDGE_CURVE('',#4148,#4079,#1031,.T.);
#6386=EDGE_CURVE('',#4118,#4209,#2780,.T.);
#6402=EDGE_CURVE('',#4474,#4134,#1002,.T.);
#6405=EDGE_CURVE('',#4160,#4473,#1006,.T.);
#6415=EDGE_CURVE('',#4146,#4205,#1010,.T.);
#6419=EDGE_CURVE('',#4148,#4146,#1019,.T.);
#6430=EDGE_CURVE('',#4106,#4146,#1027,.T.);
#6432=EDGE_CURVE('',#4104,#4106,#1023,.T.);
#6446=EDGE_CURVE('',#4071,#4079,#1039,.T.);
#6449=EDGE_CURVE('',#4106,#4102,#2652,.T.);
#6462=EDGE_CURVE('',#4072,#4080,#1047,.T.);
#6473=EDGE_CURVE('',#4163,#4164,#1043,.T.);
#6475=EDGE_CURVE('',#4098,#4164,#2091,.T.);
#6480=EDGE_CURVE('',#4075,#4082,#2099,.T.);
#6494=EDGE_CURVE('',#4150,#4170,#1075,.T.);
#6496=EDGE_CURVE('',#4164,#4170,#2095,.T.);
#6506=EDGE_CURVE('',#5183,#5184,#1055,.T.);
#6508=EDGE_CURVE('',#5184,#5188,#1059,.T.);
#6510=EDGE_CURVE('',#5187,#5188,#1063,.T.);
#6512=EDGE_CURVE('',#4158,#5187,#1067,.T.);
#6514=EDGE_CURVE('',#4157,#4158,#2047,.T.);
#6516=EDGE_CURVE('',#4157,#4168,#2067,.T.);
#6518=EDGE_CURVE('',#4170,#4168,#1071,.T.);
#6521=EDGE_CURVE('',#4154,#4150,#2027,.T.);
#6523=EDGE_CURVE('',#5103,#4154,#1079,.T.);
#6525=EDGE_CURVE('',#5103,#5104,#1083,.T.);
#6527=EDGE_CURVE('',#5104,#5108,#1087,.T.);
#6529=EDGE_CURVE('',#5107,#5108,#1091,.T.);
#6531=EDGE_CURVE('',#5087,#5107,#1095,.T.);
#6533=EDGE_CURVE('',#5087,#5088,#1099,.T.);
#6535=EDGE_CURVE('',#5088,#5092,#1103,.T.);
#6537=EDGE_CURVE('',#5091,#5092,#1107,.T.);
#6539=EDGE_CURVE('',#5071,#5091,#1111,.T.);
#6541=EDGE_CURVE('',#5071,#5072,#1115,.T.);
#6543=EDGE_CURVE('',#5072,#5076,#1119,.T.);
#6545=EDGE_CURVE('',#5075,#5076,#1123,.T.);
#6547=EDGE_CURVE('',#5055,#5075,#1127,.T.);
#6549=EDGE_CURVE('',#5055,#5056,#1131,.T.);
#6551=EDGE_CURVE('',#5056,#5060,#1135,.T.);
#6553=EDGE_CURVE('',#5059,#5060,#1139,.T.);
#6555=EDGE_CURVE('',#4393,#5059,#1143,.T.);
#6557=EDGE_CURVE('',#4393,#4394,#1147,.T.);
#6559=EDGE_CURVE('',#4394,#4398,#1151,.T.);
#6561=EDGE_CURVE('',#4397,#4398,#1155,.T.);
#6563=EDGE_CURVE('',#4377,#4397,#1159,.T.);
#6565=EDGE_CURVE('',#4377,#4378,#1163,.T.);
#6567=EDGE_CURVE('',#4378,#4382,#1167,.T.);
#6569=EDGE_CURVE('',#4381,#4382,#1171,.T.);
#6571=EDGE_CURVE('',#4361,#4381,#1175,.T.);
#6573=EDGE_CURVE('',#4361,#4362,#1179,.T.);
#6575=EDGE_CURVE('',#4362,#4366,#1183,.T.);
#6577=EDGE_CURVE('',#4365,#4366,#1187,.T.);
#6579=EDGE_CURVE('',#4345,#4365,#1191,.T.);
#6581=EDGE_CURVE('',#4345,#4346,#1195,.T.);
#6583=EDGE_CURVE('',#4346,#4350,#1199,.T.);
#6585=EDGE_CURVE('',#4349,#4350,#1203,.T.);
#6587=EDGE_CURVE('',#4329,#4349,#1207,.T.);
#6589=EDGE_CURVE('',#4329,#4330,#1211,.T.);
#6591=EDGE_CURVE('',#4330,#4334,#1215,.T.);
#6593=EDGE_CURVE('',#4333,#4334,#1219,.T.);
#6595=EDGE_CURVE('',#4409,#4333,#1223,.T.);
#6597=EDGE_CURVE('',#4409,#4410,#1227,.T.);
#6599=EDGE_CURVE('',#4410,#4414,#1231,.T.);
#6601=EDGE_CURVE('',#4413,#4414,#1235,.T.);
#6603=EDGE_CURVE('',#4425,#4413,#1239,.T.);
#6605=EDGE_CURVE('',#4425,#4426,#1243,.T.);
#6607=EDGE_CURVE('',#4426,#4430,#1247,.T.);
#6609=EDGE_CURVE('',#4429,#4430,#1251,.T.);
#6611=EDGE_CURVE('',#4441,#4429,#1255,.T.);
#6613=EDGE_CURVE('',#4441,#4442,#1259,.T.);
#6615=EDGE_CURVE('',#4442,#4446,#1263,.T.);
#6617=EDGE_CURVE('',#4445,#4446,#1267,.T.);
#6619=EDGE_CURVE('',#4457,#4445,#1271,.T.);
#6621=EDGE_CURVE('',#4457,#4458,#1275,.T.);
#6623=EDGE_CURVE('',#4458,#4462,#1279,.T.);
#6625=EDGE_CURVE('',#4461,#4462,#1283,.T.);
#6627=EDGE_CURVE('',#5119,#4461,#1287,.T.);
#6629=EDGE_CURVE('',#5119,#5120,#1291,.T.);
#6631=EDGE_CURVE('',#5120,#5124,#1295,.T.);
#6633=EDGE_CURVE('',#5123,#5124,#1299,.T.);
#6635=EDGE_CURVE('',#5135,#5123,#1303,.T.);
#6637=EDGE_CURVE('',#5135,#5136,#1307,.T.);
#6639=EDGE_CURVE('',#5136,#5140,#1311,.T.);
#6641=EDGE_CURVE('',#5139,#5140,#1315,.T.);
#6643=EDGE_CURVE('',#5151,#5139,#1319,.T.);
#6645=EDGE_CURVE('',#5151,#5152,#1323,.T.);
#6647=EDGE_CURVE('',#5152,#5156,#1327,.T.);
#6649=EDGE_CURVE('',#5155,#5156,#1331,.T.);
#6651=EDGE_CURVE('',#5167,#5155,#1335,.T.);
#6653=EDGE_CURVE('',#5167,#5168,#1339,.T.);
#6655=EDGE_CURVE('',#5168,#5172,#1343,.T.);
#6657=EDGE_CURVE('',#5171,#5172,#1347,.T.);
#6659=EDGE_CURVE('',#5183,#5171,#1351,.T.);
#6670=EDGE_CURVE('',#5183,#5190,#1563,.T.);
#6672=EDGE_CURVE('',#5190,#5179,#1355,.T.);
#6674=EDGE_CURVE('',#5179,#5184,#1359,.T.);
#6684=EDGE_CURVE('',#4349,#4354,#1363,.T.);
#6686=EDGE_CURVE('',#4354,#4336,#1367,.T.);
#6688=EDGE_CURVE('',#4329,#4336,#1371,.T.);
#6699=EDGE_CURVE('',#4365,#4370,#1375,.T.);
#6701=EDGE_CURVE('',#4370,#4352,#1379,.T.);
#6703=EDGE_CURVE('',#4345,#4352,#1383,.T.);
#6714=EDGE_CURVE('',#4381,#4386,#1387,.T.);
#6716=EDGE_CURVE('',#4386,#4368,#1391,.T.);
#6718=EDGE_CURVE('',#4361,#4368,#1395,.T.);
#6729=EDGE_CURVE('',#4397,#4402,#1399,.T.);
#6731=EDGE_CURVE('',#4402,#4384,#1403,.T.);
#6733=EDGE_CURVE('',#4377,#4384,#1407,.T.);
#6744=EDGE_CURVE('',#5059,#5064,#1411,.T.);
#6746=EDGE_CURVE('',#5064,#4400,#1415,.T.);
#6748=EDGE_CURVE('',#4393,#4400,#1419,.T.);
#6759=EDGE_CURVE('',#5075,#5080,#1423,.T.);
#6761=EDGE_CURVE('',#5080,#5062,#1427,.T.);
#6763=EDGE_CURVE('',#5055,#5062,#1431,.T.);
#6774=EDGE_CURVE('',#5091,#5096,#1435,.T.);
#6776=EDGE_CURVE('',#5096,#5078,#1439,.T.);
#6778=EDGE_CURVE('',#5071,#5078,#1443,.T.);
#6789=EDGE_CURVE('',#5103,#5110,#1447,.T.);
#6792=EDGE_CURVE('',#4177,#4154,#2023,.T.);
#6794=EDGE_CURVE('',#4177,#5110,#1451,.T.);
#6804=EDGE_CURVE('',#5107,#5112,#1455,.T.);
#6806=EDGE_CURVE('',#5112,#5094,#1459,.T.);
#6808=EDGE_CURVE('',#5087,#5094,#1463,.T.);
#6819=EDGE_CURVE('',#4409,#4416,#1467,.T.);
#6822=EDGE_CURVE('',#4333,#4338,#1471,.T.);
#6824=EDGE_CURVE('',#4338,#4416,#1475,.T.);
#6834=EDGE_CURVE('',#4425,#4432,#1479,.T.);
#6837=EDGE_CURVE('',#4413,#4418,#1483,.T.);
#6839=EDGE_CURVE('',#4418,#4432,#1487,.T.);
#6849=EDGE_CURVE('',#4441,#4448,#1491,.T.);
#6852=EDGE_CURVE('',#4429,#4434,#1495,.T.);
#6854=EDGE_CURVE('',#4434,#4448,#1499,.T.);
#6864=EDGE_CURVE('',#4457,#4464,#1503,.T.);
#6867=EDGE_CURVE('',#4445,#4450,#1507,.T.);
#6869=EDGE_CURVE('',#4450,#4464,#1511,.T.);
#6879=EDGE_CURVE('',#5119,#5126,#1515,.T.);
#6882=EDGE_CURVE('',#4461,#4466,#1519,.T.);
#6884=EDGE_CURVE('',#4466,#5126,#1523,.T.);
#6894=EDGE_CURVE('',#5135,#5142,#1527,.T.);
#6897=EDGE_CURVE('',#5123,#5128,#1531,.T.);
#6899=EDGE_CURVE('',#5128,#5142,#1535,.T.);
#6909=EDGE_CURVE('',#5151,#5158,#1539,.T.);
#6912=EDGE_CURVE('',#5139,#5144,#1543,.T.);
#6914=EDGE_CURVE('',#5144,#5158,#1547,.T.);
#6924=EDGE_CURVE('',#5167,#5174,#1551,.T.);
#6927=EDGE_CURVE('',#5155,#5160,#1555,.T.);
#6929=EDGE_CURVE('',#5160,#5174,#1559,.T.);
#6941=EDGE_CURVE('',#5171,#5176,#1567,.T.);
#6943=EDGE_CURVE('',#5176,#5190,#1571,.T.);
#6953=EDGE_CURVE('',#5187,#5192,#1575,.T.);
#6955=EDGE_CURVE('',#5192,#4174,#1579,.T.);
#6957=EDGE_CURVE('',#4174,#4158,#2051,.T.);
#6969=EDGE_CURVE('',#4342,#4350,#1583,.T.);
#6971=EDGE_CURVE('',#4354,#4342,#1587,.T.);
#6983=EDGE_CURVE('',#4341,#4346,#1599,.T.);
#6985=EDGE_CURVE('',#4341,#4342,#1591,.T.);
#6998=EDGE_CURVE('',#4352,#4341,#1595,.T.);
#7009=EDGE_CURVE('',#4352,#4354,#1643,.T.);
#7022=EDGE_CURVE('',#5190,#5192,#1603,.T.);
#7025=EDGE_CURVE('',#5174,#5176,#1607,.T.);
#7028=EDGE_CURVE('',#5158,#5160,#1611,.T.);
#7031=EDGE_CURVE('',#5142,#5144,#1615,.T.);
#7034=EDGE_CURVE('',#5126,#5128,#1619,.T.);
#7037=EDGE_CURVE('',#4464,#4466,#1623,.T.);
#7040=EDGE_CURVE('',#4448,#4450,#1627,.T.);
#7043=EDGE_CURVE('',#4432,#4434,#1631,.T.);
#7046=EDGE_CURVE('',#4416,#4418,#1635,.T.);
#7049=EDGE_CURVE('',#4336,#4338,#1639,.T.);
#7054=EDGE_CURVE('',#4368,#4370,#1647,.T.);
#7057=EDGE_CURVE('',#4384,#4386,#1651,.T.);
#7060=EDGE_CURVE('',#4400,#4402,#1655,.T.);
#7063=EDGE_CURVE('',#5062,#5064,#1659,.T.);
#7066=EDGE_CURVE('',#5078,#5080,#1663,.T.);
#7069=EDGE_CURVE('',#5094,#5096,#1667,.T.);
#7072=EDGE_CURVE('',#5110,#5112,#1671,.T.);
#7075=EDGE_CURVE('',#4177,#4178,#2019,.T.);
#7077=EDGE_CURVE('',#4178,#4173,#2035,.T.);
#7079=EDGE_CURVE('',#4173,#4174,#2055,.T.);
#7091=EDGE_CURVE('',#5192,#5180,#1679,.T.);
#7093=EDGE_CURVE('',#5179,#5180,#1683,.T.);
#7105=EDGE_CURVE('',#5180,#5188,#1675,.T.);
#7130=EDGE_CURVE('',#5176,#5164,#1691,.T.);
#7132=EDGE_CURVE('',#5163,#5164,#1695,.T.);
#7134=EDGE_CURVE('',#5174,#5163,#1699,.T.);
#7145=EDGE_CURVE('',#5164,#5172,#1687,.T.);
#7158=EDGE_CURVE('',#5163,#5168,#1703,.T.);
#7183=EDGE_CURVE('',#5160,#5148,#1711,.T.);
#7185=EDGE_CURVE('',#5147,#5148,#1715,.T.);
#7187=EDGE_CURVE('',#5158,#5147,#1719,.T.);
#7198=EDGE_CURVE('',#5148,#5156,#1707,.T.);
#7211=EDGE_CURVE('',#5147,#5152,#1723,.T.);
#7236=EDGE_CURVE('',#5144,#5132,#1731,.T.);
#7238=EDGE_CURVE('',#5131,#5132,#1735,.T.);
#7240=EDGE_CURVE('',#5142,#5131,#1739,.T.);
#7251=EDGE_CURVE('',#5132,#5140,#1727,.T.);
#7264=EDGE_CURVE('',#5131,#5136,#1743,.T.);
#7289=EDGE_CURVE('',#5128,#5116,#1751,.T.);
#7291=EDGE_CURVE('',#5115,#5116,#1755,.T.);
#7293=EDGE_CURVE('',#5126,#5115,#1759,.T.);
#7304=EDGE_CURVE('',#5116,#5124,#1747,.T.);
#7317=EDGE_CURVE('',#5115,#5120,#1763,.T.);
#7342=EDGE_CURVE('',#4466,#4454,#1771,.T.);
#7344=EDGE_CURVE('',#4453,#4454,#1775,.T.);
#7346=EDGE_CURVE('',#4464,#4453,#1779,.T.);
#7357=EDGE_CURVE('',#4454,#4462,#1767,.T.);
#7370=EDGE_CURVE('',#4453,#4458,#1783,.T.);
#7395=EDGE_CURVE('',#4450,#4438,#1791,.T.);
#7397=EDGE_CURVE('',#4437,#4438,#1795,.T.);
#7399=EDGE_CURVE('',#4448,#4437,#1799,.T.);
#7410=EDGE_CURVE('',#4438,#4446,#1787,.T.);
#7423=EDGE_CURVE('',#4437,#4442,#1803,.T.);
#7448=EDGE_CURVE('',#4434,#4422,#1811,.T.);
#7450=EDGE_CURVE('',#4421,#4422,#1815,.T.);
#7452=EDGE_CURVE('',#4432,#4421,#1819,.T.);
#7463=EDGE_CURVE('',#4422,#4430,#1807,.T.);
#7476=EDGE_CURVE('',#4421,#4426,#1823,.T.);
#7501=EDGE_CURVE('',#4418,#4406,#1831,.T.);
#7503=EDGE_CURVE('',#4405,#4406,#1835,.T.);
#7505=EDGE_CURVE('',#4416,#4405,#1839,.T.);
#7516=EDGE_CURVE('',#4406,#4414,#1827,.T.);
#7529=EDGE_CURVE('',#4405,#4410,#1843,.T.);
#7554=EDGE_CURVE('',#4338,#4326,#1851,.T.);
#7556=EDGE_CURVE('',#4325,#4326,#1855,.T.);
#7558=EDGE_CURVE('',#4336,#4325,#1859,.T.);
#7569=EDGE_CURVE('',#4326,#4334,#1847,.T.);
#7582=EDGE_CURVE('',#4325,#4330,#1863,.T.);
#7607=EDGE_CURVE('',#4370,#4358,#1871,.T.);
#7609=EDGE_CURVE('',#4357,#4358,#1875,.T.);
#7611=EDGE_CURVE('',#4368,#4357,#1879,.T.);
#7622=EDGE_CURVE('',#4358,#4366,#1867,.T.);
#7635=EDGE_CURVE('',#4357,#4362,#1883,.T.);
#7660=EDGE_CURVE('',#4386,#4374,#1891,.T.);
#7662=EDGE_CURVE('',#4373,#4374,#1895,.T.);
#7664=EDGE_CURVE('',#4384,#4373,#1899,.T.);
#7675=EDGE_CURVE('',#4374,#4382,#1887,.T.);
#7688=EDGE_CURVE('',#4373,#4378,#1903,.T.);
#7713=EDGE_CURVE('',#4402,#4390,#1911,.T.);
#7715=EDGE_CURVE('',#4389,#4390,#1915,.T.);
#7717=EDGE_CURVE('',#4400,#4389,#1919,.T.);
#7728=EDGE_CURVE('',#4390,#4398,#1907,.T.);
#7741=EDGE_CURVE('',#4389,#4394,#1923,.T.);
#7766=EDGE_CURVE('',#5064,#5052,#1931,.T.);
#7768=EDGE_CURVE('',#5051,#5052,#1935,.T.);
#7770=EDGE_CURVE('',#5062,#5051,#1939,.T.);
#7781=EDGE_CURVE('',#5052,#5060,#1927,.T.);
#7794=EDGE_CURVE('',#5051,#5056,#1943,.T.);
#7819=EDGE_CURVE('',#5080,#5068,#1951,.T.);
#7821=EDGE_CURVE('',#5067,#5068,#1955,.T.);
#7823=EDGE_CURVE('',#5078,#5067,#1959,.T.);
#7834=EDGE_CURVE('',#5068,#5076,#1947,.T.);
#7847=EDGE_CURVE('',#5067,#5072,#1963,.T.);
#7872=EDGE_CURVE('',#5096,#5084,#1971,.T.);
#7874=EDGE_CURVE('',#5083,#5084,#1975,.T.);
#7876=EDGE_CURVE('',#5094,#5083,#1979,.T.);
#7887=EDGE_CURVE('',#5084,#5092,#1967,.T.);
#7900=EDGE_CURVE('',#5083,#5088,#1983,.T.);
#7925=EDGE_CURVE('',#5112,#5100,#1991,.T.);
#7927=EDGE_CURVE('',#5099,#5100,#1995,.T.);
#7929=EDGE_CURVE('',#5110,#5099,#1999,.T.);
#7940=EDGE_CURVE('',#5100,#5108,#1987,.T.);
#7953=EDGE_CURVE('',#5099,#5104,#2003,.T.);
#7979=EDGE_CURVE('',#4088,#4178,#2015,.T.);
#7987=EDGE_CURVE('',#4124,#4481,#2079,.T.);
#8000=EDGE_CURVE('',#4087,#4173,#2039,.T.);
#8011=EDGE_CURVE('',#4478,#4157,#2071,.T.);
#8027=EDGE_CURVE('',#4168,#4477,#2063,.T.);
#8071=EDGE_CURVE('',#5285,#5286,#2104,.T.);
#8073=EDGE_CURVE('',#5285,#5288,#2108,.T.);
#8075=EDGE_CURVE('',#5288,#5290,#2112,.T.);
#8077=EDGE_CURVE('',#5290,#5292,#2116,.T.);
#8079=EDGE_CURVE('',#5292,#5294,#2120,.T.);
#8081=EDGE_CURVE('',#5294,#5296,#2124,.T.);
#8083=EDGE_CURVE('',#5296,#5298,#2128,.T.);
#8085=EDGE_CURVE('',#5298,#5300,#2132,.T.);
#8087=EDGE_CURVE('',#5300,#5302,#2136,.T.);
#8089=EDGE_CURVE('',#5302,#5304,#2140,.T.);
#8091=EDGE_CURVE('',#5304,#5306,#2144,.T.);
#8093=EDGE_CURVE('',#5306,#5308,#2148,.T.);
#8095=EDGE_CURVE('',#5308,#5310,#2152,.T.);
#8097=EDGE_CURVE('',#5310,#5312,#2156,.T.);
#8099=EDGE_CURVE('',#5312,#5314,#2160,.T.);
#8101=EDGE_CURVE('',#5314,#5316,#2164,.T.);
#8103=EDGE_CURVE('',#5316,#5318,#2168,.T.);
#8105=EDGE_CURVE('',#5318,#5320,#2172,.T.);
#8107=EDGE_CURVE('',#5320,#5322,#2176,.T.);
#8109=EDGE_CURVE('',#5322,#5324,#2180,.T.);
#8111=EDGE_CURVE('',#5324,#5326,#2184,.T.);
#8113=EDGE_CURVE('',#5326,#5328,#2188,.T.);
#8115=EDGE_CURVE('',#5328,#5330,#2192,.T.);
#8117=EDGE_CURVE('',#5330,#5332,#2196,.T.);
#8119=EDGE_CURVE('',#5332,#5334,#2200,.T.);
#8121=EDGE_CURVE('',#5334,#5336,#2204,.T.);
#8123=EDGE_CURVE('',#5336,#5338,#2208,.T.);
#8125=EDGE_CURVE('',#5338,#5340,#2212,.T.);
#8127=EDGE_CURVE('',#5340,#5342,#2216,.T.);
#8129=EDGE_CURVE('',#5342,#5344,#2220,.T.);
#8131=EDGE_CURVE('',#5344,#5346,#2224,.T.);
#8133=EDGE_CURVE('',#5346,#5348,#2229,.T.);
#8135=EDGE_CURVE('',#5348,#5350,#2233,.T.);
#8137=EDGE_CURVE('',#5350,#5352,#2237,.T.);
#8139=EDGE_CURVE('',#5352,#5354,#2241,.T.);
#8141=EDGE_CURVE('',#5354,#5356,#2245,.T.);
#8143=EDGE_CURVE('',#5356,#5358,#2250,.T.);
#8145=EDGE_CURVE('',#5358,#5360,#2254,.T.);
#8147=EDGE_CURVE('',#5360,#5362,#2258,.T.);
#8149=EDGE_CURVE('',#5362,#5364,#2262,.T.);
#8151=EDGE_CURVE('',#5364,#5366,#2266,.T.);
#8153=EDGE_CURVE('',#5368,#5366,#2271,.T.);
#8155=EDGE_CURVE('',#5368,#5370,#2275,.T.);
#8157=EDGE_CURVE('',#5370,#5372,#2279,.T.);
#8159=EDGE_CURVE('',#5372,#5286,#2283,.T.);
#8170=EDGE_CURVE('',#5286,#5195,#2287,.T.);
#8172=EDGE_CURVE('',#5195,#5196,#2468,.T.);
#8174=EDGE_CURVE('',#5285,#5196,#2463,.T.);
#8185=EDGE_CURVE('',#5372,#5282,#2291,.T.);
#8187=EDGE_CURVE('',#5282,#5195,#2472,.T.);
#8199=EDGE_CURVE('',#5370,#5280,#2295,.T.);
#8201=EDGE_CURVE('',#5280,#5282,#2476,.T.);
#8213=EDGE_CURVE('',#5368,#5278,#2299,.T.);
#8215=EDGE_CURVE('',#5278,#5280,#2480,.T.);
#8227=EDGE_CURVE('',#5366,#5276,#2303,.T.);
#8229=EDGE_CURVE('',#5276,#5278,#2485,.T.);
#8241=EDGE_CURVE('',#5364,#5274,#2307,.T.);
#8243=EDGE_CURVE('',#5274,#5276,#2489,.T.);
#8255=EDGE_CURVE('',#5362,#5272,#2311,.T.);
#8257=EDGE_CURVE('',#5272,#5274,#2493,.T.);
#8269=EDGE_CURVE('',#5360,#5270,#2315,.T.);
#8271=EDGE_CURVE('',#5270,#5272,#2497,.T.);
#8283=EDGE_CURVE('',#5358,#5268,#2319,.T.);
#8285=EDGE_CURVE('',#5268,#5270,#2501,.T.);
#8297=EDGE_CURVE('',#5356,#5266,#2323,.T.);
#8299=EDGE_CURVE('',#5266,#5268,#2506,.T.);
#8311=EDGE_CURVE('',#5354,#5264,#2327,.T.);
#8313=EDGE_CURVE('',#5264,#5266,#2510,.T.);
#8325=EDGE_CURVE('',#5352,#5262,#2331,.T.);
#8327=EDGE_CURVE('',#5262,#5264,#2514,.T.);
#8339=EDGE_CURVE('',#5350,#5260,#2335,.T.);
#8341=EDGE_CURVE('',#5260,#5262,#2518,.T.);
#8353=EDGE_CURVE('',#5348,#5258,#2339,.T.);
#8355=EDGE_CURVE('',#5258,#5260,#2522,.T.);
#8367=EDGE_CURVE('',#5346,#5256,#2343,.T.);
#8369=EDGE_CURVE('',#5256,#5258,#2527,.T.);
#8381=EDGE_CURVE('',#5344,#5254,#2347,.T.);
#8383=EDGE_CURVE('',#5254,#5256,#2531,.T.);
#8395=EDGE_CURVE('',#5342,#5252,#2351,.T.);
#8397=EDGE_CURVE('',#5252,#5254,#2535,.T.);
#8409=EDGE_CURVE('',#5340,#5250,#2355,.T.);
#8411=EDGE_CURVE('',#5250,#5252,#2539,.T.);
#8423=EDGE_CURVE('',#5338,#5248,#2359,.T.);
#8425=EDGE_CURVE('',#5248,#5250,#2543,.T.);
#8437=EDGE_CURVE('',#5336,#5246,#2363,.T.);
#8439=EDGE_CURVE('',#5246,#5248,#2547,.T.);
#8451=EDGE_CURVE('',#5334,#5244,#2367,.T.);
#8453=EDGE_CURVE('',#5244,#5246,#2551,.T.);
#8465=EDGE_CURVE('',#5332,#5242,#2371,.T.);
#8467=EDGE_CURVE('',#5242,#5244,#2555,.T.);
#8479=EDGE_CURVE('',#5330,#5240,#2375,.T.);
#8481=EDGE_CURVE('',#5240,#5242,#2559,.T.);
#8493=EDGE_CURVE('',#5328,#5238,#2379,.T.);
#8495=EDGE_CURVE('',#5238,#5240,#2563,.T.);
#8507=EDGE_CURVE('',#5326,#5236,#2383,.T.);
#8509=EDGE_CURVE('',#5236,#5238,#2567,.T.);
#8521=EDGE_CURVE('',#5324,#5234,#2387,.T.);
#8523=EDGE_CURVE('',#5234,#5236,#2571,.T.);
#8535=EDGE_CURVE('',#5322,#5232,#2391,.T.);
#8537=EDGE_CURVE('',#5232,#5234,#2575,.T.);
#8549=EDGE_CURVE('',#5320,#5230,#2395,.T.);
#8551=EDGE_CURVE('',#5230,#5232,#2579,.T.);
#8563=EDGE_CURVE('',#5318,#5228,#2399,.T.);
#8565=EDGE_CURVE('',#5228,#5230,#2583,.T.);
#8577=EDGE_CURVE('',#5316,#5226,#2403,.T.);
#8579=EDGE_CURVE('',#5226,#5228,#2587,.T.);
#8591=EDGE_CURVE('',#5314,#5224,#2407,.T.);
#8593=EDGE_CURVE('',#5224,#5226,#2591,.T.);
#8605=EDGE_CURVE('',#5312,#5222,#2411,.T.);
#8607=EDGE_CURVE('',#5222,#5224,#2595,.T.);
#8619=EDGE_CURVE('',#5310,#5220,#2415,.T.);
#8621=EDGE_CURVE('',#5220,#5222,#2599,.T.);
#8633=EDGE_CURVE('',#5308,#5218,#2419,.T.);
#8635=EDGE_CURVE('',#5218,#5220,#2603,.T.);
#8647=EDGE_CURVE('',#5306,#5216,#2423,.T.);
#8649=EDGE_CURVE('',#5216,#5218,#2607,.T.);
#8661=EDGE_CURVE('',#5304,#5214,#2427,.T.);
#8663=EDGE_CURVE('',#5214,#5216,#2611,.T.);
#8675=EDGE_CURVE('',#5302,#5212,#2431,.T.);
#8677=EDGE_CURVE('',#5212,#5214,#2615,.T.);
#8689=EDGE_CURVE('',#5300,#5210,#2435,.T.);
#8691=EDGE_CURVE('',#5210,#5212,#2619,.T.);
#8703=EDGE_CURVE('',#5298,#5208,#2439,.T.);
#8705=EDGE_CURVE('',#5208,#5210,#2623,.T.);
#8717=EDGE_CURVE('',#5296,#5206,#2443,.T.);
#8719=EDGE_CURVE('',#5206,#5208,#2627,.T.);
#8731=EDGE_CURVE('',#5294,#5204,#2447,.T.);
#8733=EDGE_CURVE('',#5204,#5206,#2631,.T.);
#8745=EDGE_CURVE('',#5292,#5202,#2451,.T.);
#8747=EDGE_CURVE('',#5202,#5204,#2635,.T.);
#8759=EDGE_CURVE('',#5290,#5200,#2455,.T.);
#8761=EDGE_CURVE('',#5200,#5202,#2639,.T.);
#8773=EDGE_CURVE('',#5288,#5198,#2459,.T.);
#8775=EDGE_CURVE('',#5198,#5200,#2643,.T.);
#8788=EDGE_CURVE('',#5196,#5198,#2647,.T.);
#8864=EDGE_CURVE('',#4634,#4646,#2656,.T.);
#8866=EDGE_CURVE('',#4182,#4646,#2724,.T.);
#8881=EDGE_CURVE('',#4630,#4656,#2672,.T.);
#8895=EDGE_CURVE('',#4644,#4200,#2716,.T.);
#8897=EDGE_CURVE('',#4632,#4644,#2676,.T.);
#8900=EDGE_CURVE('',#4628,#4654,#2684,.T.);
#8910=EDGE_CURVE('',#4606,#4591,#2688,.T.);
#8913=EDGE_CURVE('',#4641,#4642,#2744,.T.);
#8915=EDGE_CURVE('',#4646,#4641,#2720,.T.);
#8929=EDGE_CURVE('',#4608,#4592,#2692,.T.);
#8942=EDGE_CURVE('',#4624,#4594,#2696,.T.);
#8955=EDGE_CURVE('',#4626,#4585,#2700,.T.);
#8966=EDGE_CURVE('',#4602,#4586,#2704,.T.);
#8981=EDGE_CURVE('',#4604,#4588,#2708,.T.);
#8995=EDGE_CURVE('',#4644,#4637,#2712,.T.);
#8997=EDGE_CURVE('',#4637,#4638,#2728,.T.);
#9011=EDGE_CURVE('',#4637,#4196,#2732,.T.);
#9022=EDGE_CURVE('',#4188,#4641,#2748,.T.);
#9060=EDGE_CURVE('',#4610,#4598,#2752,.T.);
#9076=EDGE_CURVE('',#4622,#4597,#2756,.T.);
#9087=EDGE_CURVE('',#4620,#4614,#2760,.T.);
#9100=EDGE_CURVE('',#4618,#4612,#2764,.T.);
#9113=EDGE_CURVE('',#4616,#4582,#2768,.T.);
#9126=EDGE_CURVE('',#4600,#4580,#2772,.T.);
#9154=EDGE_CURVE('',#4210,#4117,#2784,.T.);
#9167=EDGE_CURVE('',#4114,#4109,#2792,.T.);
#9214=EDGE_CURVE('',#4664,#4755,#2821,.T.);
#9216=EDGE_CURVE('',#4740,#4755,#2849,.T.);
#9219=EDGE_CURVE('',#4684,#4739,#2866,.T.);
#9221=EDGE_CURVE('',#4683,#4684,#2813,.T.);
#9223=EDGE_CURVE('',#4672,#4683,#2906,.T.);
#9225=EDGE_CURVE('',#4672,#4664,#2948,.T.);
#9235=EDGE_CURVE('',#4755,#4756,#2817,.T.);
#9238=EDGE_CURVE('',#4663,#4664,#2825,.T.);
#9240=EDGE_CURVE('',#4663,#4756,#2829,.T.);
#9250=EDGE_CURVE('',#4759,#4760,#2833,.T.);
#9252=EDGE_CURVE('',#4660,#4759,#2837,.T.);
#9254=EDGE_CURVE('',#4659,#4660,#2841,.T.);
#9256=EDGE_CURVE('',#4659,#4760,#2845,.T.);
#9269=EDGE_CURVE('',#4742,#4756,#2853,.T.);
#9279=EDGE_CURVE('',#4744,#4686,#2870,.T.);
#9284=EDGE_CURVE('',#4663,#4671,#2857,.T.);
#9286=EDGE_CURVE('',#4671,#4688,#2898,.T.);
#9288=EDGE_CURVE('',#4686,#4688,#2862,.T.);
#9301=EDGE_CURVE('',#4686,#4684,#2874,.T.);
#9314=EDGE_CURVE('',#4688,#4683,#2894,.T.);
#9324=EDGE_CURVE('',#4680,#4675,#2878,.T.);
#9326=EDGE_CURVE('',#4667,#4680,#2882,.T.);
#9328=EDGE_CURVE('',#4667,#4668,#2886,.T.);
#9330=EDGE_CURVE('',#4668,#4675,#2890,.T.);
#9342=EDGE_CURVE('',#4671,#4672,#2902,.T.);
#9353=EDGE_CURVE('',#4675,#4676,#2915,.T.);
#9355=EDGE_CURVE('',#4678,#4676,#2940,.T.);
#9357=EDGE_CURVE('',#4678,#4680,#2936,.T.);
#9369=EDGE_CURVE('',#4750,#4759,#2919,.T.);
#9372=EDGE_CURVE('',#4748,#4676,#2910,.T.);
#9376=EDGE_CURVE('',#4668,#4660,#2944,.T.);
#9389=EDGE_CURVE('',#4752,#4760,#2927,.T.);
#9399=EDGE_CURVE('',#4678,#4747,#2923,.T.);
#9404=EDGE_CURVE('',#4659,#4667,#2931,.T.);
#9452=EDGE_CURVE('',#4266,#4763,#2965,.T.);
#9454=EDGE_CURVE('',#4772,#4763,#2993,.T.);
#9457=EDGE_CURVE('',#4700,#4771,#3014,.T.);
#9459=EDGE_CURVE('',#4699,#4700,#2953,.T.);
#9461=EDGE_CURVE('',#4699,#4274,#2957,.T.);
#9463=EDGE_CURVE('',#4274,#4266,#3088,.T.);
#9473=EDGE_CURVE('',#4763,#4764,#2961,.T.);
#9476=EDGE_CURVE('',#4265,#4266,#2969,.T.);
#9478=EDGE_CURVE('',#4265,#4764,#2973,.T.);
#9488=EDGE_CURVE('',#4767,#4768,#2977,.T.);
#9490=EDGE_CURVE('',#4262,#4767,#2981,.T.);
#9492=EDGE_CURVE('',#4261,#4262,#2985,.T.);
#9494=EDGE_CURVE('',#4261,#4768,#2989,.T.);
#9505=EDGE_CURVE('',#4774,#4764,#2997,.T.);
#9517=EDGE_CURVE('',#4776,#4702,#3018,.T.);
#9522=EDGE_CURVE('',#4265,#4273,#3001,.T.);
#9524=EDGE_CURVE('',#4273,#4704,#3005,.T.);
#9526=EDGE_CURVE('',#4702,#4704,#3010,.T.);
#9539=EDGE_CURVE('',#4702,#4700,#3022,.T.);
#9552=EDGE_CURVE('',#4704,#4699,#3034,.T.);
#9562=EDGE_CURVE('',#4696,#4691,#3026,.T.);
#9564=EDGE_CURVE('',#4269,#4696,#3071,.T.);
#9566=EDGE_CURVE('',#4269,#4270,#3030,.T.);
#9568=EDGE_CURVE('',#4691,#4270,#3051,.T.);
#9580=EDGE_CURVE('',#4273,#4274,#3038,.T.);
#9591=EDGE_CURVE('',#4691,#4692,#3047,.T.);
#9593=EDGE_CURVE('',#4694,#4692,#3080,.T.);
#9595=EDGE_CURVE('',#4694,#4696,#3076,.T.);
#9607=EDGE_CURVE('',#4782,#4767,#3055,.T.);
#9610=EDGE_CURVE('',#4780,#4692,#3042,.T.);
#9614=EDGE_CURVE('',#4270,#4262,#3084,.T.);
#9625=EDGE_CURVE('',#4784,#4768,#3063,.T.);
#9637=EDGE_CURVE('',#4694,#4779,#3059,.T.);
#9642=EDGE_CURVE('',#4261,#4269,#3067,.T.);
#9690=EDGE_CURVE('',#4250,#4787,#3105,.T.);
#9692=EDGE_CURVE('',#4796,#4787,#3133,.T.);
#9695=EDGE_CURVE('',#4716,#4795,#3154,.T.);
#9697=EDGE_CURVE('',#4715,#4716,#3093,.T.);
#9699=EDGE_CURVE('',#4715,#4258,#3097,.T.);
#9701=EDGE_CURVE('',#4258,#4250,#3228,.T.);
#9711=EDGE_CURVE('',#4787,#4788,#3101,.T.);
#9714=EDGE_CURVE('',#4249,#4250,#3109,.T.);
#9716=EDGE_CURVE('',#4249,#4788,#3113,.T.);
#9726=EDGE_CURVE('',#4791,#4792,#3117,.T.);
#9728=EDGE_CURVE('',#4246,#4791,#3121,.T.);
#9730=EDGE_CURVE('',#4245,#4246,#3125,.T.);
#9732=EDGE_CURVE('',#4245,#4792,#3129,.T.);
#9743=EDGE_CURVE('',#4798,#4788,#3137,.T.);
#9755=EDGE_CURVE('',#4800,#4718,#3158,.T.);
#9760=EDGE_CURVE('',#4249,#4257,#3141,.T.);
#9762=EDGE_CURVE('',#4257,#4720,#3145,.T.);
#9764=EDGE_CURVE('',#4718,#4720,#3150,.T.);
#9777=EDGE_CURVE('',#4718,#4716,#3162,.T.);
#9790=EDGE_CURVE('',#4720,#4715,#3174,.T.);
#9800=EDGE_CURVE('',#4712,#4707,#3166,.T.);
#9802=EDGE_CURVE('',#4253,#4712,#3211,.T.);
#9804=EDGE_CURVE('',#4253,#4254,#3170,.T.);
#9806=EDGE_CURVE('',#4707,#4254,#3191,.T.);
#9818=EDGE_CURVE('',#4257,#4258,#3178,.T.);
#9829=EDGE_CURVE('',#4707,#4708,#3187,.T.);
#9831=EDGE_CURVE('',#4710,#4708,#3220,.T.);
#9833=EDGE_CURVE('',#4710,#4712,#3216,.T.);
#9845=EDGE_CURVE('',#4806,#4791,#3195,.T.);
#9848=EDGE_CURVE('',#4804,#4708,#3182,.T.);
#9852=EDGE_CURVE('',#4254,#4246,#3224,.T.);
#9863=EDGE_CURVE('',#4808,#4792,#3203,.T.);
#9875=EDGE_CURVE('',#4710,#4803,#3199,.T.);
#9880=EDGE_CURVE('',#4245,#4253,#3207,.T.);
#9928=EDGE_CURVE('',#4234,#4811,#3245,.T.);
#9930=EDGE_CURVE('',#4820,#4811,#3273,.T.);
#9933=EDGE_CURVE('',#4732,#4819,#3294,.T.);
#9935=EDGE_CURVE('',#4731,#4732,#3233,.T.);
#9937=EDGE_CURVE('',#4731,#4242,#3237,.T.);
#9939=EDGE_CURVE('',#4242,#4234,#3368,.T.);
#9949=EDGE_CURVE('',#4811,#4812,#3241,.T.);
#9952=EDGE_CURVE('',#4233,#4234,#3249,.T.);
#9954=EDGE_CURVE('',#4233,#4812,#3253,.T.);
#9964=EDGE_CURVE('',#4815,#4816,#3257,.T.);
#9966=EDGE_CURVE('',#4230,#4815,#3261,.T.);
#9968=EDGE_CURVE('',#4229,#4230,#3265,.T.);
#9970=EDGE_CURVE('',#4229,#4816,#3269,.T.);
#9981=EDGE_CURVE('',#4822,#4812,#3277,.T.);
#9993=EDGE_CURVE('',#4824,#4734,#3298,.T.);
#9998=EDGE_CURVE('',#4233,#4241,#3281,.T.);
#10000=EDGE_CURVE('',#4241,#4736,#3285,.T.);
#10002=EDGE_CURVE('',#4734,#4736,#3290,.T.);
#10015=EDGE_CURVE('',#4734,#4732,#3302,.T.);
#10028=EDGE_CURVE('',#4736,#4731,#3314,.T.);
#10038=EDGE_CURVE('',#4728,#4723,#3306,.T.);
#10040=EDGE_CURVE('',#4237,#4728,#3351,.T.);
#10042=EDGE_CURVE('',#4237,#4238,#3310,.T.);
#10044=EDGE_CURVE('',#4723,#4238,#3331,.T.);
#10056=EDGE_CURVE('',#4241,#4242,#3318,.T.);
#10067=EDGE_CURVE('',#4723,#4724,#3327,.T.);
#10069=EDGE_CURVE('',#4726,#4724,#3360,.T.);
#10071=EDGE_CURVE('',#4726,#4728,#3356,.T.);
#10083=EDGE_CURVE('',#4830,#4815,#3335,.T.);
#10086=EDGE_CURVE('',#4828,#4724,#3322,.T.);
#10090=EDGE_CURVE('',#4238,#4230,#3364,.T.);
#10101=EDGE_CURVE('',#4832,#4816,#3343,.T.);
#10113=EDGE_CURVE('',#4726,#4827,#3339,.T.);
#10118=EDGE_CURVE('',#4229,#4237,#3347,.T.);
#10166=EDGE_CURVE('',#4218,#4835,#3385,.T.);
#10168=EDGE_CURVE('',#4844,#4835,#3413,.T.);
#10171=EDGE_CURVE('',#5044,#4843,#3434,.T.);
#10173=EDGE_CURVE('',#5043,#5044,#3373,.T.);
#10175=EDGE_CURVE('',#5043,#4226,#3377,.T.);
#10177=EDGE_CURVE('',#4226,#4218,#3508,.T.);
#10187=EDGE_CURVE('',#4835,#4836,#3381,.T.);
#10190=EDGE_CURVE('',#4217,#4218,#3389,.T.);
#10192=EDGE_CURVE('',#4217,#4836,#3393,.T.);
#10202=EDGE_CURVE('',#4839,#4840,#3397,.T.);
#10204=EDGE_CURVE('',#4214,#4839,#3401,.T.);
#10206=EDGE_CURVE('',#4213,#4214,#3405,.T.);
#10208=EDGE_CURVE('',#4213,#4840,#3409,.T.);
#10219=EDGE_CURVE('',#4846,#4836,#3417,.T.);
#10231=EDGE_CURVE('',#4848,#5046,#3438,.T.);
#10236=EDGE_CURVE('',#4217,#4225,#3421,.T.);
#10238=EDGE_CURVE('',#4225,#5048,#3425,.T.);
#10240=EDGE_CURVE('',#5046,#5048,#3430,.T.);
#10253=EDGE_CURVE('',#5046,#5044,#3442,.T.);
#10266=EDGE_CURVE('',#5048,#5043,#3454,.T.);
#10276=EDGE_CURVE('',#5040,#5035,#3446,.T.);
#10278=EDGE_CURVE('',#4221,#5040,#3491,.T.);
#10280=EDGE_CURVE('',#4221,#4222,#3450,.T.);
#10282=EDGE_CURVE('',#5035,#4222,#3471,.T.);
#10294=EDGE_CURVE('',#4225,#4226,#3458,.T.);
#10305=EDGE_CURVE('',#5035,#5036,#3467,.T.);
#10307=EDGE_CURVE('',#5038,#5036,#3500,.T.);
#10309=EDGE_CURVE('',#5038,#5040,#3496,.T.);
#10321=EDGE_CURVE('',#4854,#4839,#3475,.T.);
#10324=EDGE_CURVE('',#4852,#5036,#3462,.T.);
#10328=EDGE_CURVE('',#4222,#4214,#3504,.T.);
#10339=EDGE_CURVE('',#4856,#4840,#3483,.T.);
#10351=EDGE_CURVE('',#5038,#4851,#3479,.T.);
#10356=EDGE_CURVE('',#4213,#4221,#3487,.T.);
#10404=EDGE_CURVE('',#4282,#4859,#3525,.T.);
#10406=EDGE_CURVE('',#4868,#4859,#3553,.T.);
#10409=EDGE_CURVE('',#5028,#4867,#3574,.T.);
#10411=EDGE_CURVE('',#5027,#5028,#3513,.T.);
#10413=EDGE_CURVE('',#5027,#4290,#3517,.T.);
#10415=EDGE_CURVE('',#4290,#4282,#3648,.T.);
#10425=EDGE_CURVE('',#4859,#4860,#3521,.T.);
#10428=EDGE_CURVE('',#4281,#4282,#3529,.T.);
#10430=EDGE_CURVE('',#4281,#4860,#3533,.T.);
#10440=EDGE_CURVE('',#4863,#4864,#3537,.T.);
#10442=EDGE_CURVE('',#4278,#4863,#3541,.T.);
#10444=EDGE_CURVE('',#4277,#4278,#3545,.T.);
#10446=EDGE_CURVE('',#4277,#4864,#3549,.T.);
#10457=EDGE_CURVE('',#4870,#4860,#3557,.T.);
#10469=EDGE_CURVE('',#4872,#5030,#3578,.T.);
#10474=EDGE_CURVE('',#4281,#4289,#3561,.T.);
#10476=EDGE_CURVE('',#4289,#5032,#3565,.T.);
#10478=EDGE_CURVE('',#5030,#5032,#3570,.T.);
#10491=EDGE_CURVE('',#5030,#5028,#3582,.T.);
#10504=EDGE_CURVE('',#5032,#5027,#3594,.T.);
#10514=EDGE_CURVE('',#5024,#5019,#3586,.T.);
#10516=EDGE_CURVE('',#4285,#5024,#3631,.T.);
#10518=EDGE_CURVE('',#4285,#4286,#3590,.T.);
#10520=EDGE_CURVE('',#5019,#4286,#3611,.T.);
#10532=EDGE_CURVE('',#4289,#4290,#3598,.T.);
#10543=EDGE_CURVE('',#5019,#5020,#3607,.T.);
#10545=EDGE_CURVE('',#5022,#5020,#3640,.T.);
#10547=EDGE_CURVE('',#5022,#5024,#3636,.T.);
#10559=EDGE_CURVE('',#4878,#4863,#3615,.T.);
#10562=EDGE_CURVE('',#4876,#5020,#3602,.T.);
#10566=EDGE_CURVE('',#4286,#4278,#3644,.T.);
#10577=EDGE_CURVE('',#4880,#4864,#3623,.T.);
#10589=EDGE_CURVE('',#5022,#4875,#3619,.T.);
#10594=EDGE_CURVE('',#4277,#4285,#3627,.T.);
#10642=EDGE_CURVE('',#4298,#4883,#3665,.T.);
#10644=EDGE_CURVE('',#4892,#4883,#3693,.T.);
#10647=EDGE_CURVE('',#5012,#4891,#3714,.T.);
#10649=EDGE_CURVE('',#5011,#5012,#3653,.T.);
#10651=EDGE_CURVE('',#5011,#4306,#3657,.T.);
#10653=EDGE_CURVE('',#4306,#4298,#3788,.T.);
#10663=EDGE_CURVE('',#4883,#4884,#3661,.T.);
#10666=EDGE_CURVE('',#4297,#4298,#3669,.T.);
#10668=EDGE_CURVE('',#4297,#4884,#3673,.T.);
#10678=EDGE_CURVE('',#4887,#4888,#3677,.T.);
#10680=EDGE_CURVE('',#4294,#4887,#3681,.T.);
#10682=EDGE_CURVE('',#4293,#4294,#3685,.T.);
#10684=EDGE_CURVE('',#4293,#4888,#3689,.T.);
#10695=EDGE_CURVE('',#4894,#4884,#3697,.T.);
#10707=EDGE_CURVE('',#4896,#5014,#3718,.T.);
#10712=EDGE_CURVE('',#4297,#4305,#3701,.T.);
#10714=EDGE_CURVE('',#4305,#5016,#3705,.T.);
#10716=EDGE_CURVE('',#5014,#5016,#3710,.T.);
#10729=EDGE_CURVE('',#5014,#5012,#3722,.T.);
#10742=EDGE_CURVE('',#5016,#5011,#3734,.T.);
#10752=EDGE_CURVE('',#5008,#5003,#3726,.T.);
#10754=EDGE_CURVE('',#4301,#5008,#3771,.T.);
#10756=EDGE_CURVE('',#4301,#4302,#3730,.T.);
#10758=EDGE_CURVE('',#5003,#4302,#3751,.T.);
#10770=EDGE_CURVE('',#4305,#4306,#3738,.T.);
#10781=EDGE_CURVE('',#5003,#5004,#3747,.T.);
#10783=EDGE_CURVE('',#5006,#5004,#3780,.T.);
#10785=EDGE_CURVE('',#5006,#5008,#3776,.T.);
#10797=EDGE_CURVE('',#4902,#4887,#3755,.T.);
#10800=EDGE_CURVE('',#4900,#5004,#3742,.T.);
#10804=EDGE_CURVE('',#4302,#4294,#3784,.T.);
#10815=EDGE_CURVE('',#4904,#4888,#3763,.T.);
#10827=EDGE_CURVE('',#5006,#4899,#3759,.T.);
#10832=EDGE_CURVE('',#4293,#4301,#3767,.T.);
#10880=EDGE_CURVE('',#4314,#4907,#3805,.T.);
#10882=EDGE_CURVE('',#4916,#4907,#3833,.T.);
#10885=EDGE_CURVE('',#4996,#4915,#3854,.T.);
#10887=EDGE_CURVE('',#4995,#4996,#3793,.T.);
#10889=EDGE_CURVE('',#4995,#4322,#3797,.T.);
#10891=EDGE_CURVE('',#4322,#4314,#3928,.T.);
#10901=EDGE_CURVE('',#4907,#4908,#3801,.T.);
#10904=EDGE_CURVE('',#4313,#4314,#3809,.T.);
#10906=EDGE_CURVE('',#4313,#4908,#3813,.T.);
#10916=EDGE_CURVE('',#4911,#4912,#3817,.T.);
#10918=EDGE_CURVE('',#4310,#4911,#3821,.T.);
#10920=EDGE_CURVE('',#4309,#4310,#3825,.T.);
#10922=EDGE_CURVE('',#4309,#4912,#3829,.T.);
#10933=EDGE_CURVE('',#4918,#4908,#3837,.T.);
#10945=EDGE_CURVE('',#4920,#4998,#3858,.T.);
#10950=EDGE_CURVE('',#4313,#4321,#3841,.T.);
#10952=EDGE_CURVE('',#4321,#5000,#3845,.T.);
#10954=EDGE_CURVE('',#4998,#5000,#3850,.T.);
#10967=EDGE_CURVE('',#4998,#4996,#3862,.T.);
#10980=EDGE_CURVE('',#5000,#4995,#3874,.T.);
#10990=EDGE_CURVE('',#4992,#4987,#3866,.T.);
#10992=EDGE_CURVE('',#4317,#4992,#3911,.T.);
#10994=EDGE_CURVE('',#4317,#4318,#3870,.T.);
#10996=EDGE_CURVE('',#4987,#4318,#3891,.T.);
#11008=EDGE_CURVE('',#4321,#4322,#3878,.T.);
#11019=EDGE_CURVE('',#4987,#4988,#3887,.T.);
#11021=EDGE_CURVE('',#4990,#4988,#3920,.T.);
#11023=EDGE_CURVE('',#4990,#4992,#3916,.T.);
#11035=EDGE_CURVE('',#4926,#4911,#3895,.T.);
#11038=EDGE_CURVE('',#4924,#4988,#3882,.T.);
#11042=EDGE_CURVE('',#4318,#4310,#3924,.T.);
#11053=EDGE_CURVE('',#4928,#4912,#3903,.T.);
#11065=EDGE_CURVE('',#4990,#4923,#3899,.T.);
#11070=EDGE_CURVE('',#4309,#4317,#3907,.T.);
#11118=EDGE_CURVE('',#4980,#4931,#3945,.T.);
#11120=EDGE_CURVE('',#4979,#4980,#3933,.T.);
#11122=EDGE_CURVE('',#4968,#4979,#4030,.T.);
#11124=EDGE_CURVE('',#4968,#4960,#3998,.T.);
#11126=EDGE_CURVE('',#4960,#4946,#3970,.T.);
#11128=EDGE_CURVE('',#4932,#4946,#3962,.T.);
#11139=EDGE_CURVE('',#4936,#4982,#3937,.T.);
#11141=EDGE_CURVE('',#4982,#4980,#3941,.T.);
#11153=EDGE_CURVE('',#4934,#4948,#3949,.T.);
#11155=EDGE_CURVE('',#4959,#4948,#3978,.T.);
#11157=EDGE_CURVE('',#4959,#4967,#3953,.T.);
#11159=EDGE_CURVE('',#4967,#4984,#4022,.T.);
#11161=EDGE_CURVE('',#4982,#4984,#3958,.T.);
#11175=EDGE_CURVE('',#4948,#4946,#3966,.T.);
#11188=EDGE_CURVE('',#4959,#4960,#3974,.T.);
#11199=EDGE_CURVE('',#4952,#4950,#3982,.T.);
#11201=EDGE_CURVE('',#4956,#4950,#3986,.T.);
#11203=EDGE_CURVE('',#4955,#4956,#3990,.T.);
#11205=EDGE_CURVE('',#4955,#4952,#3994,.T.);
#11217=EDGE_CURVE('',#4967,#4968,#4026,.T.);
#11228=EDGE_CURVE('',#4976,#4971,#4002,.T.);
#11230=EDGE_CURVE('',#4963,#4976,#4006,.T.);
#11232=EDGE_CURVE('',#4963,#4964,#4010,.T.);
#11234=EDGE_CURVE('',#4964,#4971,#4014,.T.);
#11244=EDGE_CURVE('',#4984,#4979,#4018,.T.);
#11257=EDGE_CURVE('',#4971,#4972,#4039,.T.);
#11259=EDGE_CURVE('',#4974,#4972,#4043,.T.);
#11261=EDGE_CURVE('',#4974,#4976,#4056,.T.);
#11272=EDGE_CURVE('',#4940,#4972,#4034,.T.);
#11276=EDGE_CURVE('',#4964,#4956,#4068,.T.);
#11279=EDGE_CURVE('',#4942,#4950,#4064,.T.);
#11290=EDGE_CURVE('',#4974,#4939,#4060,.T.);
#11303=EDGE_CURVE('',#4944,#4952,#4047,.T.);
#11306=EDGE_CURVE('',#4955,#4963,#4051,.T.);
#11353=(LENGTH_UNIT()NAMED_UNIT(*)SI_UNIT(.MILLI.,.METRE.));
#11355=(NAMED_UNIT(*)PLANE_ANGLE_UNIT()SI_UNIT($,.RADIAN.));
#11358=(NAMED_UNIT(*)SI_UNIT($,.STERADIAN.)SOLID_ANGLE_UNIT());
#11361=ADVANCED_BREP_SHAPE_REPRESENTATION('',(#11352),#11360);
#11368=PRODUCT_DEFINITION('design','',#11367,#11364);
#11369=PRODUCT_DEFINITION_SHAPE('','SHAPE FOR X05C2018XZ.',#11368);
#11370=SHAPE_DEFINITION_REPRESENTATION(#11369,#11361);
ENDSEC;
END-ISO-10303-21;
